rank,tier,score,id,name,arc_main_count,sig_appearance,sig_cover,sig_arc_main,sig_saga_breadth,sig_bio_completeness,sig_bounty,sig_devil_fruit,sig_affiliation,sig_conqueror_haki
1,S,0.9959,Monkey_D._Luffy,Monkey D. Luffy,33,1.0000,1.0000,1.0000,1.0000,1.0000,0.9725,1.0000,1.0000,1.0000
2,S,0.8862,Roronoa_Zoro,Roronoa Zoro,26,0.9646,0.7654,0.9346,1.0000,1.0000,0.9282,0.0000,0.7500,1.0000
3,S,0.8306,Sanji,Sanji,22,0.9609,0.7468,0.8892,1.0000,1.0000,0.9249,0.0000,0.7500,0.0000
4,S,0.8266,Nami,Nami,25,0.9711,0.7334,0.9239,1.0000,1.0000,0.8787,0.0000,0.7500,0.0000
5,S,0.8237,Usopp,Usopp,23,0.9586,0.7264,0.9012,1.0000,1.0000,0.8926,0.0000,0.7500,0.0000
6,S,0.8189,Nico_Robin,Nico Robin,16,0.9254,0.6502,0.8034,0.9091,1.0000,0.9203,1.0000,0.7500,0.0000
7,S,0.7476,Buggy,Buggy,5,0.6830,0.4156,0.5081,0.8182,1.0000,0.9752,1.0000,1.0000,0.0000
8,S,0.7438,Edward_Newgate,Edward Newgate,1,0.6149,0.3827,0.1966,0.7273,0.8571,0.9956,1.0000,1.0000,1.0000
9,S,0.7415,Tony_Tony_Chopper,Tony Tony Chopper,17,0.9466,0.7334,0.8196,0.9091,1.0000,0.3079,1.0000,0.7500,0.0000
10,S,0.7372,Charlotte_Linlin,Charlotte Linlin,1,0.7132,0.4156,0.1966,0.5455,1.0000,0.9894,1.0000,1.0000,1.0000
11,S,0.7314,Franky,Franky,11,0.8921,0.6289,0.7047,0.7273,1.0000,0.8820,0.0000,0.7500,0.0000
12,S,0.7307,Brook,Brook,9,0.8679,0.5922,0.6530,0.6364,1.0000,0.8807,1.0000,0.7500,0.0000
13,S,0.7224,Shanks,Shanks,0,0.5974,0.4156,0.0000,0.8182,1.0000,0.9858,0.0000,1.0000,1.0000
14,S,0.7208,Portgas_D._Ace,Portgas D. Ace,3,0.6843,0.4156,0.3931,0.9091,0.8571,0.8969,1.0000,0.5000,1.0000
15,S,0.7029,Marshall_D._Teach,Marshall D. Teach,0,0.5997,0.4156,0.0000,0.8182,1.0000,0.9852,1.0000,1.0000,0.0000
16,S,0.6989,Kaidou,Kaidou,0,0.6591,0.4441,0.0000,0.4545,1.0000,0.9916,1.0000,1.0000,1.0000
17,A,0.6958,Donquixote_Doflamingo,Donquixote Doflamingo,2,0.6989,0.3437,0.3115,0.6364,1.0000,0.8754,1.0000,0.7500,1.0000
18,A,0.6814,Monkey_D._Garp,Monkey D. Garp,2,0.6306,0.3437,0.3115,0.7273,1.0000,0.9725,0.0000,0.7500,1.0000
19,A,0.6751,Smoker,Smoker,2,0.6447,0.3827,0.3115,0.8182,1.0000,0.8926,1.0000,0.7500,0.0000
20,A,0.6636,Borsalino,Borsalino,1,0.6042,0.2961,0.1966,0.6364,1.0000,0.9725,1.0000,1.0000,0.0000
21,A,0.6633,Trafalgar_D._Water_Law,Trafalgar D. Water Law,3,0.7726,0.5121,0.3931,0.4545,1.0000,0.9725,1.0000,0.7500,0.0000
22,A,0.6621,Crocodile,Crocodile,2,0.6636,0.2961,0.3115,0.7273,1.0000,0.9536,1.0000,0.7500,0.0000
23,A,0.6593,Sakazuki,Sakazuki,2,0.5747,0.2346,0.3115,0.6364,1.0000,0.9952,1.0000,1.0000,0.0000
24,A,0.6590,Gol_D._Roger,Gol D. Roger,0,0.5265,0.1480,0.0000,0.7273,0.8571,1.0000,0.0000,1.0000,1.0000
25,A,0.6574,Jinbe,Jinbe,5,0.8171,0.4693,0.5081,0.5455,1.0000,0.9278,0.0000,0.7500,0.0000
26,A,0.6490,Boa_Hancock,Boa Hancock,3,0.6042,0.1480,0.3931,0.5455,1.0000,0.9461,1.0000,0.7500,1.0000
27,A,0.6359,Bartholomew_Kuma,Bartholomew Kuma,1,0.6325,0.2961,0.1966,0.7273,1.0000,0.8693,1.0000,0.7500,0.0000
28,A,0.6060,Koby,Koby,3,0.6042,0.2346,0.3931,0.7273,1.0000,0.8926,0.0000,0.7500,0.0000
29,A,0.5914,Sabo,Sabo,1,0.6190,0.3827,0.1966,0.4545,1.0000,0.9009,1.0000,0.7500,0.0000
30,A,0.5905,Issho,Issho,0,0.5691,0.2961,0.0000,0.3636,1.0000,0.9725,1.0000,1.0000,0.0000
31,A,0.5812,Eustass_Kid,Eustass Kid,0,0.6447,0.3827,0.0000,0.4545,1.0000,0.9725,1.0000,0.3000,1.0000
32,A,0.5810,Marco,Marco,1,0.6190,0.2346,0.1966,0.6364,1.0000,0.9377,1.0000,0.5000,0.0000
33,A,0.5630,Nefertari_Vivi,Nefertari Vivi,6,0.7183,0.4441,0.5518,0.9091,0.8571,0.0000,0.0000,0.7500,0.0000
34,A,0.5622,Emporio_Ivankov,Emporio Ivankov,2,0.6210,0.1480,0.3115,0.4545,1.0000,0.8209,1.0000,0.7500,0.0000
35,A,0.5620,Bartolomeo,Bartolomeo,1,0.6190,0.3437,0.1966,0.3636,1.0000,0.8518,1.0000,0.7500,0.0000
36,A,0.5608,Sengoku,Sengoku,1,0.5877,0.2961,0.1966,0.6364,0.8571,0.0000,1.0000,1.0000,1.0000
37,A,0.5558,Caesar_Clown,Caesar Clown,1,0.6607,0.3437,0.1966,0.4545,1.0000,0.8699,1.0000,0.5000,0.0000
38,A,0.5546,Dracule_Mihawk,Dracule Mihawk,1,0.5633,0.0000,0.1966,0.6364,0.8571,0.9805,0.0000,0.7500,0.0000
39,A,0.5513,Helmeppo,Helmeppo,3,0.5852,0.2346,0.3931,0.5455,0.8571,0.8209,0.0000,0.7500,0.0000
40,A,0.5468,Tsuru,Tsuru,0,0.5061,0.1480,0.0000,0.5455,1.0000,0.8926,1.0000,0.7500,0.0000
41,A,0.5380,Gecko_Moria,Gecko Moria,1,0.5542,0.2346,0.1966,0.3636,1.0000,0.8727,1.0000,0.7500,0.0000
42,A,0.5369,Tashigi,Tashigi,2,0.6325,0.2961,0.3115,0.7273,1.0000,0.8209,0.0000,0.3000,0.0000
43,A,0.5315,X_Drake,X Drake,0,0.5774,0.2346,0.0000,0.3636,1.0000,0.8564,1.0000,0.7500,0.0000
44,A,0.5279,Silvers_Rayleigh,Silvers Rayleigh,1,0.5877,0.2961,0.1966,0.6364,0.7143,0.0000,0.0000,1.0000,1.0000
45,A,0.5272,Charlotte_Katakuri,Charlotte Katakuri,0,0.5410,0.2346,0.0000,0.2727,1.0000,0.9260,1.0000,0.5000,1.0000
46,A,0.5243,Galdino,Galdino,2,0.5974,0.2346,0.3115,0.6364,1.0000,0.7573,1.0000,0.3000,0.0000
47,A,0.5216,Jewelry_Bonney,Jewelry Bonney,1,0.6268,0.3827,0.1966,0.4545,1.0000,0.8727,1.0000,0.3000,0.0000
48,A,0.5202,Karoo,Karoo,3,0.6190,0.3437,0.3931,0.9091,0.8571,0.0000,0.0000,0.7500,0.0000
49,A,0.5178,Sai,Sai,1,0.5800,0.2961,0.1966,0.3636,1.0000,0.8540,0.0000,0.7500,0.0000
50,A,0.5164,Jesus_Burgess,Jesus Burgess,0,0.5477,0.1480,0.0000,0.6364,1.0000,0.7492,1.0000,0.5000,0.0000
51,A,0.5161,Chinjao,Chinjao,0,0.5573,0.2346,0.0000,0.1818,1.0000,0.8962,0.0000,0.7500,1.0000
52,A,0.5115,Capone_Bege,Capone Bege,0,0.6107,0.2961,0.0000,0.3636,1.0000,0.8767,1.0000,0.5000,0.0000
53,A,0.5112,Orlumbus,Orlumbus,1,0.5104,0.2346,0.1966,0.2727,1.0000,0.8384,0.0000,1.0000,0.0000
54,A,0.5019,Aramaki,Aramaki,0,0.3333,0.0000,0.0000,0.3636,1.0000,0.9725,1.0000,1.0000,0.0000
55,A,0.5004,Jaygarcia_Saturn,Jaygarcia Saturn,1,0.5826,0.1480,0.1966,0.6364,0.1429,0.0000,0.0000,1.0000,1.0000
56,A,0.4990,Rob_Lucci,Rob Lucci,3,0.6893,0.3827,0.3931,0.5455,0.8571,0.0000,1.0000,0.7500,0.0000
57,A,0.4978,Van_Augur,Van Augur,0,0.5016,0.0000,0.0000,0.6364,1.0000,0.8010,1.0000,0.5000,0.0000
58,A,0.4972,Kuzan,Kuzan,1,0.5926,0.1480,0.1966,0.6364,0.8571,0.0000,1.0000,1.0000,0.0000
59,A,0.4964,Bellamy,Bellamy,1,0.5510,0.2346,0.1966,0.3636,1.0000,0.8507,1.0000,0.5000,0.0000
60,A,0.4948,Inazuma,Inazuma,1,0.4474,0.1480,0.1966,0.3636,1.0000,0.8209,1.0000,0.7500,0.0000
61,A,0.4947,Cavendish,Cavendish,0,0.5877,0.2961,0.0000,0.2727,1.0000,0.8741,0.0000,0.7500,0.0000
62,A,0.4936,Karasu,Karasu,1,0.3920,0.0000,0.1966,0.4545,1.0000,0.8827,1.0000,0.7500,0.0000
63,A,0.4904,Scratchmen_Apoo,Scratchmen Apoo,0,0.5510,0.2346,0.0000,0.3636,1.0000,0.8767,1.0000,0.5000,0.0000
64,A,0.4824,Hina,Hina,0,0.4823,0.0000,0.0000,0.5455,1.0000,0.8518,1.0000,0.5000,0.0000
65,A,0.4816,Brogy,Brogy,1,0.5997,0.2346,0.1966,0.4545,1.0000,0.9497,0.0000,0.3000,0.0000
66,A,0.4792,Dorry,Dorry,1,0.5902,0.2346,0.1966,0.4545,1.0000,0.9497,0.0000,0.3000,0.0000
67,A,0.4768,Queen,Queen,0,0.6064,0.2346,0.0000,0.1818,1.0000,0.9359,1.0000,0.5000,0.0000
68,A,0.4766,Marcus_Mars,Marcus Mars,0,0.5265,0.1480,0.0000,0.6364,0.1429,0.0000,0.0000,1.0000,1.0000
69,A,0.4766,Topman_Warcury,Topman Warcury,0,0.5265,0.1480,0.0000,0.6364,0.1429,0.0000,0.0000,1.0000,1.0000
70,A,0.4759,Kaku,Kaku,1,0.6708,0.2961,0.1966,0.5455,0.8571,0.0000,1.0000,0.7500,0.0000
71,A,0.4736,Ethanbaron_V._Nusjuro,Ethanbaron V. Nusjuro,0,0.5146,0.1480,0.0000,0.6364,0.1429,0.0000,0.0000,1.0000,1.0000
72,A,0.4729,Doc_Q,Doc Q,0,0.4716,0.0000,0.0000,0.5455,1.0000,0.8063,1.0000,0.5000,0.0000
73,A,0.4719,Hatchan,Hatchan,2,0.6561,0.1480,0.3115,0.5455,0.8571,0.7083,0.0000,0.3000,0.0000
74,A,0.4709,Basil_Hawkins,Basil Hawkins,0,0.5477,0.2346,0.0000,0.2727,1.0000,0.8727,1.0000,0.5000,0.0000
75,B,0.4708,Momonga,Momonga,0,0.4538,0.0000,0.0000,0.4545,1.0000,0.8926,0.0000,0.7500,0.0000
76,B,0.4682,Monkey_D._Dragon,Monkey D. Dragon,0,0.5633,0.1480,0.0000,0.7273,0.8571,0.0000,0.0000,1.0000,0.0000
77,B,0.4659,Morley,Morley,0,0.4013,0.0000,0.0000,0.3636,1.0000,0.8688,1.0000,0.7500,0.0000
78,B,0.4632,Charlotte_Perospero,Charlotte Perospero,0,0.5691,0.2346,0.0000,0.1818,1.0000,0.9076,1.0000,0.5000,0.0000
79,B,0.4628,Caribou,Caribou,1,0.6287,0.0000,0.1966,0.3636,1.0000,0.8540,1.0000,0.3000,0.0000
80,B,0.4617,Pekoms,Pekoms,0,0.4970,0.2961,0.0000,0.2727,0.8571,0.8741,1.0000,0.5000,0.0000
81,B,0.4590,Tamago,Tamago,0,0.4923,0.2346,0.0000,0.2727,1.0000,0.8858,1.0000,0.5000,0.0000
82,B,0.4589,Doberman,Doberman,0,0.4407,0.0000,0.0000,0.4545,0.5714,0.8926,0.0000,0.7500,0.0000
83,B,0.4589,T_Bone,T Bone,0,0.3471,0.1480,0.0000,0.4545,1.0000,0.8926,0.0000,0.7500,0.0000
84,B,0.4588,Krieg,Krieg,1,0.4659,0.1480,0.1966,0.1818,1.0000,0.7419,0.0000,1.0000,0.0000
85,B,0.4578,Charlotte_Smoothie,Charlotte Smoothie,0,0.5016,0.1480,0.0000,0.2727,1.0000,0.9204,1.0000,0.5000,0.0000
86,B,0.4538,Diamante,Diamante,0,0.5410,0.1480,0.0000,0.0909,1.0000,0.8204,1.0000,0.7500,0.0000
87,B,0.4504,King,King,0,0.5339,0.1480,0.0000,0.1818,1.0000,0.9382,1.0000,0.5000,0.0000
88,B,0.4491,Charlotte_Oven,Charlotte Oven,0,0.4970,0.1480,0.0000,0.2727,1.0000,0.8699,1.0000,0.5000,0.0000
89,B,0.4490,Jango,Jango,2,0.6086,0.1480,0.3115,0.5455,1.0000,0.6157,0.0000,0.3000,0.0000
90,B,0.4480,Stainless,Stainless,0,0.3471,0.0000,0.0000,0.5455,0.2857,0.8926,0.0000,0.7500,0.0000
91,B,0.4468,Who's-Who,Who's-Who,0,0.4538,0.0000,0.0000,0.1818,1.0000,0.8965,1.0000,0.7500,0.0000
92,B,0.4458,Sentomaru,Sentomaru,0,0.5303,0.2346,0.0000,0.4545,1.0000,0.8926,0.0000,0.3000,0.0000
93,B,0.4458,Belo_Betty,Belo Betty,0,0.3820,0.0000,0.0000,0.2727,1.0000,0.8886,1.0000,0.7500,0.0000
94,B,0.4442,Comil,Comil,0,0.3820,0.0000,0.0000,0.4545,0.5714,0.8926,0.0000,0.7500,0.0000
95,B,0.4442,Strawberry,Strawberry,0,0.3820,0.0000,0.0000,0.4545,0.5714,0.8926,0.0000,0.7500,0.0000
96,B,0.4441,Charlotte_Daifuku,Charlotte Daifuku,0,0.4771,0.1480,0.0000,0.2727,1.0000,0.8699,1.0000,0.5000,0.0000
97,B,0.4431,Senor_Pink,Senor Pink,0,0.4823,0.2346,0.0000,0.2727,1.0000,0.7966,1.0000,0.5000,0.0000
98,B,0.4423,Jack,Jack,0,0.4970,0.0000,0.0000,0.2727,1.0000,0.9235,1.0000,0.5000,0.0000
99,B,0.4392,Ulti,Ulti,0,0.5227,0.1480,0.0000,0.1818,1.0000,0.8827,1.0000,0.5000,0.0000
100,B,0.4375,Prince_Grus,Prince Grus,0,0.3597,0.1480,0.0000,0.1818,1.0000,0.8926,1.0000,0.7500,0.0000
101,B,0.4355,Charlotte_Mont-d'Or,Charlotte Mont-d'Or,0,0.5265,0.0000,0.0000,0.2727,1.0000,0.8290,1.0000,0.5000,0.0000
102,B,0.4354,Bentham,Bentham,1,0.5826,0.2346,0.1966,0.4545,1.0000,0.7701,1.0000,0.0000,0.0000
103,B,0.4307,Page_One,Page One,0,0.4970,0.1480,0.0000,0.1818,1.0000,0.8683,1.0000,0.5000,0.0000
104,B,0.4305,Alvida,Alvida,1,0.4538,0.0000,0.1966,0.5455,1.0000,0.6874,1.0000,0.3000,0.0000
105,B,0.4298,Leo,Leo,1,0.6129,0.3437,0.1966,0.3636,0.8571,0.0000,1.0000,0.7500,0.0000
106,B,0.4297,Izou,Izou,0,0.5633,0.2346,0.0000,0.1818,1.0000,0.8935,0.0000,0.5000,0.0000
107,B,0.4280,Laffitte,Laffitte,0,0.4262,0.0000,0.0000,0.5455,1.0000,0.7824,0.0000,0.5000,0.0000
108,B,0.4276,Kalifa,Kalifa,1,0.6230,0.2961,0.1966,0.3636,0.8571,0.0000,1.0000,0.7500,0.0000
109,B,0.4271,Kujaku,Kujaku,0,0.3180,0.1480,0.0000,0.1818,1.0000,0.8926,1.0000,0.7500,0.0000
110,B,0.4268,John_Giant,John Giant,0,0.3010,0.0000,0.0000,0.4545,0.7143,0.8926,0.0000,0.7500,0.0000
111,B,0.4260,Killer,Killer,0,0.5826,0.1480,0.0000,0.3636,1.0000,0.8518,0.0000,0.3000,0.0000
112,B,0.4250,Trebol,Trebol,0,0.5410,0.2346,0.0000,0.0909,1.0000,0.8204,1.0000,0.5000,0.0000
113,B,0.4241,Edward_Weevil,Edward Weevil,0,0.2817,0.1480,0.0000,0.3636,1.0000,0.8908,0.0000,0.7500,0.0000
114,B,0.4236,Shepherd_Ju_Peter,Shepherd Ju Peter,0,0.5146,0.1480,0.0000,0.6364,0.1429,0.0000,0.0000,1.0000,0.0000
115,B,0.4225,Daz_Bonez,Daz Bonez,0,0.5477,0.2346,0.0000,0.4545,1.0000,0.8081,1.0000,0.0000,0.0000
116,B,0.4224,Pica,Pica,0,0.5061,0.2961,0.0000,0.0909,1.0000,0.8204,1.0000,0.5000,0.0000
117,B,0.4221,Pedro,Pedro,2,0.5852,0.2961,0.3115,0.1818,0.8571,0.8806,0.0000,0.3000,0.0000
118,B,0.4218,Charlotte_Cracker,Charlotte Cracker,0,0.3597,0.1480,0.0000,0.2727,1.0000,0.9168,1.0000,0.5000,0.0000
119,B,0.4197,Boa_Marigold,Boa Marigold,2,0.4184,0.1480,0.3115,0.3636,1.0000,0.7801,1.0000,0.3000,0.0000
120,B,0.4197,Boa_Sandersonia,Boa Sandersonia,2,0.4184,0.1480,0.3115,0.3636,1.0000,0.7801,1.0000,0.3000,0.0000
121,B,0.4190,Fullbody,Fullbody,0,0.5375,0.0000,0.0000,0.6364,1.0000,0.6157,0.0000,0.3000,0.0000
122,B,0.4178,Lola,Lola,0,0.5339,0.1480,0.0000,0.4545,1.0000,0.7573,0.0000,0.3000,0.0000
123,B,0.4175,Scopper_Gaban,Scopper Gaban,0,0.4970,0.1480,0.0000,0.3636,0.2857,0.0000,0.0000,1.0000,1.0000
124,B,0.4149,Inuarashi,Inuarashi,1,0.6396,0.2346,0.1966,0.2727,0.8571,0.0000,0.0000,1.0000,0.0000
125,B,0.4146,Bastille,Bastille,0,0.4474,0.0000,0.0000,0.1818,1.0000,0.8926,0.0000,0.7500,0.0000
126,B,0.4126,Crocus,Crocus,1,0.4336,0.0000,0.1966,0.6364,0.8571,0.0000,0.0000,1.0000,0.0000
127,B,0.4107,Suleiman,Suleiman,0,0.4262,0.1480,0.0000,0.1818,1.0000,0.8030,0.0000,0.7500,0.0000
128,B,0.4101,Yamakaji,Yamakaji,0,0.3180,0.0000,0.0000,0.3636,0.5714,0.8926,0.0000,0.7500,0.0000
129,B,0.4092,Nekomamushi,Nekomamushi,1,0.6170,0.2346,0.1966,0.2727,0.8571,0.0000,0.0000,1.0000,0.0000
130,B,0.4081,Loki,Loki,0,0.4823,0.1480,0.0000,0.1818,0.5714,0.9661,1.0000,0.0000,1.0000
131,B,0.4064,Arlong,Arlong,1,0.5265,0.1480,0.1966,0.3636,1.0000,0.7492,0.0000,0.3000,0.0000
132,B,0.4052,Onigumo,Onigumo,0,0.3713,0.0000,0.0000,0.2727,0.5714,0.8926,0.0000,0.7500,0.0000
133,B,0.3983,Lindbergh,Lindbergh,0,0.3333,0.0000,0.0000,0.2727,0.8571,0.8722,0.0000,0.7500,0.0000
134,B,0.3964,Gladius,Gladius,0,0.4923,0.1480,0.0000,0.0909,1.0000,0.7687,1.0000,0.5000,0.0000
135,B,0.3961,Kouzuki_Oden,Kouzuki Oden,0,0.5227,0.1480,0.0000,0.1818,0.7143,0.0000,0.0000,1.0000,1.0000
136,B,0.3957,Lacroix,Lacroix,0,0.3333,0.0000,0.0000,0.2727,0.5714,0.8926,0.0000,0.7500,0.0000
137,B,0.3956,Blueno,Blueno,1,0.5926,0.2346,0.1966,0.2727,0.8571,0.0000,1.0000,0.7500,0.0000
138,B,0.3952,Cancer,Cancer,0,0.2817,0.0000,0.0000,0.3636,0.2857,0.8926,0.0000,0.7500,0.0000
139,B,0.3950,Yamato,Yamato,0,0.6636,0.2346,0.0000,0.1818,0.7143,0.0000,1.0000,0.5000,1.0000
140,B,0.3948,Kouzuki_Momonosuke,Kouzuki Momonosuke,1,0.7142,0.4156,0.1966,0.3636,0.8571,0.0000,1.0000,0.3000,0.0000
141,B,0.3940,Sasaki,Sasaki,0,0.4101,0.1480,0.0000,0.0909,1.0000,0.8901,1.0000,0.5000,0.0000
142,B,0.3934,Nefertari_Cobra,Nefertari Cobra,1,0.5662,0.3437,0.1966,0.7273,0.8571,0.0000,0.0000,0.3000,0.0000
143,B,0.3927,Nerona_Imu,Nerona Imu,0,0.4823,0.0000,0.0000,0.1818,0.2857,0.0000,1.0000,1.0000,1.0000
144,B,0.3919,Black_Maria,Black Maria,0,0.4013,0.1480,0.0000,0.0909,1.0000,0.8908,1.0000,0.5000,0.0000
145,B,0.3887,Kabu,Kabu,0,0.5410,0.2961,0.0000,0.3636,0.4286,0.0000,1.0000,0.7500,0.0000
146,B,0.3876,Jozu,Jozu,1,0.4923,0.2346,0.1966,0.5455,0.8571,0.0000,1.0000,0.5000,0.0000
147,B,0.3871,Pomsky,Pomsky,0,0.3471,0.0000,0.0000,0.0909,0.2857,0.8926,1.0000,0.7500,0.0000
148,B,0.3865,Bluegrass,Bluegrass,0,0.3333,0.0000,0.0000,0.0909,0.4286,0.8926,1.0000,0.7500,0.0000
149,B,0.3856,Machvise,Machvise,0,0.4771,0.1480,0.0000,0.0909,1.0000,0.7225,1.0000,0.5000,0.0000
150,B,0.3846,Wapol,Wapol,2,0.5774,0.2346,0.3115,0.5455,0.8571,0.0000,1.0000,0.3000,0.0000
151,B,0.3839,Cabaji,Cabaji,1,0.4823,0.1480,0.1966,0.5455,0.8571,0.0000,0.0000,0.7500,0.0000
152,B,0.3825,Hajrudin,Hajrudin,0,0.6020,0.2961,0.0000,0.3636,0.8571,0.0000,0.0000,0.7500,0.0000
153,B,0.3823,Gambia,Gambia,0,0.3333,0.0000,0.0000,0.2727,0.5714,0.8030,0.0000,0.7500,0.0000
154,B,0.3802,Napoleon,Napoleon,1,0.6804,0.3827,0.1966,0.3636,0.7143,0.0000,0.0000,0.5000,0.0000
155,B,0.3765,Urouge,Urouge,0,0.4013,0.1480,0.0000,0.3636,1.0000,0.8243,0.0000,0.3000,0.0000
156,B,0.3760,Masira,Masira,1,0.4013,0.1480,0.1966,0.3636,1.0000,0.7554,0.0000,0.3000,0.0000
157,B,0.3755,Hound,Hound,0,0.3010,0.0000,0.0000,0.0909,0.2857,0.8926,1.0000,0.7500,0.0000
158,B,0.3755,Urban,Urban,0,0.3010,0.0000,0.0000,0.0909,0.2857,0.8926,1.0000,0.7500,0.0000
159,B,0.3749,Jabra,Jabra,1,0.5444,0.1480,0.1966,0.2727,0.8571,0.0000,1.0000,0.7500,0.0000
160,B,0.3747,Gotti,Gotti,0,0.5444,0.1480,0.0000,0.1818,1.0000,0.8162,0.0000,0.3000,0.0000
161,B,0.3742,Vito,Vito,0,0.5410,0.1480,0.0000,0.1818,1.0000,0.8186,0.0000,0.3000,0.0000
162,B,0.3740,Benn_Beckman,Benn Beckman,0,0.4184,0.0000,0.0000,0.6364,0.8571,0.0000,0.0000,0.5000,1.0000
163,B,0.3737,Lonz,Lonz,0,0.3180,0.0000,0.0000,0.1818,0.5714,0.8926,0.0000,0.7500,0.0000
164,B,0.3728,Hibari,Hibari,0,0.3180,0.1480,0.0000,0.0909,1.0000,0.8518,0.0000,0.7500,0.0000
165,B,0.3717,Vinsmoke_Judge,Vinsmoke Judge,0,0.5410,0.1480,0.0000,0.2727,0.8571,0.0000,0.0000,1.0000,0.0000
166,B,0.3708,Kin'emon,Kin'emon,3,0.7451,0.0000,0.3931,0.3636,0.8571,0.0000,1.0000,0.3000,0.0000
167,B,0.3706,Doll,Doll,0,0.4013,0.0000,0.0000,0.0909,0.2857,0.8926,0.0000,0.7500,0.0000
168,B,0.3699,Foxy,Foxy,1,0.4013,0.1480,0.1966,0.1818,1.0000,0.7573,1.0000,0.3000,0.0000
169,B,0.3694,Mikita,Mikita,1,0.5375,0.1480,0.1966,0.2727,1.0000,0.7055,1.0000,0.0000,0.0000
170,B,0.3688,Koala,Koala,0,0.5104,0.2346,0.0000,0.4545,0.7143,0.0000,0.0000,0.7500,0.0000
171,B,0.3677,Kuroobi,Kuroobi,1,0.4659,0.1480,0.1966,0.2727,1.0000,0.7136,0.0000,0.3000,0.0000
172,B,0.3668,Perona,Perona,0,0.5303,0.1480,0.0000,0.6364,0.8571,0.0000,1.0000,0.3000,0.0000
173,B,0.3658,Viola,Viola,1,0.5852,0.1480,0.1966,0.3636,0.8571,0.0000,1.0000,0.5000,0.0000
174,B,0.3657,Marianne,Marianne,1,0.5339,0.1480,0.1966,0.3636,1.0000,0.7657,0.0000,0.0000,0.0000
175,B,0.3652,Ginny,Ginny,0,0.3597,0.0000,0.0000,0.0909,0.8571,0.8495,0.0000,0.7500,0.0000
176,B,0.3643,Shoujou,Shoujou,0,0.3820,0.1480,0.0000,0.3636,1.0000,0.7754,0.0000,0.3000,0.0000
177,B,0.3628,Lao_G,Lao G,0,0.4600,0.1480,0.0000,0.0909,1.0000,0.7989,0.0000,0.5000,0.0000
178,B,0.3624,Brannew,Brannew,0,0.3333,0.0000,0.0000,0.4545,1.0000,0.8209,0.0000,0.3000,0.0000
179,B,0.3623,Curly_Dadan,Curly Dadan,1,0.4101,0.1480,0.1966,0.5455,1.0000,0.7072,0.0000,0.0000,0.0000
180,B,0.3603,Baby_5,Baby 5,0,0.5633,0.2346,0.0000,0.1818,0.8571,0.0000,1.0000,0.7500,0.0000
181,B,0.3600,Zeus,Zeus,0,0.6210,0.2346,0.0000,0.2727,0.7143,0.0000,0.0000,0.7500,0.0000
182,B,0.3594,Drophy,Drophy,0,0.4474,0.1480,0.0000,0.3636,1.0000,0.7333,1.0000,0.0000,0.0000
183,B,0.3592,Charlotte_Pudding,Charlotte Pudding,0,0.5633,0.2346,0.0000,0.3636,0.8571,0.0000,1.0000,0.5000,0.0000
184,B,0.3570,Bepo,Bepo,0,0.6086,0.0000,0.0000,0.4545,1.0000,0.3259,0.0000,0.3000,0.0000
185,B,0.3568,Mozambia,Mozambia,0,0.2007,0.0000,0.0000,0.2727,0.2857,0.8926,0.0000,0.7500,0.0000
186,B,0.3555,Stussy,Stussy,0,0.5061,0.1480,0.0000,0.2727,0.8571,0.0000,1.0000,0.7500,0.0000
187,B,0.3550,Bomba,Bomba,0,0.5510,0.2346,0.0000,0.3636,0.4286,0.0000,0.0000,0.7500,0.0000
188,B,0.3549,Dellinger,Dellinger,0,0.4659,0.1480,0.0000,0.0909,1.0000,0.7364,0.0000,0.5000,0.0000
189,B,0.3547,Bian,Bian,0,0.4874,0.1480,0.0000,0.3636,0.1429,0.0000,1.0000,0.7500,0.0000
190,B,0.3543,Dalton,Dalton,2,0.4771,0.0000,0.3115,0.6364,0.8571,0.0000,1.0000,0.3000,0.0000
191,B,0.3536,Red_King,Red King,0,0.3333,0.0000,0.0000,0.0909,0.2857,0.8926,0.0000,0.7500,0.0000
192,B,0.3524,Dalmatian,Dalmatian,0,0.2330,0.0000,0.0000,0.1818,0.5714,0.8926,0.0000,0.7500,0.0000
193,B,0.3512,Maynard,Maynard,0,0.3010,0.0000,0.0000,0.0909,0.5714,0.8926,0.0000,0.7500,0.0000
194,B,0.3505,Coribou,Coribou,1,0.4474,0.0000,0.1966,0.1818,1.0000,0.8495,0.0000,0.3000,0.0000
195,B,0.3504,Gem,Gem,1,0.5265,0.1480,0.1966,0.1818,1.0000,0.7183,1.0000,0.0000,0.0000
196,B,0.3477,Jaguar_D._Saul,Jaguar D. Saul,0,0.4874,0.2346,0.0000,0.3636,0.8571,0.0000,0.0000,0.7500,0.0000
197,B,0.3467,Rockstar,Rockstar,0,0.2593,0.0000,0.0000,0.3636,0.5714,0.8181,0.0000,0.5000,0.0000
198,B,0.3467,Hototogisu,Hototogisu,0,0.2330,0.0000,0.0000,0.1818,0.2857,0.8926,0.0000,0.7500,0.0000
199,B,0.3464,Kumashi,Kumashi,0,0.4013,0.1480,0.0000,0.3636,0.4286,0.0000,0.0000,1.0000,0.0000
200,B,0.3464,Sarquiss,Sarquiss,1,0.4013,0.0000,0.1966,0.2727,1.0000,0.7778,0.0000,0.3000,0.0000
201,B,0.3455,Guillotine,Guillotine,0,0.3010,0.0000,0.0000,0.0909,0.2857,0.8926,0.0000,0.7500,0.0000
202,B,0.3453,Kuro,Kuro,1,0.4336,0.1480,0.1966,0.1818,1.0000,0.7392,0.0000,0.3000,0.0000
203,B,0.3436,Chaka,Chaka,0,0.5104,0.1480,0.0000,0.5455,0.8571,0.0000,1.0000,0.3000,0.0000
204,B,0.3422,Carrot,Carrot,2,0.6868,0.3827,0.3115,0.2727,0.8571,0.0000,0.0000,0.3000,0.0000
205,B,0.3415,Gin,Gin,1,0.4262,0.1480,0.1966,0.1818,1.0000,0.7264,0.0000,0.3000,0.0000
206,B,0.3414,Fukurou,Fukurou,1,0.5303,0.1480,0.1966,0.2727,0.8571,0.0000,0.0000,0.7500,0.0000
207,B,0.3413,Kanjuro,Kanjuro,1,0.6306,0.0000,0.1966,0.2727,0.7143,0.0000,1.0000,0.5000,0.0000
208,B,0.3410,Vegapunk,Vegapunk,1,0.5826,0.2346,0.1966,0.3636,0.7143,0.0000,1.0000,0.3000,0.0000
209,B,0.3410,Shiki,Shiki,0,0.3820,0.1480,0.0000,0.1818,0.7143,0.0000,1.0000,1.0000,0.0000
210,B,0.3407,Tosa,Tosa,0,0.2817,0.0000,0.0000,0.0909,0.2857,0.8926,0.0000,0.7500,0.0000
211,B,0.3405,Kumadori,Kumadori,1,0.5265,0.1480,0.1966,0.2727,0.8571,0.0000,0.0000,0.7500,0.0000
212,B,0.3399,Chew,Chew,1,0.4407,0.1480,0.1966,0.1818,1.0000,0.6916,0.0000,0.3000,0.0000
213,B,0.3366,Pell,Pell,0,0.4823,0.1480,0.0000,0.5455,0.8571,0.0000,1.0000,0.3000,0.0000
214,B,0.3350,Manmayer_Gunko,Manmayer Gunko,0,0.4538,0.1480,0.0000,0.0909,0.4286,0.0000,1.0000,1.0000,0.0000
215,B,0.3345,Oars_Jr.,Oars Jr.,0,0.3471,0.0000,0.0000,0.0909,1.0000,0.8969,0.0000,0.5000,0.0000
216,B,0.3342,Ideo,Ideo,0,0.5061,0.2346,0.0000,0.2727,0.8571,0.0000,0.0000,0.7500,0.0000
217,B,0.3338,Zala,Zala,0,0.4659,0.1480,0.0000,0.1818,1.0000,0.7741,1.0000,0.0000,0.0000
218,B,0.3306,Kelly_Funk,Kelly Funk,0,0.3920,0.0000,0.0000,0.0909,1.0000,0.7958,1.0000,0.3000,0.0000
219,B,0.3305,Tamanegi,Tamanegi,1,0.4659,0.1480,0.1966,0.6364,0.8571,0.0000,0.0000,0.3000,0.0000
220,B,0.3293,Stansen,Stansen,0,0.4600,0.1480,0.0000,0.3636,0.7143,0.0000,0.0000,0.7500,0.0000
221,B,0.3289,Very_Good,Very Good,0,0.2593,0.0000,0.0000,0.2727,0.5714,0.8209,1.0000,0.3000,0.0000
222,B,0.3287,Raizo,Raizo,0,0.6343,0.2346,0.0000,0.2727,0.8571,0.0000,1.0000,0.3000,0.0000
223,B,0.3273,Mont_Blanc_Cricket,Mont Blanc Cricket,0,0.4101,0.0000,0.0000,0.4545,1.0000,0.7591,0.0000,0.0000,0.0000
224,B,0.3259,Ninjin,Ninjin,1,0.4474,0.1480,0.1966,0.6364,0.8571,0.0000,0.0000,0.3000,0.0000
225,B,0.3259,Piiman,Piiman,1,0.4474,0.1480,0.1966,0.6364,0.8571,0.0000,0.0000,0.3000,0.0000
226,B,0.3251,Shirahoshi,Shirahoshi,2,0.5800,0.2961,0.3115,0.3636,0.8571,0.0000,0.0000,0.3000,0.0000
227,B,0.3250,Iceburg,Iceburg,2,0.5662,0.2346,0.3115,0.6364,0.8571,0.0000,0.0000,0.0000,0.0000
228,B,0.3249,Mansherry,Mansherry,1,0.4823,0.2961,0.1966,0.3636,0.8571,0.0000,1.0000,0.3000,0.0000
229,B,0.3249,Wicca,Wicca,0,0.5146,0.2346,0.0000,0.2727,0.2857,0.0000,0.0000,0.7500,0.0000
230,B,0.3244,Mont_Blanc_Noland,Mont Blanc Noland,0,0.4013,0.2346,0.0000,0.1818,0.7143,0.0000,0.0000,1.0000,0.0000
231,B,0.3243,Charlotte_Brûlée,Charlotte Brûlée,1,0.5510,0.0000,0.1966,0.2727,0.8571,0.0000,1.0000,0.5000,0.0000
232,B,0.3239,Flapper,Flapper,0,0.5339,0.1480,0.0000,0.2727,0.4286,0.0000,0.0000,0.7500,0.0000
233,B,0.3228,Camie,Camie,1,0.6149,0.1480,0.1966,0.6364,0.8571,0.0000,0.0000,0.0000,0.0000
234,B,0.3219,Yasopp,Yasopp,0,0.4101,0.0000,0.0000,0.6364,0.8571,0.0000,0.0000,0.5000,0.0000
235,B,0.3215,Fisher_Tiger,Fisher Tiger,0,0.3180,0.1480,0.0000,0.1818,0.8571,0.8580,0.0000,0.3000,0.0000
236,B,0.3208,Squard,Squard,0,0.3180,0.0000,0.0000,0.0909,1.0000,0.8540,0.0000,0.5000,0.0000
237,B,0.3208,Salome,Salome,1,0.5339,0.1480,0.1966,0.5455,0.4286,0.0000,0.0000,0.3000,0.0000
238,B,0.3206,Enel,Enel,2,0.6086,0.1480,0.3115,0.4545,0.8571,0.0000,1.0000,0.0000,0.0000
239,B,0.3204,Shepherd_Sommers,Shepherd Sommers,0,0.4184,0.1480,0.0000,0.0909,0.1429,0.0000,1.0000,1.0000,0.0000
240,B,0.3202,Gill_Bastar,Gill Bastar,0,0.2593,0.0000,0.0000,0.1818,0.2857,0.9222,1.0000,0.3000,0.0000
241,B,0.3201,Bobbin,Bobbin,0,0.3180,0.0000,0.0000,0.1818,0.2857,0.8233,0.0000,0.5000,0.0000
242,B,0.3198,Kouzuki_Toki,Kouzuki Toki,0,0.4407,0.0000,0.0000,0.0909,0.5714,0.0000,1.0000,1.0000,0.0000
243,B,0.3191,Inhel,Inhel,0,0.5375,0.1480,0.0000,0.2727,0.1429,0.0000,0.0000,0.7500,0.0000
244,B,0.3181,Prometheus,Prometheus,0,0.5902,0.2961,0.0000,0.2727,0.5714,0.0000,0.0000,0.5000,0.0000
245,B,0.3166,Sugar,Sugar,0,0.4659,0.2346,0.0000,0.2727,0.8571,0.0000,1.0000,0.5000,0.0000
246,B,0.3164,Mohji,Mohji,1,0.4823,0.1480,0.1966,0.5455,0.8571,0.0000,0.0000,0.3000,0.0000
247,B,0.3154,Zeff,Zeff,1,0.5375,0.0000,0.1966,0.5455,0.8571,0.0000,0.0000,0.3000,0.0000
248,B,0.3154,Hattori,Hattori,1,0.6464,0.2346,0.1966,0.5455,0.5714,0.0000,0.0000,0.0000,0.0000
249,B,0.3132,Catacombo,Catacombo,0,0.2007,0.0000,0.0000,0.2727,0.2857,0.8518,0.0000,0.5000,0.0000
250,B,0.3110,Figarland_Shamrock,Figarland Shamrock,0,0.3820,0.1480,0.0000,0.1818,0.7143,0.0000,0.0000,1.0000,0.0000
251,B,0.3087,Kureha,Kureha,2,0.4874,0.0000,0.3115,0.5455,0.8571,0.0000,0.0000,0.3000,0.0000
252,B,0.3087,Rimoshifu_Killingham,Rimoshifu Killingham,0,0.3713,0.1480,0.0000,0.0909,0.1429,0.0000,1.0000,1.0000,0.0000
253,B,0.3083,Shiryu,Shiryu,0,0.4538,0.0000,0.0000,0.3636,0.8571,0.0000,1.0000,0.5000,0.0000
254,B,0.3082,Tama,Tama,0,0.6249,0.2346,0.0000,0.1818,0.8571,0.0000,1.0000,0.3000,0.0000
255,B,0.3046,Neptune,Neptune,2,0.5573,0.1480,0.3115,0.3636,0.8571,0.0000,0.0000,0.3000,0.0000
256,B,0.3040,Rampo,Rampo,0,0.4771,0.1480,0.0000,0.2727,0.1429,0.0000,0.0000,0.7500,0.0000
257,B,0.3016,Lucky_Roux,Lucky Roux,0,0.4013,0.0000,0.0000,0.5455,0.8571,0.0000,0.0000,0.5000,0.0000
258,B,0.3009,Nico_Olvia,Nico Olvia,0,0.3713,0.1480,0.0000,0.2727,0.8571,0.8104,0.0000,0.0000,0.0000
259,B,0.2995,Rebecca,Rebecca,2,0.6230,0.3827,0.3115,0.3636,0.8571,0.0000,0.0000,0.0000,0.0000
260,B,0.2989,Mashikaku,Mashikaku,0,0.3597,0.0000,0.0000,0.3636,0.7143,0.5131,0.0000,0.3000,0.0000
261,B,0.2984,Kokoro,Kokoro,1,0.5902,0.1480,0.1966,0.5455,0.8571,0.0000,0.0000,0.0000,0.0000
262,B,0.2984,Koza,Koza,0,0.4874,0.2346,0.0000,0.4545,0.8571,0.0000,0.0000,0.3000,0.0000
263,B,0.2978,Fukaboshi,Fukaboshi,2,0.5303,0.1480,0.3115,0.3636,0.8571,0.0000,0.0000,0.3000,0.0000
264,B,0.2973,Gerd,Gerd,0,0.4659,0.1480,0.0000,0.1818,0.8571,0.0000,0.0000,0.7500,0.0000
265,B,0.2965,Stronger,Stronger,0,0.4407,0.0000,0.0000,0.3636,0.4286,0.0000,1.0000,0.5000,0.0000
266,B,0.2954,Gion,Gion,0,0.1003,0.0000,0.0000,0.0909,0.2857,0.8926,0.0000,0.7500,0.0000
267,B,0.2954,Tokikake,Tokikake,0,0.1003,0.0000,0.0000,0.0909,0.2857,0.8926,0.0000,0.7500,0.0000
268,B,0.2952,Catarina_Devon,Catarina Devon,0,0.4013,0.0000,0.0000,0.3636,0.8571,0.0000,1.0000,0.5000,0.0000
269,B,0.2949,Nezumi,Nezumi,0,0.2817,0.0000,0.0000,0.1818,1.0000,0.8209,0.0000,0.3000,0.0000
270,B,0.2948,Ripper,Ripper,0,0.2817,0.0000,0.0000,0.3636,0.7143,0.6157,0.0000,0.3000,0.0000
271,B,0.2934,Kyros,Kyros,1,0.6086,0.4156,0.1966,0.3636,0.8571,0.0000,0.0000,0.0000,0.0000
272,B,0.2932,Sicily,Sicily,0,0.1590,0.0000,0.0000,0.1818,0.7143,0.8518,0.0000,0.5000,0.0000
273,B,0.2931,Shachi,Shachi,0,0.5603,0.0000,0.0000,0.4545,0.8571,0.0000,0.0000,0.3000,0.0000
274,B,0.2927,Charlotte_Snack,Charlotte Snack,0,0.2007,0.0000,0.0000,0.0909,0.7143,0.9007,0.0000,0.5000,0.0000
275,B,0.2918,Abdullah,Abdullah,0,0.4874,0.0000,0.0000,0.2727,0.1429,0.0000,0.0000,0.7500,0.0000
276,B,0.2917,Kikunojo,Kikunojo,1,0.6396,0.2346,0.1966,0.1818,0.8571,0.0000,0.0000,0.3000,0.0000
277,B,0.2907,Ganryu,Ganryu,0,0.3333,0.0000,0.0000,0.2727,0.1429,0.0000,0.0000,1.0000,0.0000
278,B,0.2905,Kashii,Kashii,0,0.5633,0.1480,0.0000,0.3636,0.8571,0.0000,0.0000,0.3000,0.0000
279,B,0.2901,Boo,Boo,0,0.4600,0.1480,0.0000,0.1818,0.5714,0.0000,0.0000,0.7500,0.0000
280,B,0.2900,Penguin,Penguin,0,0.5477,0.0000,0.0000,0.4545,0.8571,0.0000,0.0000,0.3000,0.0000
281,B,0.2898,Oimo,Oimo,0,0.5603,0.1480,0.0000,0.3636,0.8571,0.0000,0.0000,0.3000,0.0000
282,B,0.2892,Igaram,Igaram,2,0.5303,0.1480,0.3115,0.5455,0.8571,0.0000,0.0000,0.0000,0.0000
283,B,0.2892,Jeet,Jeet,0,0.4771,0.0000,0.0000,0.2727,0.1429,0.0000,0.0000,0.7500,0.0000
284,B,0.2884,Paulie,Paulie,2,0.5997,0.1480,0.3115,0.4545,0.8571,0.0000,0.0000,0.0000,0.0000
285,B,0.2878,Cotton,Cotton,0,0.4716,0.0000,0.0000,0.2727,0.1429,0.0000,0.0000,0.7500,0.0000
286,B,0.2877,Avalo_Pizarro,Avalo Pizarro,0,0.3713,0.0000,0.0000,0.3636,0.8571,0.0000,1.0000,0.5000,0.0000
287,B,0.2875,Monet,Monet,1,0.5016,0.1480,0.1966,0.0909,0.7143,0.0000,1.0000,0.5000,0.0000
288,B,0.2853,Blue_Gilly,Blue Gilly,0,0.4771,0.0000,0.0000,0.1818,0.8571,0.0000,0.0000,0.7500,0.0000
289,B,0.2845,Goldberg,Goldberg,0,0.4262,0.1480,0.0000,0.1818,0.7143,0.0000,0.0000,0.7500,0.0000
290,B,0.2845,Road,Road,0,0.4262,0.1480,0.0000,0.1818,0.7143,0.0000,0.0000,0.7500,0.0000
291,B,0.2837,Moda,Moda,0,0.3597,0.0000,0.0000,0.3636,0.4286,0.0000,0.0000,0.7500,0.0000
292,B,0.2836,Laboon,Laboon,1,0.4101,0.0000,0.1966,0.5455,0.8571,0.0000,0.0000,0.3000,0.0000
293,B,0.2832,Richie,Richie,0,0.4823,0.0000,0.0000,0.5455,0.4286,0.0000,0.0000,0.3000,0.0000
294,C,0.2831,Vinsmoke_Reiju,Vinsmoke Reiju,0,0.5719,0.2346,0.0000,0.2727,0.8571,0.0000,0.0000,0.3000,0.0000
295,C,0.2829,Buchi,Buchi,0,0.3180,0.1480,0.0000,0.0909,1.0000,0.7024,0.0000,0.3000,0.0000
296,C,0.2815,Babe,Babe,0,0.4407,0.1480,0.0000,0.1818,1.0000,0.6675,0.0000,0.0000,0.0000
297,C,0.2814,Pappag,Pappag,1,0.5950,0.1480,0.1966,0.4545,0.8571,0.0000,0.0000,0.0000,0.0000
298,C,0.2808,Absalom,Absalom,0,0.4771,0.1480,0.0000,0.2727,0.8571,0.0000,1.0000,0.3000,0.0000
299,C,0.2807,Shinobu,Shinobu,0,0.6086,0.0000,0.0000,0.1818,0.8571,0.0000,1.0000,0.3000,0.0000
300,C,0.2806,Yarisugi,Yarisugi,0,0.2817,0.0000,0.0000,0.1818,0.2857,0.8209,0.0000,0.3000,0.0000
301,C,0.2804,Donquixote_Rosinante,Donquixote Rosinante,0,0.4262,0.0000,0.0000,0.2727,0.7143,0.0000,1.0000,0.5000,0.0000
302,C,0.2800,Sharinguru,Sharinguru,0,0.1590,0.0000,0.0000,0.1818,0.2857,0.8209,1.0000,0.3000,0.0000
303,C,0.2800,Shu,Shu,0,0.1590,0.0000,0.0000,0.1818,0.2857,0.8209,1.0000,0.3000,0.0000
304,C,0.2790,Bobby_Funk,Bobby Funk,0,0.3180,0.0000,0.0000,0.0909,1.0000,0.7754,0.0000,0.3000,0.0000
305,C,0.2790,Douglas_Bullet,Douglas Bullet,0,0.1003,0.0000,0.0000,0.0909,0.2857,0.0000,1.0000,1.0000,1.0000
306,C,0.2788,Buffalo,Buffalo,0,0.4600,0.2346,0.0000,0.0909,0.8571,0.0000,1.0000,0.5000,0.0000
307,C,0.2777,Kawamatsu,Kawamatsu,0,0.6230,0.2346,0.0000,0.1818,0.8571,0.0000,0.0000,0.3000,0.0000
308,C,0.2776,Kurozumi_Orochi,Kurozumi Orochi,0,0.5603,0.0000,0.0000,0.0909,0.7143,0.0000,1.0000,0.5000,0.0000
309,C,0.2775,Streusen,Streusen,0,0.3820,0.2346,0.0000,0.1818,0.8571,0.0000,1.0000,0.5000,0.0000
310,C,0.2760,Doringo,Doringo,0,0.3471,0.0000,0.0000,0.1818,0.1429,0.0000,0.0000,1.0000,0.0000
311,C,0.2760,Mr._Momora,Mr. Momora,0,0.3471,0.0000,0.0000,0.1818,0.1429,0.0000,0.0000,1.0000,0.0000
312,C,0.2752,Marguerite,Marguerite,2,0.4262,0.0000,0.3115,0.4545,0.8571,0.0000,0.0000,0.3000,0.0000
313,C,0.2748,Wanda,Wanda,1,0.5339,0.1480,0.1966,0.2727,0.8571,0.0000,0.0000,0.3000,0.0000
314,C,0.2745,Hyouzou,Hyouzou,0,0.4474,0.1480,0.0000,0.0909,0.8571,0.0000,0.0000,0.7500,0.0000
315,C,0.2741,Charlotte_Galette,Charlotte Galette,0,0.4262,0.1480,0.0000,0.1818,0.5714,0.0000,1.0000,0.5000,0.0000
316,C,0.2738,Kouzuki_Hiyori,Kouzuki Hiyori,0,0.5826,0.2961,0.0000,0.1818,0.8571,0.0000,0.0000,0.3000,0.0000
317,C,0.2735,Chimney,Chimney,1,0.5633,0.1480,0.1966,0.4545,0.8571,0.0000,0.0000,0.0000,0.0000
318,C,0.2725,Spencer,Spencer,0,0.3333,0.0000,0.0000,0.1818,0.1429,0.0000,0.0000,1.0000,0.0000
319,C,0.2725,Sunbell,Sunbell,0,0.3333,0.0000,0.0000,0.1818,0.1429,0.0000,0.0000,1.0000,0.0000
320,C,0.2725,Taro,Taro,0,0.3333,0.0000,0.0000,0.1818,0.1429,0.0000,0.0000,1.0000,0.0000
321,C,0.2716,Vinsmoke_Ichiji,Vinsmoke Ichiji,0,0.5603,0.1480,0.0000,0.2727,0.8571,0.0000,0.0000,0.3000,0.0000
322,C,0.2708,Funkfreed,Funkfreed,0,0.3471,0.1480,0.0000,0.0909,0.4286,0.0000,1.0000,0.7500,0.0000
323,C,0.2708,Vinsmoke_Niji,Vinsmoke Niji,0,0.5573,0.1480,0.0000,0.2727,0.8571,0.0000,0.0000,0.3000,0.0000
324,C,0.2704,Macro,Macro,0,0.4923,0.0000,0.0000,0.4545,0.5714,0.0000,0.0000,0.3000,0.0000
325,C,0.2703,Matsuge,Matsuge,0,0.4823,0.2346,0.0000,0.5455,0.8571,0.0000,0.0000,0.0000,0.0000
326,C,0.2702,Farul,Farul,0,0.3920,0.1480,0.0000,0.1818,0.4286,0.0000,0.0000,0.7500,0.0000
327,C,0.2701,Manboshi,Manboshi,1,0.5016,0.0000,0.1966,0.3636,0.8571,0.0000,0.0000,0.3000,0.0000
328,C,0.2701,Ryuboshi,Ryuboshi,1,0.5016,0.0000,0.1966,0.3636,0.8571,0.0000,0.0000,0.3000,0.0000
329,C,0.2699,Kuina,Kuina,0,0.2817,0.0000,0.0000,0.3636,0.7143,0.0000,0.0000,0.7500,0.0000
330,C,0.2689,Daigin,Daigin,0,0.2007,0.0000,0.0000,0.1818,0.7143,0.8209,0.0000,0.3000,0.0000
331,C,0.2689,Hyougoro,Hyougoro,0,0.5877,0.2346,0.0000,0.1818,0.8571,0.0000,0.0000,0.3000,0.0000
332,C,0.2687,Donquino,Donquino,0,0.3180,0.0000,0.0000,0.1818,0.1429,0.0000,0.0000,1.0000,0.0000
333,C,0.2684,Vinsmoke_Yonji,Vinsmoke Yonji,0,0.5477,0.1480,0.0000,0.2727,0.8571,0.0000,0.0000,0.3000,0.0000
334,C,0.2682,Sham,Sham,0,0.2593,0.1480,0.0000,0.0909,1.0000,0.7024,0.0000,0.3000,0.0000
335,C,0.2677,Guernika,Guernika,0,0.4184,0.0000,0.0000,0.1818,0.7143,0.0000,0.0000,0.7500,0.0000
336,C,0.2677,Megalo,Megalo,0,0.4716,0.2346,0.0000,0.3636,0.4286,0.0000,0.0000,0.3000,0.0000
337,C,0.2666,Vista,Vista,1,0.4538,0.1480,0.1966,0.1818,0.8571,0.0000,0.0000,0.5000,0.0000
338,C,0.2654,Baxcon,Baxcon,0,0.3820,0.0000,0.0000,0.2727,0.1429,0.0000,0.0000,0.7500,0.0000
339,C,0.2650,Charlotte_Chiffon,Charlotte Chiffon,0,0.5477,0.2961,0.0000,0.1818,0.8571,0.0000,0.0000,0.3000,0.0000
340,C,0.2645,Millet_Pine,Millet Pine,0,0.3010,0.0000,0.0000,0.1818,0.1429,0.0000,0.0000,1.0000,0.0000
341,C,0.2645,Mugren,Mugren,0,0.3010,0.0000,0.0000,0.1818,0.1429,0.0000,0.0000,1.0000,0.0000
342,C,0.2644,Elizabello_II,Elizabello II,0,0.4970,0.2346,0.0000,0.2727,0.8571,0.0000,0.0000,0.3000,0.0000
343,C,0.2643,Tenguyama_Hitetsu,Tenguyama Hitetsu,0,0.4659,0.0000,0.0000,0.0909,0.8571,0.0000,0.0000,0.7500,0.0000
344,C,0.2642,Vergo,Vergo,0,0.4771,0.0000,0.0000,0.0909,0.7143,0.0000,0.0000,0.7500,0.0000
345,C,0.2635,Giolla,Giolla,0,0.4336,0.1480,0.0000,0.0909,0.8571,0.0000,1.0000,0.5000,0.0000
346,C,0.2627,Kaya,Kaya,1,0.4474,0.1480,0.1966,0.5455,0.8571,0.0000,0.0000,0.0000,0.0000
347,C,0.2627,Riku_Doldo_III,Riku Doldo III,1,0.5926,0.1480,0.1966,0.3636,0.8571,0.0000,0.0000,0.0000,0.0000
348,C,0.2624,Jean_Bart,Jean Bart,0,0.5444,0.0000,0.0000,0.3636,0.4286,0.0000,0.0000,0.3000,0.0000
349,C,0.2621,Denjiro,Denjiro,0,0.5950,0.1480,0.0000,0.1818,0.8571,0.0000,0.0000,0.3000,0.0000
350,C,0.2596,Moon_Isaac_Jr.,Moon Isaac Jr.,0,0.2817,0.0000,0.0000,0.1818,0.1429,0.0000,0.0000,1.0000,0.0000
351,C,0.2596,Petermoo,Petermoo,0,0.2817,0.0000,0.0000,0.1818,0.1429,0.0000,0.0000,1.0000,0.0000
352,C,0.2593,Fossa,Fossa,1,0.4474,0.1480,0.1966,0.1818,0.5714,0.0000,0.0000,0.5000,0.0000
353,C,0.2591,Shishilian,Shishilian,0,0.5104,0.1480,0.0000,0.2727,0.8571,0.0000,0.0000,0.3000,0.0000
354,C,0.2582,Bluejam,Bluejam,0,0.2593,0.0000,0.0000,0.0909,1.0000,0.7342,0.0000,0.3000,0.0000
355,C,0.2580,Wadatsumi,Wadatsumi,0,0.5061,0.1480,0.0000,0.2727,0.8571,0.0000,0.0000,0.3000,0.0000
356,C,0.2580,Magellan,Magellan,1,0.4538,0.1480,0.1966,0.3636,0.8571,0.0000,1.0000,0.0000,0.0000
357,C,0.2579,Minister_of_the_Right,Minister of the Right,0,0.4923,0.0000,0.0000,0.3636,0.8571,0.0000,0.0000,0.3000,0.0000
358,C,0.2578,Figarland_Garling,Figarland Garling,0,0.3471,0.0000,0.0000,0.0909,0.1429,0.0000,0.0000,1.0000,0.0000
359,C,0.2570,Bogard,Bogard,1,0.4336,0.0000,0.1966,0.4545,0.1429,0.0000,0.0000,0.3000,0.0000
360,C,0.2568,Monster,Monster,0,0.3180,0.0000,0.0000,0.4545,0.5714,0.0000,0.0000,0.5000,0.0000
361,C,0.2565,Rocks_D._Xebec,Rocks D. Xebec,0,0.4184,0.1480,0.0000,0.1818,0.2857,0.0000,0.0000,0.3000,1.0000
362,C,0.2561,Wanze,Wanze,0,0.3010,0.1480,0.0000,0.1818,0.8571,0.0000,0.0000,0.7500,0.0000
363,C,0.2557,Gorilla,Gorilla,0,0.1590,0.0000,0.0000,0.1818,0.5714,0.8209,0.0000,0.3000,0.0000
364,C,0.2555,Bonk_Punch,Bonk Punch,0,0.3471,0.0000,0.0000,0.4545,0.1429,0.0000,0.0000,0.5000,0.0000
365,C,0.2547,Pierre,Pierre,1,0.5477,0.1480,0.1966,0.2727,0.4286,0.0000,1.0000,0.0000,0.0000
366,C,0.2542,Bobomba,Bobomba,0,0.4101,0.0000,0.0000,0.1818,0.1429,0.0000,0.0000,0.7500,0.0000
367,C,0.2541,Morgan,Morgan,2,0.4262,0.0000,0.3115,0.3636,0.7143,0.0000,0.0000,0.3000,0.0000
368,C,0.2541,Minister_of_the_Left,Minister of the Left,0,0.4771,0.0000,0.0000,0.3636,0.8571,0.0000,0.0000,0.3000,0.0000
369,C,0.2541,CB_Gallant,CB Gallant,0,0.2593,0.0000,0.0000,0.1818,0.1429,0.0000,0.0000,1.0000,0.0000
370,C,0.2541,MAX_Marx,MAX Marx,0,0.2593,0.0000,0.0000,0.1818,0.1429,0.0000,0.0000,1.0000,0.0000
371,C,0.2541,Rangram,Rangram,0,0.2593,0.0000,0.0000,0.1818,0.1429,0.0000,0.0000,1.0000,0.0000
372,C,0.2541,Rowing,Rowing,0,0.2593,0.0000,0.0000,0.1818,0.1429,0.0000,0.0000,1.0000,0.0000
373,C,0.2533,Cerberus,Cerberus,0,0.3471,0.1480,0.0000,0.1818,0.1429,0.0000,0.0000,0.7500,0.0000
374,C,0.2517,Akehende,Akehende,0,0.1003,0.0000,0.0000,0.0909,0.2857,0.8518,0.0000,0.5000,0.0000
375,C,0.2513,Vasco_Shot,Vasco Shot,0,0.3713,0.0000,0.0000,0.1818,0.8571,0.0000,1.0000,0.5000,0.0000
376,C,0.2507,Demalo_Black,Demalo Black,1,0.2817,0.0000,0.1966,0.1818,1.0000,0.7609,0.0000,0.0000,0.0000
377,C,0.2507,Ochoku,Ochoku,0,0.2593,0.1480,0.0000,0.0909,0.1429,0.0000,0.0000,1.0000,0.0000
378,C,0.2506,Spandam,Spandam,1,0.5444,0.1480,0.1966,0.3636,0.8571,0.0000,0.0000,0.0000,0.0000
379,C,0.2499,Roshio,Roshio,0,0.1590,0.0000,0.0000,0.1818,0.5714,0.7822,0.0000,0.3000,0.0000
380,C,0.2491,Makino,Makino,0,0.3597,0.1480,0.0000,0.6364,0.8571,0.0000,0.0000,0.0000,0.0000
381,C,0.2489,Risky_Brothers,Risky Brothers,0,0.4407,0.0000,0.0000,0.4545,0.1429,0.0000,0.0000,0.3000,0.0000
382,C,0.2489,Wyper,Wyper,1,0.5375,0.1480,0.1966,0.3636,0.8571,0.0000,0.0000,0.0000,0.0000
383,C,0.2485,Peachbeard,Peachbeard,0,0.1003,0.0000,0.0000,0.0909,0.5714,0.7918,0.0000,0.5000,0.0000
384,C,0.2475,Bankuro,Bankuro,0,0.2330,0.0000,0.0000,0.1818,0.1429,0.0000,0.0000,1.0000,0.0000
385,C,0.2475,Erio,Erio,0,0.2330,0.0000,0.0000,0.1818,0.1429,0.0000,0.0000,1.0000,0.0000
386,C,0.2465,Shuri,Shuri,0,0.1590,0.0000,0.0000,0.0909,0.4286,0.0000,1.0000,1.0000,0.0000
387,C,0.2460,Gonbe,Gonbe,1,0.5603,0.1480,0.1966,0.3636,0.4286,0.0000,0.0000,0.0000,0.0000
388,C,0.2458,Peepley_Lulu,Peepley Lulu,0,0.5510,0.0000,0.0000,0.4545,0.8571,0.0000,0.0000,0.0000,0.0000
389,C,0.2458,Mozu_and_Kiwi,Mozu and Kiwi,1,0.5747,0.2346,0.1966,0.2727,0.7143,0.0000,0.0000,0.0000,0.0000
390,C,0.2451,Kong,Kong,0,0.2007,0.0000,0.0000,0.1818,0.4286,0.0000,0.0000,1.0000,0.0000
391,C,0.2449,Charlotte_Opera,Charlotte Opera,0,0.3820,0.1480,0.0000,0.0909,0.5714,0.0000,1.0000,0.5000,0.0000
392,C,0.2445,Joseph,Joseph,0,0.3713,0.0000,0.0000,0.1818,0.1429,0.0000,0.0000,0.7500,0.0000
393,C,0.2426,Nitro,Nitro,0,0.4407,0.0000,0.0000,0.2727,0.1429,0.0000,0.0000,0.5000,0.0000
394,C,0.2422,Rakuyo,Rakuyo,0,0.4184,0.1480,0.0000,0.1818,0.5714,0.0000,0.0000,0.5000,0.0000
395,C,0.2416,Nubon,Nubon,0,0.3597,0.0000,0.0000,0.1818,0.1429,0.0000,0.0000,0.7500,0.0000
396,C,0.2413,Ross,Ross,0,0.3471,0.0000,0.0000,0.1818,0.2857,0.0000,0.0000,0.7500,0.0000
397,C,0.2413,Charlotte_Mobile,Charlotte Mobile,0,0.4013,0.0000,0.0000,0.2727,0.5714,0.0000,0.0000,0.5000,0.0000
398,C,0.2410,Heat,Heat,0,0.4474,0.0000,0.0000,0.3636,0.5714,0.0000,0.0000,0.3000,0.0000
399,C,0.2410,Nojiko,Nojiko,1,0.4923,0.0000,0.1966,0.4545,0.8571,0.0000,0.0000,0.0000,0.0000
400,C,0.2404,Speed,Speed,0,0.4474,0.0000,0.0000,0.1818,0.8571,0.0000,0.0000,0.5000,0.0000
401,C,0.2401,Curiel,Curiel,0,0.4101,0.1480,0.0000,0.1818,0.5714,0.0000,0.0000,0.5000,0.0000
402,C,0.2397,Genzo,Genzo,1,0.4874,0.0000,0.1966,0.4545,0.8571,0.0000,0.0000,0.0000,0.0000
403,C,0.2397,Patty,Patty,1,0.4874,0.0000,0.1966,0.4545,0.8571,0.0000,0.0000,0.0000,0.0000
404,C,0.2394,Jacksonbanner,Jacksonbanner,0,0.2007,0.0000,0.0000,0.1818,0.1429,0.0000,0.0000,1.0000,0.0000
405,C,0.2394,Yui,Yui,0,0.2007,0.0000,0.0000,0.1818,0.1429,0.0000,0.0000,1.0000,0.0000
406,C,0.2393,Wire,Wire,0,0.4407,0.0000,0.0000,0.3636,0.5714,0.0000,0.0000,0.3000,0.0000
407,C,0.2393,Sweet_Pea,Sweet Pea,1,0.4013,0.0000,0.1966,0.3636,0.5714,0.0000,0.0000,0.3000,0.0000
408,C,0.2380,Concelot,Concelot,0,0.4262,0.1480,0.0000,0.2727,0.8571,0.0000,0.0000,0.3000,0.0000
409,C,0.2380,Sanjuan_Wolf,Sanjuan Wolf,0,0.3180,0.0000,0.0000,0.1818,0.8571,0.0000,1.0000,0.5000,0.0000
410,C,0.2361,Giovanni,Giovanni,0,0.4184,0.1480,0.0000,0.2727,0.8571,0.0000,0.0000,0.3000,0.0000
411,C,0.2358,Morgans,Morgans,0,0.4771,0.1480,0.0000,0.2727,0.8571,0.0000,1.0000,0.0000,0.0000
412,C,0.2356,Atmos,Atmos,0,0.3920,0.1480,0.0000,0.1818,0.5714,0.0000,0.0000,0.5000,0.0000
413,C,0.2353,Ashura_Doji,Ashura Doji,0,0.5719,0.1480,0.0000,0.0909,0.7143,0.0000,0.0000,0.3000,0.0000
414,C,0.2350,Maujii,Maujii,0,0.3333,0.0000,0.0000,0.1818,0.1429,0.0000,0.0000,0.7500,0.0000
415,C,0.2343,Conis,Conis,0,0.5187,0.1480,0.0000,0.3636,0.8571,0.0000,0.0000,0.0000,0.0000
416,C,0.2341,Gan_Fall,Gan Fall,1,0.5510,0.1480,0.1966,0.2727,0.8571,0.0000,0.0000,0.0000,0.0000
417,C,0.2336,Atlas,Atlas,1,0.5146,0.1480,0.1966,0.0909,0.8571,0.0000,0.0000,0.3000,0.0000
418,C,0.2336,Adio_Suerte,Adio Suerte,0,0.1003,0.0000,0.0000,0.0909,0.8571,0.9546,1.0000,0.0000,0.0000
419,C,0.2335,Tyrannosaurus,Tyrannosaurus,0,0.4771,0.1480,0.0000,0.4545,0.4286,0.0000,0.0000,0.0000,0.0000
420,C,0.2333,Charlotte_Kato,Charlotte Kato,0,0.3920,0.0000,0.0000,0.2727,0.2857,0.0000,0.0000,0.5000,0.0000
421,C,0.2331,Blenheim,Blenheim,0,0.3820,0.1480,0.0000,0.1818,0.5714,0.0000,0.0000,0.5000,0.0000
422,C,0.2324,Shine,Shine,0,0.2007,0.0000,0.0000,0.2727,0.2857,0.5131,0.0000,0.3000,0.0000
423,C,0.2322,Chao,Chao,0,0.4600,0.1480,0.0000,0.2727,0.1429,0.0000,0.0000,0.3000,0.0000
424,C,0.2318,Kinoko,Kinoko,0,0.1590,0.0000,0.0000,0.0909,0.2857,0.8209,0.0000,0.3000,0.0000
425,C,0.2317,Vander_Decken_IX,Vander Decken IX,0,0.4262,0.1480,0.0000,0.0909,0.8571,0.0000,1.0000,0.3000,0.0000
426,C,0.2315,Ganzui,Ganzui,0,0.4101,0.1480,0.0000,0.1818,0.1429,0.0000,1.0000,0.3000,0.0000
427,C,0.2315,Pellini,Pellini,0,0.3920,0.0000,0.0000,0.0909,0.1429,0.0000,0.0000,0.7500,0.0000
428,C,0.2315,Hody_Jones,Hody Jones,1,0.5061,0.1480,0.1966,0.0909,0.8571,0.0000,0.0000,0.3000,0.0000
429,C,0.2312,Gambo,Gambo,0,0.3180,0.0000,0.0000,0.1818,0.1429,0.0000,0.0000,0.7500,0.0000
430,C,0.2312,Aisa,Aisa,0,0.5061,0.1480,0.0000,0.3636,0.8571,0.0000,0.0000,0.0000,0.0000
431,C,0.2307,Capone_Pez,Capone Pez,0,0.4923,0.1480,0.0000,0.1818,0.5714,0.0000,0.0000,0.3000,0.0000
432,C,0.2303,Shakuyaku,Shakuyaku,0,0.4659,0.0000,0.0000,0.2727,0.7143,0.0000,0.0000,0.3000,0.0000
433,C,0.2301,Limejuice,Limejuice,0,0.3180,0.0000,0.0000,0.3636,0.1429,0.0000,0.0000,0.5000,0.0000
434,C,0.2294,John,John,0,0.4013,0.1480,0.0000,0.1818,0.1429,0.0000,1.0000,0.3000,0.0000
435,C,0.2290,Maha,Maha,0,0.3820,0.0000,0.0000,0.0909,0.1429,0.0000,0.0000,0.7500,0.0000
436,C,0.2290,Blumarine,Blumarine,0,0.1590,0.0000,0.0000,0.1818,0.1429,0.0000,0.0000,1.0000,0.0000
437,C,0.2282,Fukurokuju,Fukurokuju,0,0.4716,0.0000,0.0000,0.0909,0.8571,0.0000,0.0000,0.5000,0.0000
438,C,0.2281,Gismonda,Gismonda,0,0.2330,0.0000,0.0000,0.2727,0.1429,0.0000,0.0000,0.7500,0.0000
439,C,0.2280,Sterry,Sterry,1,0.3333,0.0000,0.1966,0.3636,0.8571,0.0000,0.0000,0.3000,0.0000
440,C,0.2278,Rokkaku,Rokkaku,0,0.1590,0.0000,0.0000,0.1818,0.7143,0.6157,0.0000,0.3000,0.0000
441,C,0.2278,Stalker,Stalker,0,0.1590,0.0000,0.0000,0.1818,0.7143,0.6157,0.0000,0.3000,0.0000
442,C,0.2277,Koushirou,Koushirou,0,0.3333,0.0000,0.0000,0.6364,0.8571,0.0000,0.0000,0.0000,0.0000
443,C,0.2275,Nero,Nero,0,0.2593,0.1480,0.0000,0.0909,0.8571,0.0000,0.0000,0.7500,0.0000
444,C,0.2270,Ahiru,Ahiru,0,0.3010,0.0000,0.0000,0.1818,0.1429,0.0000,0.0000,0.7500,0.0000
445,C,0.2270,Daikon,Daikon,0,0.3010,0.0000,0.0000,0.1818,0.1429,0.0000,0.0000,0.7500,0.0000
446,C,0.2270,Ushiano,Ushiano,0,0.3010,0.0000,0.0000,0.1818,0.1429,0.0000,0.0000,0.7500,0.0000
447,C,0.2260,Tilestone,Tilestone,0,0.5444,0.0000,0.0000,0.3636,0.8571,0.0000,0.0000,0.0000,0.0000
448,C,0.2258,Hongo,Hongo,0,0.3010,0.0000,0.0000,0.3636,0.1429,0.0000,0.0000,0.5000,0.0000
449,C,0.2247,Blamenco,Blamenco,0,0.3010,0.1480,0.0000,0.0909,0.5714,0.0000,1.0000,0.5000,0.0000
450,C,0.2244,Kingdew,Kingdew,0,0.3471,0.1480,0.0000,0.1818,0.5714,0.0000,0.0000,0.5000,0.0000
451,C,0.2241,Nola,Nola,0,0.4659,0.2346,0.0000,0.3636,0.5714,0.0000,0.0000,0.0000,0.0000
452,C,0.2240,Holed'em,Holed'em,0,0.3820,0.0000,0.0000,0.1818,0.8571,0.0000,0.0000,0.5000,0.0000
453,C,0.2231,Zambai,Zambai,1,0.5662,0.0000,0.1966,0.2727,0.8571,0.0000,0.0000,0.0000,0.0000
454,C,0.2226,Rabiyan,Rabiyan,0,0.4336,0.0000,0.0000,0.1818,0.1429,0.0000,0.0000,0.5000,0.0000
455,C,0.2213,Gloriosa,Gloriosa,0,0.3820,0.1480,0.0000,0.2727,0.5714,0.0000,0.0000,0.3000,0.0000
456,C,0.2212,Satchels_Maffey,Satchels Maffey,0,0.2007,0.0000,0.0000,0.0909,0.1429,0.0000,0.0000,1.0000,0.0000
457,C,0.2212,Seagull_Guns_Nozdon,Seagull Guns Nozdon,0,0.2007,0.0000,0.0000,0.0909,0.1429,0.0000,0.0000,1.0000,0.0000
458,C,0.2209,Charlotte_Compote,Charlotte Compote,0,0.3333,0.1480,0.0000,0.1818,0.5714,0.0000,0.0000,0.5000,0.0000
459,C,0.2207,Gyro,Gyro,0,0.1003,0.0000,0.0000,0.0909,0.5714,0.8069,0.0000,0.3000,0.0000
460,C,0.2206,Porchemy,Porchemy,0,0.1590,0.0000,0.0000,0.0909,0.8571,0.6702,0.0000,0.3000,0.0000
461,C,0.2205,Charlotte_Broyé,Charlotte Broyé,0,0.3180,0.0000,0.0000,0.2727,0.5714,0.0000,0.0000,0.5000,0.0000
462,C,0.2194,Devil_Dias,Devil Dias,0,0.1003,0.0000,0.0000,0.0909,0.5714,0.7981,0.0000,0.3000,0.0000
463,C,0.2192,Makko,Makko,0,0.1590,0.0000,0.0000,0.1818,0.2857,0.6157,0.0000,0.3000,0.0000
464,C,0.2192,Zotto,Zotto,0,0.1590,0.0000,0.0000,0.1818,0.2857,0.6157,0.0000,0.3000,0.0000
465,C,0.2189,Tristan,Tristan,0,0.4659,0.0000,0.0000,0.2727,0.1429,0.0000,0.0000,0.3000,0.0000
466,C,0.2188,Bell-mère,Bell-mère,0,0.3471,0.0000,0.0000,0.3636,0.7143,0.0000,0.0000,0.3000,0.0000
467,C,0.2186,Charlotte_Brownie,Charlotte Brownie,0,0.3333,0.0000,0.0000,0.2727,0.2857,0.0000,0.0000,0.5000,0.0000
468,C,0.2180,Yokozuna,Yokozuna,1,0.5303,0.0000,0.1966,0.3636,0.1429,0.0000,0.0000,0.0000,0.0000
469,C,0.2179,Surume,Surume,0,0.4184,0.1480,0.0000,0.1818,0.8571,0.0000,0.0000,0.3000,0.0000
470,C,0.2175,Yomo,Yomo,0,0.4013,0.1480,0.0000,0.2727,0.1429,0.0000,0.0000,0.3000,0.0000
471,C,0.2174,Toto,Toto,0,0.4716,0.0000,0.0000,0.4545,0.4286,0.0000,0.0000,0.0000,0.0000
472,C,0.2171,Kibin,Kibin,0,0.1003,0.0000,0.0000,0.0909,0.2857,0.8209,0.0000,0.3000,0.0000
473,C,0.2171,Ratel,Ratel,0,0.1003,0.0000,0.0000,0.0909,0.2857,0.8209,0.0000,0.3000,0.0000
474,C,0.2169,Harald,Harald,0,0.3920,0.0000,0.0000,0.0909,0.2857,0.0000,0.0000,0.3000,1.0000
475,C,0.2168,Komachiyo,Komachiyo,0,0.5303,0.0000,0.0000,0.1818,0.1429,0.0000,0.0000,0.3000,0.0000
476,C,0.2164,Lilith,Lilith,0,0.5444,0.0000,0.0000,0.0909,0.8571,0.0000,0.0000,0.3000,0.0000
477,C,0.2163,Aphelandra,Aphelandra,1,0.3820,0.0000,0.1966,0.2727,0.5714,0.0000,0.0000,0.3000,0.0000
478,C,0.2160,Mikazuki,Mikazuki,0,0.1003,0.0000,0.0000,0.0909,0.5714,0.7754,0.0000,0.3000,0.0000
479,C,0.2158,Hogback,Hogback,0,0.4101,0.1480,0.0000,0.1818,0.8571,0.0000,0.0000,0.3000,0.0000
480,C,0.2156,Charlotte_Basskarte,Charlotte Basskarte,0,0.3713,0.0000,0.0000,0.1818,0.5714,0.0000,0.0000,0.5000,0.0000
481,C,0.2154,Building_Snake,Building Snake,0,0.2593,0.0000,0.0000,0.3636,0.1429,0.0000,0.0000,0.5000,0.0000
482,C,0.2149,Dagama,Dagama,0,0.4407,0.1480,0.0000,0.1818,0.4286,0.0000,0.0000,0.3000,0.0000
483,C,0.2148,Charlotte_Zuccotto,Charlotte Zuccotto,0,0.3180,0.0000,0.0000,0.2727,0.2857,0.0000,0.0000,0.5000,0.0000
484,C,0.2147,Ikkaku,Ikkaku,0,0.4262,0.0000,0.0000,0.2727,0.4286,0.0000,0.0000,0.3000,0.0000
485,C,0.2139,Uta,Uta,0,0.2330,0.0000,0.0000,0.1818,0.7143,0.0000,1.0000,0.5000,0.0000
486,C,0.2132,Carne,Carne,1,0.4538,0.0000,0.1966,0.3636,0.8571,0.0000,0.0000,0.0000,0.0000
487,C,0.2131,Kamakiri,Kamakiri,0,0.4336,0.1480,0.0000,0.3636,0.8571,0.0000,0.0000,0.0000,0.0000
488,C,0.2128,Epoida,Epoida,0,0.3713,0.0000,0.0000,0.1818,0.4286,0.0000,0.0000,0.5000,0.0000
489,C,0.2126,Charlotte_Tablet,Charlotte Tablet,0,0.3820,0.0000,0.0000,0.1818,0.2857,0.0000,0.0000,0.5000,0.0000
490,C,0.2116,Zeo,Zeo,0,0.4659,0.1480,0.0000,0.0909,0.8571,0.0000,0.0000,0.3000,0.0000
491,C,0.2109,Blackback,Blackback,0,0.4474,0.1480,0.0000,0.1818,0.1429,0.0000,0.0000,0.3000,0.0000
492,C,0.2108,Manmayer_Gurou,Manmayer Gurou,0,0.1590,0.0000,0.0000,0.0909,0.1429,0.0000,0.0000,1.0000,0.0000
493,C,0.2108,Yamon,Yamon,0,0.1590,0.0000,0.0000,0.0909,0.1429,0.0000,0.0000,1.0000,0.0000
494,C,0.2107,Daisy,Daisy,1,0.3597,0.0000,0.1966,0.2727,0.5714,0.0000,0.0000,0.3000,0.0000
495,C,0.2107,Ran,Ran,1,0.3597,0.0000,0.1966,0.2727,0.5714,0.0000,0.0000,0.3000,0.0000
496,C,0.2106,Clione,Clione,0,0.4101,0.0000,0.0000,0.2727,0.4286,0.0000,0.0000,0.3000,0.0000
497,C,0.2104,Woop_Slap,Woop Slap,0,0.3597,0.0000,0.0000,0.5455,0.5714,0.0000,0.0000,0.0000,0.0000
498,C,0.2100,Hack,Hack,0,0.5375,0.0000,0.0000,0.3636,0.1429,0.0000,0.0000,0.0000,0.0000
499,C,0.2099,Andre,Andre,0,0.3597,0.0000,0.0000,0.1818,0.4286,0.0000,0.0000,0.5000,0.0000
500,C,0.2097,Kamijiro,Kamijiro,0,0.3820,0.0000,0.0000,0.1818,0.1429,0.0000,0.0000,0.5000,0.0000
501,C,0.2096,Hera,Hera,0,0.3471,0.0000,0.0000,0.1818,0.5714,0.0000,0.0000,0.5000,0.0000
502,C,0.2093,Haruta,Haruta,0,0.3597,0.1480,0.0000,0.0909,0.5714,0.0000,0.0000,0.5000,0.0000
503,C,0.2093,Braham,Braham,0,0.4184,0.1480,0.0000,0.3636,0.8571,0.0000,0.0000,0.0000,0.0000
504,C,0.2089,Uni,Uni,0,0.4262,0.0000,0.0000,0.2727,0.1429,0.0000,0.0000,0.3000,0.0000
505,C,0.2088,Yeti_Cool_Brothers,Yeti Cool Brothers,0,0.2330,0.0000,0.0000,0.0909,1.0000,0.7492,0.0000,0.0000,0.0000
506,C,0.2086,Daruma,Daruma,0,0.4538,0.1480,0.0000,0.0909,0.8571,0.0000,0.0000,0.3000,0.0000
507,C,0.2086,Dosun,Dosun,0,0.4538,0.1480,0.0000,0.0909,0.8571,0.0000,0.0000,0.3000,0.0000
508,C,0.2083,Hanzo,Hanzo,0,0.3920,0.0000,0.0000,0.0909,0.8571,0.0000,0.0000,0.5000,0.0000
509,C,0.2076,Rindo,Rindo,1,0.3471,0.0000,0.1966,0.2727,0.5714,0.0000,0.0000,0.3000,0.0000
510,C,0.2070,Ikaros_Much,Ikaros Much,0,0.4474,0.1480,0.0000,0.0909,0.8571,0.0000,0.0000,0.3000,0.0000
511,C,0.2069,Jarul,Jarul,0,0.4336,0.0000,0.0000,0.1818,0.8571,0.0000,0.0000,0.3000,0.0000
512,C,0.2061,Charlotte_Decuplets,Charlotte Decuplets,0,0.3333,0.0000,0.0000,0.1818,0.5714,0.0000,0.0000,0.5000,0.0000
513,C,0.2060,Otohime,Otohime,0,0.3820,0.1480,0.0000,0.1818,0.7143,0.0000,0.0000,0.3000,0.0000
514,C,0.2058,Mocha,Mocha,0,0.4771,0.1480,0.0000,0.2727,0.8571,0.0000,0.0000,0.0000,0.0000
515,C,0.2055,Sarahebi,Sarahebi,0,0.3180,0.0000,0.0000,0.0909,0.1429,0.0000,1.0000,0.5000,0.0000
516,C,0.2055,Charlotte_Cinnamon,Charlotte Cinnamon,0,0.3920,0.0000,0.0000,0.0909,0.7143,0.0000,0.0000,0.5000,0.0000
517,C,0.2051,Sind,Sind,1,0.4923,0.1480,0.1966,0.2727,0.1429,0.0000,0.0000,0.0000,0.0000
518,C,0.2050,Genbo,Genbo,0,0.4013,0.1480,0.0000,0.3636,0.8571,0.0000,0.0000,0.0000,0.0000
519,C,0.2049,Kingbaum,Kingbaum,0,0.4013,0.0000,0.0000,0.0909,0.5714,0.0000,0.0000,0.5000,0.0000
520,C,0.2049,Miyagi,Miyagi,0,0.4600,0.0000,0.0000,0.1818,0.4286,0.0000,0.0000,0.3000,0.0000
521,C,0.2049,Hakowan,Hakowan,0,0.4101,0.0000,0.0000,0.2727,0.1429,0.0000,0.0000,0.3000,0.0000
522,C,0.2045,Hamburg,Hamburg,1,0.3597,0.1480,0.1966,0.1818,0.4286,0.0000,0.0000,0.3000,0.0000
523,C,0.2045,Porche,Porche,1,0.3597,0.1480,0.1966,0.1818,0.4286,0.0000,0.0000,0.3000,0.0000
524,C,0.2044,Babanuki,Babanuki,0,0.4336,0.0000,0.0000,0.0909,0.1429,0.0000,0.0000,0.5000,0.0000
525,C,0.2040,Tsumonsieur_Kamaya,Tsumonsieur Kamaya,0,0.2817,0.0000,0.0000,0.0909,0.1429,0.0000,0.0000,0.7500,0.0000
526,C,0.2039,Doran,Doran,1,0.4874,0.1480,0.1966,0.2727,0.1429,0.0000,0.0000,0.0000,0.0000
527,C,0.2038,Asahija,Asahija,0,0.1590,0.0000,0.0000,0.1818,0.2857,0.5131,0.0000,0.3000,0.0000
528,C,0.2038,Charlotte_Flampe,Charlotte Flampe,0,0.3010,0.0000,0.0000,0.1818,0.8571,0.0000,0.0000,0.5000,0.0000
529,C,0.2036,Roddy,Roddy,0,0.4184,0.1480,0.0000,0.1818,0.1429,0.0000,0.0000,0.3000,0.0000
530,C,0.2036,Gedatsu,Gedatsu,0,0.5410,0.1480,0.0000,0.1818,0.8571,0.0000,0.0000,0.0000,0.0000
531,C,0.2031,Daikoku,Daikoku,0,0.3713,0.0000,0.0000,0.0909,0.8571,0.0000,0.0000,0.5000,0.0000
532,C,0.2030,Chess,Chess,1,0.3920,0.1480,0.1966,0.0909,0.8571,0.0000,0.0000,0.3000,0.0000
533,C,0.2029,Shimotsuki_Kouzaburou,Shimotsuki Kouzaburou,0,0.1590,0.0000,0.0000,0.1818,0.7143,0.0000,0.0000,0.7500,0.0000
534,C,0.2024,Oars,Oars,0,0.4407,0.1480,0.0000,0.0909,0.7143,0.0000,0.0000,0.3000,0.0000
535,C,0.2023,Charlotte_Effilée,Charlotte Effilée,0,0.3180,0.0000,0.0000,0.1818,0.5714,0.0000,0.0000,0.5000,0.0000
536,C,0.2023,Charlotte_Poire,Charlotte Poire,0,0.3180,0.0000,0.0000,0.1818,0.5714,0.0000,0.0000,0.5000,0.0000
537,C,0.2015,Kinderella,Kinderella,0,0.3010,0.0000,0.0000,0.3636,0.4286,0.0000,0.0000,0.3000,0.0000
538,C,0.2015,Franky_Family,Franky Family,3,0.6430,0.0000,0.3931,0.0909,0.1429,0.0000,0.0000,0.0000,0.0000
539,C,0.2010,Aladine,Aladine,0,0.4101,0.0000,0.0000,0.1818,0.8571,0.0000,0.0000,0.3000,0.0000
540,C,0.2010,Scotch,Scotch,0,0.3471,0.0000,0.0000,0.1818,0.1429,0.0000,0.0000,0.5000,0.0000
541,C,0.2009,Hoe,Hoe,0,0.3713,0.0000,0.0000,0.2727,0.4286,0.0000,0.0000,0.3000,0.0000
542,C,0.2009,An_Zengaiina,An Zengaiina,0,0.1590,0.0000,0.0000,0.1818,0.7143,0.7364,0.0000,0.0000,0.0000
543,C,0.2009,Jean_Goen,Jean Goen,0,0.1590,0.0000,0.0000,0.1818,0.7143,0.7364,0.0000,0.0000,0.0000
544,C,0.2008,Gyaro,Gyaro,0,0.3820,0.0000,0.0000,0.2727,0.2857,0.0000,0.0000,0.3000,0.0000
545,C,0.2008,Hakugan,Hakugan,0,0.3820,0.0000,0.0000,0.2727,0.2857,0.0000,0.0000,0.3000,0.0000
546,C,0.2008,Tansui,Tansui,0,0.3820,0.0000,0.0000,0.2727,0.2857,0.0000,0.0000,0.3000,0.0000
547,C,0.2005,Kuromarimo,Kuromarimo,1,0.3820,0.1480,0.1966,0.0909,0.8571,0.0000,0.0000,0.3000,0.0000
548,C,0.2004,Charlotte_Praline,Charlotte Praline,0,0.3010,0.1480,0.0000,0.0909,0.8571,0.0000,0.0000,0.5000,0.0000
549,C,0.1995,Higuma,Higuma,0,0.1590,0.0000,0.0000,0.1818,0.8571,0.7083,0.0000,0.0000,0.0000
550,C,0.1994,Karma,Karma,0,0.3180,0.0000,0.0000,0.1818,0.4286,0.0000,0.0000,0.5000,0.0000
551,C,0.1989,Sheepshead,Sheepshead,0,0.2817,0.0000,0.0000,0.1818,0.8571,0.0000,0.0000,0.5000,0.0000
552,C,0.1988,Toko,Toko,0,0.4874,0.2346,0.0000,0.1818,0.8571,0.0000,0.0000,0.0000,0.0000
553,C,0.1984,Jiron,Jiron,0,0.2593,0.0000,0.0000,0.0909,0.1429,0.0000,0.0000,0.7500,0.0000
554,C,0.1984,Laskey,Laskey,0,0.2593,0.0000,0.0000,0.0909,0.1429,0.0000,0.0000,0.7500,0.0000
555,C,0.1980,Jerry,Jerry,0,0.2007,0.0000,0.0000,0.0909,0.8571,0.0000,0.0000,0.7500,0.0000
556,C,0.1980,Heracles,Heracles,0,0.3597,0.0000,0.0000,0.4545,0.8571,0.0000,0.0000,0.0000,0.0000
557,C,0.1975,Randolph,Randolph,0,0.3333,0.0000,0.0000,0.1818,0.1429,0.0000,0.0000,0.5000,0.0000
558,C,0.1974,Charlotte_Amande,Charlotte Amande,0,0.3713,0.0000,0.0000,0.0909,0.5714,0.0000,0.0000,0.5000,0.0000
559,C,0.1972,Gab,Gab,0,0.2593,0.0000,0.0000,0.2727,0.1429,0.0000,0.0000,0.5000,0.0000
560,C,0.1968,Edison,Edison,0,0.4659,0.0000,0.0000,0.0909,0.8571,0.0000,0.0000,0.3000,0.0000
561,C,0.1968,York,York,0,0.4659,0.0000,0.0000,0.0909,0.8571,0.0000,0.0000,0.3000,0.0000
562,C,0.1964,Daifugo,Daifugo,0,0.4013,0.0000,0.0000,0.0909,0.1429,0.0000,0.0000,0.5000,0.0000
563,C,0.1961,Z,Z,0,0.1003,0.0000,0.0000,0.0909,0.1429,0.0000,0.0000,1.0000,0.0000
564,C,0.1961,Cho,Cho,0,0.4474,0.0000,0.0000,0.1818,0.1429,0.0000,0.0000,0.3000,0.0000
565,C,0.1958,Utan_Divers,Utan Divers,0,0.3010,0.0000,0.0000,0.3636,0.1429,0.0000,0.0000,0.3000,0.0000
566,C,0.1953,Shaka,Shaka,0,0.4600,0.0000,0.0000,0.0909,0.8571,0.0000,0.0000,0.3000,0.0000
567,C,0.1952,A_O,A O,0,0.3010,0.0000,0.0000,0.1818,0.4286,0.0000,0.0000,0.5000,0.0000
568,C,0.1946,Gally,Gally,0,0.1003,0.0000,0.0000,0.0909,0.2857,0.6709,0.0000,0.3000,0.0000
569,C,0.1943,Cosmos,Cosmos,0,0.3333,0.0000,0.0000,0.2727,0.5714,0.0000,0.0000,0.3000,0.0000
570,C,0.1942,Charlotte_Citron,Charlotte Citron,0,0.3471,0.0000,0.0000,0.0909,0.7143,0.0000,0.0000,0.5000,0.0000
571,C,0.1939,Lacuba,Lacuba,0,0.2007,0.0000,0.0000,0.0909,0.7143,0.7419,0.0000,0.0000,0.0000
572,C,0.1936,Chome,Chome,0,0.3333,0.0000,0.0000,0.0909,0.8571,0.0000,0.0000,0.5000,0.0000
573,C,0.1936,Kazekage,Kazekage,0,0.3333,0.0000,0.0000,0.0909,0.8571,0.0000,0.0000,0.5000,0.0000
574,C,0.1932,Charlotte_Raisin,Charlotte Raisin,0,0.2817,0.0000,0.0000,0.1818,0.5714,0.0000,0.0000,0.5000,0.0000
575,C,0.1928,Momoo,Momoo,0,0.3180,0.1480,0.0000,0.1818,0.8571,0.0000,0.0000,0.3000,0.0000
576,C,0.1920,Rivers,Rivers,0,0.3471,0.0000,0.0000,0.2727,0.2857,0.0000,0.0000,0.3000,0.0000
577,C,0.1919,Albion,Albion,0,0.1590,0.0000,0.0000,0.0909,0.5714,0.8172,0.0000,0.0000,0.0000
578,C,0.1919,Itomimizu,Itomimizu,1,0.3820,0.1480,0.1966,0.0909,0.4286,0.0000,0.0000,0.3000,0.0000
579,C,0.1915,Diesel,Diesel,0,0.3820,0.0000,0.0000,0.0909,0.1429,0.0000,0.0000,0.5000,0.0000
580,C,0.1915,Terry_Gilteo,Terry Gilteo,0,0.1590,0.0000,0.0000,0.1818,0.1429,0.0000,0.0000,0.7500,0.0000
581,C,0.1911,Terracotta,Terracotta,0,0.2593,0.0000,0.0000,0.3636,0.4286,0.0000,0.0000,0.3000,0.0000
582,C,0.1906,Camel,Camel,0,0.2330,0.0000,0.0000,0.2727,0.1429,0.0000,0.0000,0.5000,0.0000
583,C,0.1904,Gatz,Gatz,0,0.5227,0.1480,0.0000,0.1818,0.4286,0.0000,0.0000,0.0000,0.0000
584,C,0.1903,Ginrummy,Ginrummy,0,0.2817,0.0000,0.0000,0.1818,0.4286,0.0000,0.0000,0.5000,0.0000
585,C,0.1903,Victoria_Cindry,Victoria Cindry,0,0.3920,0.1480,0.0000,0.0909,0.7143,0.0000,0.0000,0.3000,0.0000
586,C,0.1889,Hamlet,Hamlet,0,0.3713,0.0000,0.0000,0.0909,0.1429,0.0000,0.0000,0.5000,0.0000
587,C,0.1886,Pearl,Pearl,0,0.3010,0.1480,0.0000,0.1818,0.8571,0.0000,0.0000,0.3000,0.0000
588,C,0.1885,Tank_Lepanto,Tank Lepanto,0,0.5016,0.0000,0.0000,0.2727,0.4286,0.0000,0.0000,0.0000,0.0000
589,C,0.1884,Ham_Burger,Ham Burger,1,0.2817,0.0000,0.1966,0.2727,0.4286,0.0000,0.0000,0.3000,0.0000
590,C,0.1879,Buckingham_Stussy,Buckingham Stussy,0,0.3713,0.1480,0.0000,0.0909,0.8571,0.0000,0.0000,0.3000,0.0000
591,C,0.1879,Charlotte_Myukuru,Charlotte Myukuru,0,0.3333,0.0000,0.0000,0.0909,0.5714,0.0000,0.0000,0.5000,0.0000
592,C,0.1876,Yosaku,Yosaku,1,0.4970,0.0000,0.1966,0.1818,0.8571,0.0000,0.0000,0.0000,0.0000
593,C,0.1869,Pythagoras,Pythagoras,0,0.4262,0.0000,0.0000,0.0909,0.8571,0.0000,0.0000,0.3000,0.0000
594,C,0.1865,Hannyabal,Hannyabal,1,0.4336,0.1480,0.1966,0.1818,0.8571,0.0000,0.0000,0.0000,0.0000
595,C,0.1863,Mr._9,Mr. 9,2,0.3597,0.1480,0.3115,0.2727,0.5714,0.0000,0.0000,0.0000,0.0000
596,C,0.1863,Dogra,Dogra,0,0.3471,0.0000,0.0000,0.4545,0.4286,0.0000,0.0000,0.0000,0.0000
597,C,0.1863,Magra,Magra,0,0.3471,0.0000,0.0000,0.4545,0.4286,0.0000,0.0000,0.0000,0.0000
598,C,0.1859,Lip_Doughty,Lip Doughty,0,0.1590,0.0000,0.0000,0.0909,0.2857,0.8152,0.0000,0.0000,0.0000
599,C,0.1856,Jigoku_Benten,Jigoku Benten,0,0.3010,0.0000,0.0000,0.0909,0.8571,0.0000,0.0000,0.5000,0.0000
600,C,0.1852,Johnny,Johnny,1,0.4874,0.0000,0.1966,0.1818,0.8571,0.0000,0.0000,0.0000,0.0000
601,C,0.1848,Whitey_Bay,Whitey Bay,0,0.2593,0.0000,0.0000,0.1818,0.4286,0.0000,0.0000,0.5000,0.0000
602,C,0.1845,Raki,Raki,0,0.3920,0.1480,0.0000,0.2727,0.8571,0.0000,0.0000,0.0000,0.0000
603,C,0.1841,Charlotte_Dosmarche,Charlotte Dosmarche,0,0.3180,0.0000,0.0000,0.0909,0.5714,0.0000,0.0000,0.5000,0.0000
604,C,0.1841,Charlotte_Nusstorte,Charlotte Nusstorte,0,0.3180,0.0000,0.0000,0.0909,0.5714,0.0000,0.0000,0.5000,0.0000
605,C,0.1839,Charlotte_Prim,Charlotte Prim,0,0.2330,0.0000,0.0000,0.1818,0.7143,0.0000,0.0000,0.5000,0.0000
606,C,0.1837,Bunny_Joe,Bunny Joe,0,0.2007,0.0000,0.0000,0.0909,0.1429,0.0000,0.0000,0.7500,0.0000
607,C,0.1835,Chuchun,Chuchun,1,0.3713,0.1480,0.1966,0.0909,0.1429,0.0000,0.0000,0.3000,0.0000
608,C,0.1834,Shimotsuki_Yasuie,Shimotsuki Yasuie,0,0.4716,0.1480,0.0000,0.1818,0.7143,0.0000,0.0000,0.0000,0.0000
609,C,0.1827,Haredas,Haredas,0,0.3713,0.0000,0.0000,0.3636,0.8571,0.0000,0.0000,0.0000,0.0000
610,C,0.1826,Gyogyo,Gyogyo,0,0.3820,0.0000,0.0000,0.1818,0.2857,0.0000,0.0000,0.3000,0.0000
611,C,0.1822,Charlotte_Laurin,Charlotte Laurin,0,0.3333,0.0000,0.0000,0.0909,0.2857,0.0000,0.0000,0.5000,0.0000
612,C,0.1819,Pagaya,Pagaya,0,0.4407,0.0000,0.0000,0.2727,0.8571,0.0000,0.0000,0.0000,0.0000
613,C,0.1814,Rika,Rika,0,0.2817,0.0000,0.0000,0.2727,0.5714,0.0000,0.0000,0.3000,0.0000
614,C,0.1810,Charlotte_Anana,Charlotte Anana,0,0.2330,0.0000,0.0000,0.1818,0.5714,0.0000,0.0000,0.5000,0.0000
615,C,0.1810,Charlotte_Moscato,Charlotte Moscato,0,0.2330,0.0000,0.0000,0.1818,0.5714,0.0000,0.0000,0.5000,0.0000
616,C,0.1810,Kyuin,Kyuin,0,0.2330,0.0000,0.0000,0.1818,0.5714,0.0000,0.0000,0.5000,0.0000
617,C,0.1807,Bishamon,Bishamon,0,0.2817,0.0000,0.0000,0.0909,0.8571,0.0000,0.0000,0.5000,0.0000
618,C,0.1807,Zunesha,Zunesha,0,0.4474,0.0000,0.0000,0.2727,0.7143,0.0000,0.0000,0.0000,0.0000
619,C,0.1799,Charlotte_Bavarois,Charlotte Bavarois,0,0.3010,0.0000,0.0000,0.0909,0.5714,0.0000,0.0000,0.5000,0.0000
620,C,0.1798,Tom,Tom,0,0.3713,0.0000,0.0000,0.3636,0.7143,0.0000,0.0000,0.0000,0.0000
621,C,0.1797,Bariete,Bariete,0,0.3820,0.0000,0.0000,0.1818,0.1429,0.0000,0.0000,0.3000,0.0000
622,C,0.1797,Kiev,Kiev,1,0.5227,0.0000,0.1966,0.1818,0.1429,0.0000,0.0000,0.0000,0.0000
623,C,0.1794,Bao_Huang,Bao Huang,0,0.3333,0.0000,0.0000,0.0909,0.1429,0.0000,0.0000,0.5000,0.0000
624,C,0.1794,Hotei,Hotei,0,0.3333,0.0000,0.0000,0.0909,0.1429,0.0000,0.0000,0.5000,0.0000
625,C,0.1790,Columbus,Columbus,0,0.1590,0.0000,0.0000,0.0909,0.4286,0.0000,0.0000,0.7500,0.0000
626,C,0.1788,Attach,Attach,0,0.2330,0.0000,0.0000,0.3636,0.1429,0.0000,0.0000,0.3000,0.0000
627,C,0.1785,Shanba,Shanba,0,0.2817,0.0000,0.0000,0.2727,0.4286,0.0000,0.0000,0.3000,0.0000
628,C,0.1784,Charlotte_Saint-Marc,Charlotte Saint-Marc,0,0.3180,0.0000,0.0000,0.0909,0.2857,0.0000,0.0000,0.5000,0.0000
629,C,0.1783,Nako,Nako,1,0.4101,0.0000,0.1966,0.2727,0.5714,0.0000,0.0000,0.0000,0.0000
630,C,0.1782,Islewan,Islewan,0,0.2330,0.0000,0.0000,0.1818,0.4286,0.0000,0.0000,0.5000,0.0000
631,C,0.1779,Yatappe,Yatappe,0,0.4474,0.0000,0.0000,0.0909,0.1429,0.0000,0.0000,0.3000,0.0000
632,C,0.1777,Namur,Namur,0,0.2330,0.1480,0.0000,0.0909,0.5714,0.0000,0.0000,0.5000,0.0000
633,C,0.1777,Speed_Jiru,Speed Jiru,0,0.2330,0.1480,0.0000,0.0909,0.5714,0.0000,0.0000,0.5000,0.0000
634,C,0.1770,Gancho,Gancho,0,0.3713,0.0000,0.0000,0.1818,0.1429,0.0000,0.0000,0.3000,0.0000
635,C,0.1765,Hiriluk,Hiriluk,0,0.3713,0.1480,0.0000,0.2727,0.7143,0.0000,0.0000,0.0000,0.0000
636,C,0.1763,Onimaru,Onimaru,0,0.3713,0.0000,0.0000,0.1818,0.8571,0.0000,1.0000,0.0000,0.0000
637,C,0.1763,Shandia_Chief,Shandia Chief,0,0.4184,0.0000,0.0000,0.2727,0.8571,0.0000,0.0000,0.0000,0.0000
638,C,0.1762,Alpha,Alpha,0,0.1590,0.0000,0.0000,0.0909,0.2857,0.0000,0.0000,0.7500,0.0000
639,C,0.1755,Briscola,Briscola,0,0.3180,0.0000,0.0000,0.0909,0.1429,0.0000,0.0000,0.5000,0.0000
640,C,0.1755,Gazelleman,Gazelleman,0,0.3180,0.0000,0.0000,0.0909,0.1429,0.0000,0.0000,0.5000,0.0000
641,C,0.1755,Inbi,Inbi,0,0.3180,0.0000,0.0000,0.0909,0.1429,0.0000,0.0000,0.5000,0.0000
642,C,0.1755,Nokokuwa_Police,Nokokuwa Police,0,0.3180,0.0000,0.0000,0.0909,0.1429,0.0000,0.0000,0.5000,0.0000
643,C,0.1752,Fujin,Fujin,0,0.2593,0.0000,0.0000,0.0909,0.8571,0.0000,0.0000,0.5000,0.0000
644,C,0.1752,Sarutobi,Sarutobi,0,0.2593,0.0000,0.0000,0.0909,0.8571,0.0000,0.0000,0.5000,0.0000
645,C,0.1750,Charlotte_Noisette,Charlotte Noisette,0,0.2817,0.0000,0.0000,0.0909,0.5714,0.0000,0.0000,0.5000,0.0000
646,C,0.1750,Mikio_Itoo,Mikio Itoo,0,0.2007,0.0000,0.0000,0.0909,0.7143,0.6157,0.0000,0.0000,0.0000
647,C,0.1745,Gomorrah,Gomorrah,1,0.4923,0.1480,0.1966,0.0909,0.4286,0.0000,0.0000,0.0000,0.0000
648,C,0.1744,Omasa,Omasa,0,0.4336,0.0000,0.0000,0.0909,0.1429,0.0000,0.0000,0.3000,0.0000
649,C,0.1741,Charlotte_Dacquoise,Charlotte Dacquoise,0,0.3010,0.0000,0.0000,0.0909,0.2857,0.0000,0.0000,0.5000,0.0000
650,C,0.1741,Charlotte_High-Fat,Charlotte High-Fat,0,0.3010,0.0000,0.0000,0.0909,0.2857,0.0000,0.0000,0.5000,0.0000
651,C,0.1734,Clover,Clover,0,0.4184,0.0000,0.0000,0.2727,0.7143,0.0000,0.0000,0.0000,0.0000
652,C,0.1733,Chicory,Chicory,0,0.1590,0.0000,0.0000,0.0909,0.1429,0.0000,0.0000,0.7500,0.0000
653,C,0.1733,Eikon,Eikon,0,0.1590,0.0000,0.0000,0.0909,0.1429,0.0000,0.0000,0.7500,0.0000
654,C,0.1732,Sodom,Sodom,1,0.4874,0.1480,0.1966,0.0909,0.4286,0.0000,0.0000,0.0000,0.0000
655,C,0.1731,Lassoo,Lassoo,0,0.3333,0.1480,0.0000,0.1818,0.4286,0.0000,1.0000,0.0000,0.0000
656,C,0.1730,Sarie_Nantokanette,Sarie Nantokanette,0,0.2593,0.0000,0.0000,0.2727,0.4286,0.0000,0.0000,0.3000,0.0000
657,C,0.1725,Skull,Skull,0,0.2330,0.0000,0.0000,0.1818,0.1429,0.0000,0.0000,0.5000,0.0000
658,C,0.1723,Fuga,Fuga,0,0.2593,0.0000,0.0000,0.0909,0.7143,0.0000,0.0000,0.5000,0.0000
659,C,0.1722,Doma,Doma,0,0.2817,0.0000,0.0000,0.0909,0.4286,0.0000,0.0000,0.5000,0.0000
660,C,0.1721,Kairo_Kureyo,Kairo Kureyo,0,0.1003,0.0000,0.0000,0.0909,0.2857,0.8209,0.0000,0.0000,0.0000
661,C,0.1714,Boodle,Boodle,1,0.3597,0.0000,0.1966,0.2727,0.8571,0.0000,0.0000,0.0000,0.0000
662,C,0.1713,Gangaru,Gangaru,0,0.3010,0.0000,0.0000,0.0909,0.1429,0.0000,0.0000,0.5000,0.0000
663,C,0.1713,Hihimaru,Hihimaru,0,0.3010,0.0000,0.0000,0.0909,0.1429,0.0000,0.0000,0.5000,0.0000
664,C,0.1712,Spacey,Spacey,1,0.4659,0.0000,0.1966,0.1818,0.4286,0.0000,0.0000,0.0000,0.0000
665,C,0.1712,Kikyo,Kikyo,1,0.3471,0.0000,0.1966,0.0909,0.5714,0.0000,0.0000,0.3000,0.0000
666,C,0.1710,Nash,Nash,0,0.3471,0.0000,0.0000,0.1818,0.1429,0.0000,0.0000,0.3000,0.0000
667,C,0.1710,Ryuma,Ryuma,0,0.3471,0.0000,0.0000,0.1818,0.1429,0.0000,0.0000,0.3000,0.0000
668,C,0.1705,Konbu,Konbu,0,0.4659,0.1480,0.0000,0.1818,0.1429,0.0000,0.0000,0.0000,0.0000
669,C,0.1704,Muret,Muret,0,0.3333,0.0000,0.0000,0.1818,0.2857,0.0000,0.0000,0.3000,0.0000
670,C,0.1697,Duval,Duval,0,0.3920,0.0000,0.0000,0.2727,0.8571,0.0000,0.0000,0.0000,0.0000
671,C,0.1696,Sphinx,Sphinx,0,0.2330,0.0000,0.0000,0.1818,0.0000,0.0000,0.0000,0.5000,0.0000
672,C,0.1694,Charlotte_Marnier,Charlotte Marnier,0,0.2593,0.0000,0.0000,0.0909,0.5714,0.0000,0.0000,0.5000,0.0000
673,C,0.1694,Charlotte_Mash,Charlotte Mash,0,0.2593,0.0000,0.0000,0.0909,0.5714,0.0000,0.0000,0.5000,0.0000
674,C,0.1693,Charlotte_Compo,Charlotte Compo,0,0.2817,0.0000,0.0000,0.0909,0.2857,0.0000,0.0000,0.5000,0.0000
675,C,0.1686,Hatcha,Hatcha,0,0.2330,0.0000,0.0000,0.0909,0.8571,0.0000,0.0000,0.5000,0.0000
676,C,0.1686,Raijin,Raijin,0,0.2330,0.0000,0.0000,0.0909,0.8571,0.0000,0.0000,0.5000,0.0000
677,C,0.1666,Blondie,Blondie,0,0.2593,0.0000,0.0000,0.0909,0.4286,0.0000,0.0000,0.5000,0.0000
678,C,0.1666,Decalvan_Brothers,Decalvan Brothers,0,0.2593,0.0000,0.0000,0.0909,0.4286,0.0000,0.0000,0.5000,0.0000
679,C,0.1666,McGuy,McGuy,0,0.2593,0.0000,0.0000,0.0909,0.4286,0.0000,0.0000,0.5000,0.0000
680,C,0.1666,Palms,Palms,0,0.2593,0.0000,0.0000,0.0909,0.4286,0.0000,0.0000,0.5000,0.0000
681,C,0.1666,Ramba,Ramba,0,0.2593,0.0000,0.0000,0.0909,0.4286,0.0000,0.0000,0.5000,0.0000
682,C,0.1666,Eddy,Eddy,0,0.3180,0.0000,0.0000,0.1818,0.2857,0.0000,0.0000,0.3000,0.0000
683,C,0.1666,Lily,Lily,0,0.3180,0.0000,0.0000,0.1818,0.2857,0.0000,0.0000,0.3000,0.0000
684,C,0.1665,Himuro,Himuro,0,0.2817,0.0000,0.0000,0.0909,0.1429,0.0000,0.0000,0.5000,0.0000
685,C,0.1665,Scorpionlady,Scorpionlady,0,0.2817,0.0000,0.0000,0.0909,0.1429,0.0000,0.0000,0.5000,0.0000
686,C,0.1664,Kojuro,Kojuro,0,0.4013,0.0000,0.0000,0.0909,0.1429,0.0000,0.0000,0.3000,0.0000
687,C,0.1664,Tsunagoro,Tsunagoro,0,0.4013,0.0000,0.0000,0.0909,0.1429,0.0000,0.0000,0.3000,0.0000
688,C,0.1663,Sadi,Sadi,0,0.3920,0.1480,0.0000,0.1818,0.8571,0.0000,0.0000,0.0000,0.0000
689,C,0.1661,Shimotsuki_Ushimaru,Shimotsuki Ushimaru,0,0.2817,0.0000,0.0000,0.1818,0.7143,0.0000,0.0000,0.3000,0.0000
690,C,0.1657,Charlotte_Angel,Charlotte Angel,0,0.2330,0.0000,0.0000,0.0909,0.7143,0.0000,0.0000,0.5000,0.0000
691,C,0.1657,Charlotte_Custard,Charlotte Custard,0,0.2330,0.0000,0.0000,0.0909,0.7143,0.0000,0.0000,0.5000,0.0000
692,C,0.1649,Sancrin,Sancrin,1,0.3180,0.0000,0.1966,0.3636,0.1429,0.0000,0.0000,0.0000,0.0000
693,C,0.1646,Tamagon,Tamagon,0,0.5016,0.0000,0.0000,0.1818,0.1429,0.0000,0.0000,0.0000,0.0000
694,C,0.1644,Mihar,Mihar,0,0.2007,0.0000,0.0000,0.1818,0.1429,0.0000,0.0000,0.5000,0.0000
695,C,0.1641,Ishilly,Ishilly,0,0.3333,0.1480,0.0000,0.2727,0.5714,0.0000,0.0000,0.0000,0.0000
696,C,0.1639,Nerine,Nerine,1,0.3180,0.0000,0.1966,0.0909,0.5714,0.0000,0.0000,0.3000,0.0000
697,C,0.1639,Lola_(Zombie),Lola (Zombie),0,0.2593,0.1480,0.0000,0.1818,0.1429,0.0000,0.0000,0.3000,0.0000
698,C,0.1637,Charlotte_Basans,Charlotte Basans,0,0.2593,0.0000,0.0000,0.0909,0.2857,0.0000,0.0000,0.5000,0.0000
699,C,0.1637,Charlotte_Kanten,Charlotte Kanten,0,0.2593,0.0000,0.0000,0.0909,0.2857,0.0000,0.0000,0.5000,0.0000
700,C,0.1637,Charlotte_Nougat,Charlotte Nougat,0,0.2593,0.0000,0.0000,0.0909,0.2857,0.0000,0.0000,0.5000,0.0000
701,C,0.1632,Pisaro,Pisaro,0,0.2817,0.0000,0.0000,0.1818,0.5714,0.0000,0.0000,0.3000,0.0000
702,C,0.1628,Charlotte_Cornstarch,Charlotte Cornstarch,0,0.2330,0.0000,0.0000,0.0909,0.5714,0.0000,0.0000,0.5000,0.0000
703,C,0.1628,Charlotte_Joscarpone,Charlotte Joscarpone,0,0.2330,0.0000,0.0000,0.0909,0.5714,0.0000,0.0000,0.5000,0.0000
704,C,0.1628,Charlotte_Mascarpone,Charlotte Mascarpone,0,0.2330,0.0000,0.0000,0.0909,0.5714,0.0000,0.0000,0.5000,0.0000
705,C,0.1628,Charlotte_Yuen,Charlotte Yuen,0,0.2330,0.0000,0.0000,0.0909,0.5714,0.0000,0.0000,0.5000,0.0000
706,C,0.1625,Thatch,Thatch,0,0.1590,0.0000,0.0000,0.1818,0.5714,0.0000,0.0000,0.5000,0.0000
707,C,0.1623,Totts,Totts,0,0.3010,0.0000,0.0000,0.1818,0.2857,0.0000,0.0000,0.3000,0.0000
708,C,0.1623,Donquixote_Mjosgard,Donquixote Mjosgard,0,0.3010,0.0000,0.0000,0.3636,0.7143,0.0000,0.0000,0.0000,0.0000
709,C,0.1616,Spandine,Spandine,0,0.3597,0.0000,0.0000,0.2727,0.8571,0.0000,0.0000,0.0000,0.0000
710,C,0.1612,Minotaurus,Minotaurus,0,0.3333,0.1480,0.0000,0.2727,0.4286,0.0000,0.0000,0.0000,0.0000
711,C,0.1609,Bishonure-Onna,Bishonure-Onna,0,0.2593,0.0000,0.0000,0.0909,0.1429,0.0000,0.0000,0.5000,0.0000
712,C,0.1609,Gorishiro,Gorishiro,0,0.2593,0.0000,0.0000,0.0909,0.1429,0.0000,0.0000,0.5000,0.0000
713,C,0.1609,Mizerka,Mizerka,0,0.2593,0.0000,0.0000,0.0909,0.1429,0.0000,0.0000,0.5000,0.0000
714,C,0.1609,Saitank,Saitank,0,0.2593,0.0000,0.0000,0.0909,0.1429,0.0000,0.0000,0.5000,0.0000
715,C,0.1609,Tenjo-Sagari,Tenjo-Sagari,0,0.2593,0.0000,0.0000,0.0909,0.1429,0.0000,0.0000,0.5000,0.0000
716,C,0.1608,Jigoro,Jigoro,0,0.3333,0.0000,0.0000,0.0909,0.7143,0.0000,0.0000,0.3000,0.0000
717,C,0.1600,Bizarre,Bizarre,0,0.2330,0.0000,0.0000,0.0909,0.4286,0.0000,0.0000,0.5000,0.0000
718,C,0.1600,Elmy,Elmy,0,0.2330,0.0000,0.0000,0.0909,0.4286,0.0000,0.0000,0.5000,0.0000
719,C,0.1599,S-Bear,S-Bear,0,0.4013,0.0000,0.0000,0.0909,0.5714,0.0000,1.0000,0.0000,0.0000
720,C,0.1599,S-Snake,S-Snake,0,0.4013,0.0000,0.0000,0.0909,0.5714,0.0000,1.0000,0.0000,0.0000
721,C,0.1597,Kadar,Kadar,0,0.1590,0.0000,0.0000,0.1818,0.4286,0.0000,0.0000,0.5000,0.0000
722,C,0.1595,Gig,Gig,0,0.3010,0.0000,0.0000,0.1818,0.1429,0.0000,0.0000,0.3000,0.0000
723,C,0.1589,Beer_VI,Beer VI,1,0.2593,0.0000,0.1966,0.1818,0.1429,0.0000,0.0000,0.3000,0.0000
724,C,0.1586,Jabari,Jabari,0,0.1003,0.0000,0.0000,0.0909,0.1429,0.0000,0.0000,0.7500,0.0000
725,C,0.1586,Pirate_Bear,Pirate Bear,0,0.1003,0.0000,0.0000,0.0909,0.1429,0.0000,0.0000,0.7500,0.0000
726,C,0.1586,Pirate_Penguin,Pirate Penguin,0,0.1003,0.0000,0.0000,0.0909,0.1429,0.0000,0.0000,0.7500,0.0000
727,C,0.1586,Raise_Max,Raise Max,0,0.1003,0.0000,0.0000,0.0909,0.1429,0.0000,0.0000,0.7500,0.0000
728,C,0.1583,Tibany,Tibany,0,0.2007,0.0000,0.0000,0.2727,0.4286,0.0000,0.0000,0.3000,0.0000
729,C,0.1581,Pound,Pound,0,0.4184,0.0000,0.0000,0.1818,0.8571,0.0000,0.0000,0.0000,0.0000
730,C,0.1579,Pandaman,Pandaman,0,0.1003,0.0000,0.0000,0.0909,0.7143,0.6693,0.0000,0.0000,0.0000
731,C,0.1576,Belladonna,Belladonna,0,0.2593,0.0000,0.0000,0.1818,0.5714,0.0000,0.0000,0.3000,0.0000
732,C,0.1576,Blue_Fan,Blue Fan,0,0.2593,0.0000,0.0000,0.1818,0.5714,0.0000,0.0000,0.3000,0.0000
733,C,0.1576,Faust,Faust,0,0.2593,0.0000,0.0000,0.1818,0.5714,0.0000,0.0000,0.3000,0.0000
734,D,0.1575,Hewitt,Hewitt,0,0.2817,0.0000,0.0000,0.1818,0.2857,0.0000,0.0000,0.3000,0.0000
735,D,0.1571,Charlotte_Chiboust,Charlotte Chiboust,0,0.2330,0.0000,0.0000,0.0909,0.2857,0.0000,0.0000,0.5000,0.0000
736,D,0.1570,Big_Pan,Big Pan,0,0.2817,0.1480,0.0000,0.0909,0.4286,0.0000,0.0000,0.3000,0.0000
737,D,0.1570,Capote,Capote,0,0.2817,0.1480,0.0000,0.0909,0.4286,0.0000,0.0000,0.3000,0.0000
738,D,0.1570,Pickles,Pickles,0,0.2817,0.1480,0.0000,0.0909,0.4286,0.0000,0.0000,0.3000,0.0000
739,D,0.1567,Wellington,Wellington,0,0.1003,0.0000,0.0000,0.0909,0.2857,0.7183,0.0000,0.0000,0.0000
740,D,0.1561,Kyo,Kyo,0,0.3010,0.1480,0.0000,0.0909,0.1429,0.0000,0.0000,0.3000,0.0000
741,D,0.1560,Miss_Monday,Miss Monday,0,0.3010,0.1480,0.0000,0.2727,0.5714,0.0000,0.0000,0.0000,0.0000
742,D,0.1560,Tabuhachiro,Tabuhachiro,0,0.3597,0.0000,0.0000,0.0909,0.1429,0.0000,0.0000,0.3000,0.0000
743,D,0.1548,Charlotte_Counter,Charlotte Counter,0,0.2007,0.0000,0.0000,0.0909,0.5714,0.0000,0.0000,0.5000,0.0000
744,D,0.1548,Charlotte_Mondée,Charlotte Mondée,0,0.2007,0.0000,0.0000,0.0909,0.5714,0.0000,0.0000,0.5000,0.0000
745,D,0.1548,Charlotte_Mozart,Charlotte Mozart,0,0.2007,0.0000,0.0000,0.0909,0.5714,0.0000,0.0000,0.5000,0.0000
746,D,0.1548,Yorki,Yorki,0,0.2593,0.0000,0.0000,0.1818,0.4286,0.0000,0.0000,0.3000,0.0000
747,D,0.1547,Ohm,Ohm,0,0.4184,0.1480,0.0000,0.0909,0.8571,0.0000,0.0000,0.0000,0.0000
748,D,0.1546,Mosh,Mosh,0,0.2817,0.0000,0.0000,0.1818,0.1429,0.0000,0.0000,0.3000,0.0000
749,D,0.1546,Pomp,Pomp,0,0.2817,0.0000,0.0000,0.1818,0.1429,0.0000,0.0000,0.3000,0.0000
750,D,0.1546,Mero,Mero,0,0.3180,0.1480,0.0000,0.2727,0.2857,0.0000,0.0000,0.0000,0.0000
751,D,0.1543,Beegirl,Beegirl,0,0.2330,0.0000,0.0000,0.0909,0.1429,0.0000,0.0000,0.5000,0.0000
752,D,0.1543,Bisley,Bisley,0,0.2330,0.0000,0.0000,0.0909,0.1429,0.0000,0.0000,0.5000,0.0000
753,D,0.1543,Caucasusman,Caucasusman,0,0.2330,0.0000,0.0000,0.0909,0.1429,0.0000,0.0000,0.5000,0.0000
754,D,0.1543,Goki,Goki,0,0.2330,0.0000,0.0000,0.0909,0.1429,0.0000,0.0000,0.5000,0.0000
755,D,0.1543,Hatsume,Hatsume,0,0.2330,0.0000,0.0000,0.0909,0.1429,0.0000,0.0000,0.5000,0.0000
756,D,0.1543,Jaki,Jaki,0,0.2330,0.0000,0.0000,0.0909,0.1429,0.0000,0.0000,0.5000,0.0000
757,D,0.1543,Juki,Juki,0,0.2330,0.0000,0.0000,0.0909,0.1429,0.0000,0.0000,0.5000,0.0000
758,D,0.1543,Nangi,Nangi,0,0.2330,0.0000,0.0000,0.0909,0.1429,0.0000,0.0000,0.5000,0.0000
759,D,0.1543,Poker,Poker,0,0.2330,0.0000,0.0000,0.0909,0.1429,0.0000,0.0000,0.5000,0.0000
760,D,0.1543,Rush,Rush,0,0.2330,0.0000,0.0000,0.0909,0.1429,0.0000,0.0000,0.5000,0.0000
761,D,0.1543,Zanki,Zanki,0,0.2330,0.0000,0.0000,0.0909,0.1429,0.0000,0.0000,0.5000,0.0000
762,D,0.1543,Zodia,Zodia,0,0.2330,0.0000,0.0000,0.0909,0.1429,0.0000,0.0000,0.5000,0.0000
763,D,0.1542,Uzu,Uzu,0,0.4600,0.0000,0.0000,0.1818,0.1429,0.0000,0.0000,0.0000,0.0000
764,D,0.1541,Joy_Boy,Joy Boy,0,0.2007,0.0000,0.0000,0.0909,0.2857,0.0000,1.0000,0.0000,1.0000
765,D,0.1540,Kinga,Kinga,0,0.1590,0.0000,0.0000,0.1818,0.1429,0.0000,0.0000,0.5000,0.0000
766,D,0.1539,Jorul,Jorul,0,0.2330,0.0000,0.0000,0.1818,0.7143,0.0000,0.0000,0.3000,0.0000
767,D,0.1534,Su,Su,0,0.4474,0.1480,0.0000,0.0909,0.4286,0.0000,0.0000,0.0000,0.0000
768,D,0.1528,Brownbeard,Brownbeard,0,0.4659,0.0000,0.0000,0.1818,0.0000,0.0000,0.0000,0.0000,0.0000
769,D,0.1528,Hidayu,Hidayu,0,0.3471,0.0000,0.0000,0.0909,0.1429,0.0000,0.0000,0.3000,0.0000
770,D,0.1527,Merry,Merry,0,0.3471,0.0000,0.0000,0.2727,0.5714,0.0000,0.0000,0.0000,0.0000
771,D,0.1524,S-Hawk,S-Hawk,0,0.3713,0.0000,0.0000,0.0909,0.5714,0.0000,1.0000,0.0000,0.0000
772,D,0.1519,Amadob,Amadob,0,0.2007,0.0000,0.0000,0.0909,0.4286,0.0000,0.0000,0.5000,0.0000
773,D,0.1519,Delacuaji,Delacuaji,0,0.2007,0.0000,0.0000,0.0909,0.4286,0.0000,0.0000,0.5000,0.0000
774,D,0.1519,Noble_Croc,Noble Croc,0,0.2007,0.0000,0.0000,0.0909,0.4286,0.0000,0.0000,0.5000,0.0000
775,D,0.1514,Monda,Monda,0,0.2593,0.1480,0.0000,0.0909,0.4286,0.0000,0.0000,0.3000,0.0000
776,D,0.1512,Gaimon,Gaimon,0,0.3180,0.0000,0.0000,0.2727,0.8571,0.0000,0.0000,0.0000,0.0000
777,D,0.1512,Rosward_Charlos,Rosward Charlos,0,0.3180,0.0000,0.0000,0.2727,0.8571,0.0000,0.0000,0.0000,0.0000
778,D,0.1510,Raideen,Raideen,0,0.2330,0.0000,0.0000,0.1818,0.5714,0.0000,0.0000,0.3000,0.0000
779,D,0.1505,Shura,Shura,0,0.4013,0.1480,0.0000,0.0909,0.8571,0.0000,0.0000,0.0000,0.0000
780,D,0.1501,Yazaemon,Yazaemon,0,0.1590,0.0000,0.0000,0.0909,0.8571,0.0000,0.0000,0.5000,0.0000
781,D,0.1497,Minokoala,Minokoala,0,0.3597,0.1480,0.0000,0.1818,0.4286,0.0000,0.0000,0.0000,0.0000
782,D,0.1495,S-Shark,S-Shark,0,0.3597,0.0000,0.0000,0.0909,0.5714,0.0000,1.0000,0.0000,0.0000
783,D,0.1494,Jujiro,Jujiro,0,0.3333,0.0000,0.0000,0.0909,0.1429,0.0000,0.0000,0.3000,0.0000
784,D,0.1494,Kakunoshin,Kakunoshin,0,0.3333,0.0000,0.0000,0.0909,0.1429,0.0000,0.0000,0.3000,0.0000
785,D,0.1493,Kentauros,Kentauros,0,0.3333,0.0000,0.0000,0.2727,0.5714,0.0000,0.0000,0.0000,0.0000
786,D,0.1493,Octopako,Octopako,0,0.3333,0.0000,0.0000,0.2727,0.5714,0.0000,0.0000,0.0000,0.0000
787,D,0.1491,Boogie,Boogie,0,0.2593,0.0000,0.0000,0.1818,0.1429,0.0000,0.0000,0.3000,0.0000
788,D,0.1491,Bubblegum,Bubblegum,0,0.2593,0.0000,0.0000,0.1818,0.1429,0.0000,0.0000,0.3000,0.0000
789,D,0.1491,Milky,Milky,0,0.2593,0.0000,0.0000,0.1818,0.1429,0.0000,0.0000,0.3000,0.0000
790,D,0.1491,Seamars,Seamars,0,0.2593,0.0000,0.0000,0.1818,0.1429,0.0000,0.0000,0.3000,0.0000
791,D,0.1488,Schollzo,Schollzo,1,0.4716,0.0000,0.1966,0.0909,0.1429,0.0000,0.0000,0.0000,0.0000
792,D,0.1481,Ipponmatsu,Ipponmatsu,0,0.2330,0.0000,0.0000,0.3636,0.8571,0.0000,0.0000,0.0000,0.0000
793,D,0.1473,Erik,Erik,0,0.3597,0.0000,0.0000,0.2727,0.1429,0.0000,0.0000,0.0000,0.0000
794,D,0.1469,Tonjit,Tonjit,0,0.3010,0.0000,0.0000,0.2727,0.8571,0.0000,0.0000,0.0000,0.0000
795,D,0.1465,Minorhinoceros,Minorhinoceros,0,0.3471,0.1480,0.0000,0.1818,0.4286,0.0000,0.0000,0.0000,0.0000
796,D,0.1462,Arthur,Arthur,0,0.2007,0.0000,0.0000,0.0909,0.1429,0.0000,0.0000,0.5000,0.0000
797,D,0.1462,Batman,Batman,0,0.2007,0.0000,0.0000,0.0909,0.1429,0.0000,0.0000,0.5000,0.0000
798,D,0.1462,Battaman,Battaman,0,0.2007,0.0000,0.0000,0.0909,0.1429,0.0000,0.0000,0.5000,0.0000
799,D,0.1462,Brew,Brew,0,0.2007,0.0000,0.0000,0.0909,0.1429,0.0000,0.0000,0.5000,0.0000
800,D,0.1462,Choi,Choi,0,0.2007,0.0000,0.0000,0.0909,0.1429,0.0000,0.0000,0.5000,0.0000
801,D,0.1462,Eggplant_Soldier,Eggplant Soldier,0,0.2007,0.0000,0.0000,0.0909,0.1429,0.0000,0.0000,0.5000,0.0000
802,D,0.1462,Great_Michael,Great Michael,0,0.2007,0.0000,0.0000,0.0909,0.1429,0.0000,0.0000,0.5000,0.0000
803,D,0.1462,Hangan,Hangan,0,0.2007,0.0000,0.0000,0.0909,0.1429,0.0000,0.0000,0.5000,0.0000
804,D,0.1462,Jumper,Jumper,0,0.2007,0.0000,0.0000,0.0909,0.1429,0.0000,0.0000,0.5000,0.0000
805,D,0.1462,Kamakirigirl,Kamakirigirl,0,0.2007,0.0000,0.0000,0.0909,0.1429,0.0000,0.0000,0.5000,0.0000
806,D,0.1462,Nure-Onna,Nure-Onna,0,0.2007,0.0000,0.0000,0.0909,0.1429,0.0000,0.0000,0.5000,0.0000
807,D,0.1462,Pavlik,Pavlik,0,0.2007,0.0000,0.0000,0.0909,0.1429,0.0000,0.0000,0.5000,0.0000
808,D,0.1462,Solitaire,Solitaire,0,0.2007,0.0000,0.0000,0.0909,0.1429,0.0000,0.0000,0.5000,0.0000
809,D,0.1462,Usunoro,Usunoro,0,0.2007,0.0000,0.0000,0.0909,0.1429,0.0000,0.0000,0.5000,0.0000
810,D,0.1462,Wallem,Wallem,0,0.2007,0.0000,0.0000,0.0909,0.1429,0.0000,0.0000,0.5000,0.0000
811,D,0.1462,Yamanba,Yamanba,0,0.2007,0.0000,0.0000,0.0909,0.1429,0.0000,0.0000,0.5000,0.0000
812,D,0.1458,McKinley,McKinley,0,0.4262,0.0000,0.0000,0.1818,0.1429,0.0000,0.0000,0.0000,0.0000
813,D,0.1457,Barbel,Barbel,0,0.2593,0.1480,0.0000,0.0909,0.1429,0.0000,0.0000,0.3000,0.0000
814,D,0.1455,Kurosawa,Kurosawa,0,0.3180,0.0000,0.0000,0.0909,0.1429,0.0000,0.0000,0.3000,0.0000
815,D,0.1455,Rolling_Logan,Rolling Logan,0,0.3180,0.0000,0.0000,0.0909,0.1429,0.0000,0.0000,0.3000,0.0000
816,D,0.1453,Part,Part,0,0.2330,0.0000,0.0000,0.1818,0.2857,0.0000,0.0000,0.3000,0.0000
817,D,0.1450,Hammond,Hammond,0,0.2817,0.0000,0.0000,0.0909,0.5714,0.0000,0.0000,0.3000,0.0000
818,D,0.1444,Charlotte_Anglais,Charlotte Anglais,0,0.1590,0.0000,0.0000,0.0909,0.5714,0.0000,0.0000,0.5000,0.0000
819,D,0.1444,Charlotte_Cabaletta,Charlotte Cabaletta,0,0.1590,0.0000,0.0000,0.0909,0.5714,0.0000,0.0000,0.5000,0.0000
820,D,0.1444,Charlotte_Cadenza,Charlotte Cadenza,0,0.1590,0.0000,0.0000,0.0909,0.5714,0.0000,0.0000,0.5000,0.0000
821,D,0.1444,Charlotte_Dragée,Charlotte Dragée,0,0.1590,0.0000,0.0000,0.0909,0.5714,0.0000,0.0000,0.5000,0.0000
822,D,0.1444,Charlotte_Marble,Charlotte Marble,0,0.1590,0.0000,0.0000,0.0909,0.5714,0.0000,0.0000,0.5000,0.0000
823,D,0.1441,Chouchou,Chouchou,0,0.3010,0.0000,0.0000,0.2727,0.7143,0.0000,0.0000,0.0000,0.0000
824,D,0.1438,Galaxy,Galaxy,0,0.4184,0.0000,0.0000,0.1818,0.1429,0.0000,0.0000,0.0000,0.0000
825,D,0.1434,Shyarly,Shyarly,0,0.3597,0.0000,0.0000,0.1818,0.8571,0.0000,0.0000,0.0000,0.0000
826,D,0.1431,Minozebra,Minozebra,0,0.3333,0.1480,0.0000,0.1818,0.4286,0.0000,0.0000,0.0000,0.0000
827,D,0.1425,Hip,Hip,0,0.2330,0.0000,0.0000,0.1818,0.1429,0.0000,0.0000,0.3000,0.0000
828,D,0.1425,UK,UK,0,0.2330,0.0000,0.0000,0.1818,0.1429,0.0000,0.0000,0.3000,0.0000
829,D,0.1421,Miss_Friday,Miss Friday,0,0.3180,0.1480,0.0000,0.1818,0.5714,0.0000,0.0000,0.0000,0.0000
830,D,0.1421,Mr._13,Mr. 13,0,0.3180,0.1480,0.0000,0.1818,0.5714,0.0000,0.0000,0.0000,0.0000
831,D,0.1420,Carmel,Carmel,0,0.3180,0.0000,0.0000,0.0909,0.7143,0.0000,1.0000,0.0000,0.0000
832,D,0.1420,Kurozumi_Higurashi,Kurozumi Higurashi,0,0.3180,0.0000,0.0000,0.0909,0.7143,0.0000,1.0000,0.0000,0.0000
833,D,0.1419,Marlon,Marlon,0,0.2330,0.1480,0.0000,0.0909,0.2857,0.0000,0.0000,0.3000,0.0000
834,D,0.1418,Goro,Goro,0,0.4600,0.0000,0.0000,0.0909,0.4286,0.0000,0.0000,0.0000,0.0000
835,D,0.1413,Buhichuck,Buhichuck,0,0.3010,0.0000,0.0000,0.0909,0.1429,0.0000,0.0000,0.3000,0.0000
836,D,0.1413,"Gyoro,_Nin,_and_Bao","Gyoro, Nin, and Bao",0,0.3010,0.0000,0.0000,0.0909,0.1429,0.0000,0.0000,0.3000,0.0000
837,D,0.1413,Hildon,Hildon,0,0.3010,0.0000,0.0000,0.0909,0.1429,0.0000,0.0000,0.3000,0.0000
838,D,0.1413,Monjiro,Monjiro,0,0.3010,0.0000,0.0000,0.0909,0.1429,0.0000,0.0000,0.3000,0.0000
839,D,0.1413,Robson,Robson,0,0.3010,0.0000,0.0000,0.0909,0.1429,0.0000,0.0000,0.3000,0.0000
840,D,0.1413,Thormann,Thormann,0,0.3010,0.0000,0.0000,0.0909,0.1429,0.0000,0.0000,0.3000,0.0000
841,D,0.1412,Cocox,Cocox,0,0.3010,0.0000,0.0000,0.2727,0.5714,0.0000,0.0000,0.0000,0.0000
842,D,0.1412,Disco,Disco,0,0.3010,0.0000,0.0000,0.2727,0.5714,0.0000,0.0000,0.0000,0.0000
843,D,0.1401,Cosette,Cosette,0,0.2007,0.0000,0.0000,0.1818,0.4286,0.0000,0.0000,0.3000,0.0000
844,D,0.1401,Slime,Slime,0,0.3333,0.0000,0.0000,0.0909,0.4286,0.0000,1.0000,0.0000,0.0000
845,D,0.1396,Bacura,Bacura,0,0.2007,0.1480,0.0000,0.0909,0.5714,0.0000,0.0000,0.3000,0.0000
846,D,0.1395,Makino's_Child,Makino's Child,0,0.2330,0.0000,0.0000,0.3636,0.4286,0.0000,0.0000,0.0000,0.0000
847,D,0.1393,Mani,Mani,0,0.2817,0.0000,0.0000,0.0909,0.2857,0.0000,0.0000,0.3000,0.0000
848,D,0.1387,Saldeath,Saldeath,0,0.2817,0.1480,0.0000,0.1818,0.8571,0.0000,0.0000,0.0000,0.0000
849,D,0.1387,Charlotte_Joconde,Charlotte Joconde,0,0.1590,0.0000,0.0000,0.0909,0.2857,0.0000,0.0000,0.5000,0.0000
850,D,0.1387,Charlotte_Montb,Charlotte Montb,0,0.1590,0.0000,0.0000,0.0909,0.2857,0.0000,0.0000,0.5000,0.0000
851,D,0.1387,Misery,Misery,0,0.1590,0.0000,0.0000,0.0909,0.2857,0.0000,0.0000,0.5000,0.0000
852,D,0.1384,Shelly,Shelly,0,0.3010,0.0000,0.0000,0.2727,0.4286,0.0000,0.0000,0.0000,0.0000
853,D,0.1372,Potato,Potato,0,0.2007,0.0000,0.0000,0.1818,0.2857,0.0000,0.0000,0.3000,0.0000
854,D,0.1372,Cosmo,Cosmo,0,0.3920,0.0000,0.0000,0.1818,0.1429,0.0000,0.0000,0.0000,0.0000
855,D,0.1372,Kalgara,Kalgara,0,0.3597,0.1480,0.0000,0.0909,0.7143,0.0000,0.0000,0.0000,0.0000
856,D,0.1365,Jibuemon,Jibuemon,0,0.2817,0.0000,0.0000,0.0909,0.1429,0.0000,0.0000,0.3000,0.0000
857,D,0.1365,MocDonald,MocDonald,0,0.2817,0.0000,0.0000,0.0909,0.1429,0.0000,0.0000,0.3000,0.0000
858,D,0.1365,Tararan,Tararan,0,0.2817,0.0000,0.0000,0.0909,0.1429,0.0000,0.0000,0.3000,0.0000
859,D,0.1365,Yurikah,Yurikah,0,0.2817,0.0000,0.0000,0.0909,0.1429,0.0000,0.0000,0.3000,0.0000
860,D,0.1364,Hiramera,Hiramera,0,0.3180,0.1480,0.0000,0.1818,0.2857,0.0000,0.0000,0.0000,0.0000
861,D,0.1364,Chabo,Chabo,0,0.2817,0.0000,0.0000,0.2727,0.5714,0.0000,0.0000,0.0000,0.0000
862,D,0.1360,Kop,Kop,0,0.4600,0.0000,0.0000,0.0909,0.1429,0.0000,0.0000,0.0000,0.0000
863,D,0.1358,Ageha_Woman,Ageha Woman,0,0.1590,0.0000,0.0000,0.0909,0.1429,0.0000,0.0000,0.5000,0.0000
864,D,0.1358,Alpacaman,Alpacaman,0,0.1590,0.0000,0.0000,0.0909,0.1429,0.0000,0.0000,0.5000,0.0000
865,D,0.1358,Buche,Buche,0,0.1590,0.0000,0.0000,0.0909,0.1429,0.0000,0.0000,0.5000,0.0000
866,D,0.1358,Caimanlady,Caimanlady,0,0.1590,0.0000,0.0000,0.0909,0.1429,0.0000,0.0000,0.5000,0.0000
867,D,0.1358,Garudan,Garudan,0,0.1590,0.0000,0.0000,0.0909,0.1429,0.0000,0.0000,0.5000,0.0000
868,D,0.1358,Hawkman,Hawkman,0,0.1590,0.0000,0.0000,0.0909,0.1429,0.0000,0.0000,0.5000,0.0000
869,D,0.1358,Koshi_Falcon,Koshi Falcon,0,0.1590,0.0000,0.0000,0.0909,0.1429,0.0000,0.0000,0.5000,0.0000
870,D,0.1358,Kunyun,Kunyun,0,0.1590,0.0000,0.0000,0.0909,0.1429,0.0000,0.0000,0.5000,0.0000
871,D,0.1358,Madilloman,Madilloman,0,0.1590,0.0000,0.0000,0.0909,0.1429,0.0000,0.0000,0.5000,0.0000
872,D,0.1358,Oli,Oli,0,0.1590,0.0000,0.0000,0.0909,0.1429,0.0000,0.0000,0.5000,0.0000
873,D,0.1358,Rabbitman,Rabbitman,0,0.1590,0.0000,0.0000,0.0909,0.1429,0.0000,0.0000,0.5000,0.0000
874,D,0.1358,Snakeman,Snakeman,0,0.1590,0.0000,0.0000,0.0909,0.1429,0.0000,0.0000,0.5000,0.0000
875,D,0.1358,Wanyudo,Wanyudo,0,0.1590,0.0000,0.0000,0.0909,0.1429,0.0000,0.0000,0.5000,0.0000
876,D,0.1358,Zucca,Zucca,0,0.1590,0.0000,0.0000,0.0909,0.1429,0.0000,0.0000,0.5000,0.0000
877,D,0.1354,Shimotsuki_Ryuma,Shimotsuki Ryuma,0,0.1590,0.0000,0.0000,0.1818,0.7143,0.0000,0.0000,0.3000,0.0000
878,D,0.1345,Lines,Lines,0,0.1003,0.0000,0.0000,0.0909,0.7143,0.5131,0.0000,0.0000,0.0000
879,D,0.1344,Aggie_68,Aggie 68,0,0.2007,0.0000,0.0000,0.1818,0.1429,0.0000,0.0000,0.3000,0.0000
880,D,0.1344,Didit,Didit,0,0.2007,0.0000,0.0000,0.1818,0.1429,0.0000,0.0000,0.3000,0.0000
881,D,0.1344,Dive,Dive,0,0.2007,0.0000,0.0000,0.1818,0.1429,0.0000,0.0000,0.3000,0.0000
882,D,0.1344,Komane,Komane,0,0.2007,0.0000,0.0000,0.1818,0.1429,0.0000,0.0000,0.3000,0.0000
883,D,0.1344,Reck,Reck,0,0.2007,0.0000,0.0000,0.1818,0.1429,0.0000,0.0000,0.3000,0.0000
884,D,0.1341,Baburu,Baburu,0,0.4407,0.0000,0.0000,0.0909,0.2857,0.0000,0.0000,0.0000,0.0000
885,D,0.1337,Drip,Drip,1,0.2817,0.0000,0.1966,0.1818,0.8571,0.0000,0.0000,0.0000,0.0000
886,D,0.1337,Manjaro,Manjaro,1,0.2817,0.0000,0.1966,0.1818,0.8571,0.0000,0.0000,0.0000,0.0000
887,D,0.1335,Satori,Satori,0,0.3333,0.1480,0.0000,0.0909,0.8571,0.0000,0.0000,0.0000,0.0000
888,D,0.1326,Usagihebi,Usagihebi,0,0.3010,0.0000,0.0000,0.2727,0.1429,0.0000,0.0000,0.0000,0.0000
889,D,0.1325,Heppoko,Heppoko,0,0.1590,0.0000,0.0000,0.1818,0.5714,0.0000,0.0000,0.3000,0.0000
890,D,0.1325,Poppoko,Poppoko,0,0.1590,0.0000,0.0000,0.1818,0.5714,0.0000,0.0000,0.3000,0.0000
891,D,0.1325,Pudding_Pudding,Pudding Pudding,0,0.1590,0.0000,0.0000,0.1818,0.5714,0.0000,0.0000,0.3000,0.0000
892,D,0.1317,Tacos,Tacos,1,0.2007,0.0000,0.1966,0.0909,0.4286,0.0000,0.0000,0.3000,0.0000
893,D,0.1311,Domino,Domino,0,0.3333,0.0000,0.0000,0.1818,0.5714,0.0000,0.0000,0.0000,0.0000
894,D,0.1309,Ukon,Ukon,0,0.2593,0.0000,0.0000,0.0909,0.1429,0.0000,0.0000,0.3000,0.0000
895,D,0.1305,Conney,Conney,0,0.2007,0.0000,0.0000,0.0909,0.8571,0.0000,0.0000,0.3000,0.0000
896,D,0.1304,Colon,Colon,0,0.4262,0.0000,0.0000,0.0909,0.2857,0.0000,0.0000,0.0000,0.0000
897,D,0.1304,Iron_Giant,Iron Giant,0,0.4262,0.0000,0.0000,0.0909,0.2857,0.0000,0.0000,0.0000,0.0000
898,D,0.1297,Charlotte_Hachée,Charlotte Hachée,0,0.1003,0.0000,0.0000,0.0909,0.5714,0.0000,0.0000,0.5000,0.0000
899,D,0.1297,Charlotte_Maple,Charlotte Maple,0,0.1003,0.0000,0.0000,0.0909,0.5714,0.0000,0.0000,0.5000,0.0000
900,D,0.1288,Rosward_Rosward,Rosward Rosward,0,0.3010,0.0000,0.0000,0.1818,0.8571,0.0000,0.0000,0.0000,0.0000
901,D,0.1282,Turco,Turco,1,0.2593,0.0000,0.1966,0.1818,0.8571,0.0000,0.0000,0.0000,0.0000
902,D,0.1278,Kappa,Kappa,0,0.2817,0.0000,0.0000,0.2727,0.1429,0.0000,0.0000,0.0000,0.0000
903,D,0.1278,Kitton,Kitton,0,0.2817,0.0000,0.0000,0.2727,0.1429,0.0000,0.0000,0.0000,0.0000
904,D,0.1271,Kasagoba,Kasagoba,0,0.2330,0.0000,0.0000,0.0909,0.2857,0.0000,0.0000,0.3000,0.0000
905,D,0.1271,Dirt_Boss,Dirt Boss,0,0.4013,0.0000,0.0000,0.0909,0.4286,0.0000,0.0000,0.0000,0.0000
906,D,0.1260,Mororon,Mororon,1,0.2007,0.0000,0.1966,0.0909,0.1429,0.0000,0.0000,0.3000,0.0000
907,D,0.1260,Minatomo,Minatomo,0,0.3471,0.0000,0.0000,0.1818,0.1429,0.0000,0.0000,0.0000,0.0000
908,D,0.1256,Dago,Dago,0,0.4184,0.0000,0.0000,0.0909,0.1429,0.0000,0.0000,0.0000,0.0000
909,D,0.1256,Footbianco,Footbianco,0,0.4184,0.0000,0.0000,0.0909,0.1429,0.0000,0.0000,0.0000,0.0000
910,D,0.1256,Ylva,Ylva,0,0.4184,0.0000,0.0000,0.0909,0.1429,0.0000,0.0000,0.0000,0.0000
911,D,0.1248,Candy,Candy,0,0.2007,0.0000,0.0000,0.0909,0.5714,0.0000,0.0000,0.3000,0.0000
912,D,0.1248,Enishida,Enishida,0,0.2007,0.0000,0.0000,0.0909,0.5714,0.0000,0.0000,0.3000,0.0000
913,D,0.1248,Kaneshiro,Kaneshiro,0,0.2007,0.0000,0.0000,0.0909,0.5714,0.0000,0.0000,0.3000,0.0000
914,D,0.1244,Lu_Feld,Lu Feld,0,0.3180,0.0000,0.0000,0.1818,0.4286,0.0000,0.0000,0.0000,0.0000
915,D,0.1243,Chessmarimo,Chessmarimo,0,0.2330,0.0000,0.0000,0.0909,0.1429,0.0000,0.0000,0.3000,0.0000
916,D,0.1243,Jaguar,Jaguar,0,0.2330,0.0000,0.0000,0.0909,0.1429,0.0000,0.0000,0.3000,0.0000
917,D,0.1243,Kagero,Kagero,0,0.2330,0.0000,0.0000,0.0909,0.1429,0.0000,0.0000,0.3000,0.0000
918,D,0.1243,Kiba,Kiba,0,0.2330,0.0000,0.0000,0.0909,0.1429,0.0000,0.0000,0.3000,0.0000
919,D,0.1243,Reuven,Reuven,0,0.2330,0.0000,0.0000,0.0909,0.1429,0.0000,0.0000,0.3000,0.0000
920,D,0.1243,Unigaro,Unigaro,0,0.2330,0.0000,0.0000,0.0909,0.1429,0.0000,0.0000,0.3000,0.0000
921,D,0.1242,Lord_of_the_Coast,Lord of the Coast,0,0.2330,0.0000,0.0000,0.2727,0.5714,0.0000,0.0000,0.0000,0.0000
922,D,0.1240,Charlotte_Melise,Charlotte Melise,0,0.1003,0.0000,0.0000,0.0909,0.2857,0.0000,0.0000,0.5000,0.0000
923,D,0.1240,Charlotte_Panna,Charlotte Panna,0,0.1003,0.0000,0.0000,0.0909,0.2857,0.0000,0.0000,0.5000,0.0000
924,D,0.1240,Kukai,Kukai,0,0.1003,0.0000,0.0000,0.0909,0.2857,0.0000,0.0000,0.5000,0.0000
925,D,0.1240,Compo,Compo,0,0.1590,0.0000,0.0000,0.1818,0.1429,0.0000,0.0000,0.3000,0.0000
926,D,0.1240,Cornelia,Cornelia,0,0.1590,0.0000,0.0000,0.1818,0.1429,0.0000,0.0000,0.3000,0.0000
927,D,0.1240,Ducky_Bree,Ducky Bree,0,0.1590,0.0000,0.0000,0.1818,0.1429,0.0000,0.0000,0.3000,0.0000
928,D,0.1240,Hublot,Hublot,0,0.1590,0.0000,0.0000,0.1818,0.1429,0.0000,0.0000,0.3000,0.0000
929,D,0.1240,Kotatsu,Kotatsu,0,0.1590,0.0000,0.0000,0.1818,0.1429,0.0000,0.0000,0.3000,0.0000
930,D,0.1240,Leonero,Leonero,0,0.1590,0.0000,0.0000,0.1818,0.1429,0.0000,0.0000,0.3000,0.0000
931,D,0.1240,Pike,Pike,0,0.1590,0.0000,0.0000,0.1818,0.1429,0.0000,0.0000,0.3000,0.0000
932,D,0.1239,Rosward_Shalria,Rosward Shalria,0,0.2817,0.0000,0.0000,0.1818,0.8571,0.0000,0.0000,0.0000,0.0000
933,D,0.1239,Tsurujo,Tsurujo,0,0.2817,0.0000,0.0000,0.1818,0.8571,0.0000,0.0000,0.0000,0.0000
934,D,0.1236,Biyo,Biyo,0,0.4101,0.0000,0.0000,0.0909,0.1429,0.0000,0.0000,0.0000,0.0000
935,D,0.1236,Ottoland,Ottoland,0,0.4101,0.0000,0.0000,0.0909,0.1429,0.0000,0.0000,0.0000,0.0000
936,D,0.1225,Farafra,Farafra,0,0.3333,0.0000,0.0000,0.1818,0.1429,0.0000,0.0000,0.0000,0.0000
937,D,0.1225,Usakkov,Usakkov,0,0.3333,0.0000,0.0000,0.1818,0.1429,0.0000,0.0000,0.0000,0.0000
938,D,0.1225,Baskerville,Baskerville,0,0.3010,0.1480,0.0000,0.0909,0.7143,0.0000,0.0000,0.0000,0.0000
939,D,0.1222,Birdy,Birdy,0,0.2593,0.0000,0.0000,0.2727,0.1429,0.0000,0.0000,0.0000,0.0000
940,D,0.1222,Mottled,Mottled,0,0.2593,0.0000,0.0000,0.2727,0.1429,0.0000,0.0000,0.0000,0.0000
941,D,0.1222,Scales,Scales,0,0.2593,0.0000,0.0000,0.2727,0.1429,0.0000,0.0000,0.0000,0.0000
942,D,0.1222,Topknot,Topknot,0,0.2593,0.0000,0.0000,0.2727,0.1429,0.0000,0.0000,0.0000,0.0000
943,D,0.1219,Ankoro,Ankoro,0,0.2007,0.0000,0.0000,0.0909,0.4286,0.0000,0.0000,0.3000,0.0000
944,D,0.1219,Ripley,Ripley,0,0.3920,0.0000,0.0000,0.0909,0.2857,0.0000,0.0000,0.0000,0.0000
945,D,0.1211,Ain,Ain,0,0.1003,0.0000,0.0000,0.0909,0.1429,0.0000,1.0000,0.3000,0.0000
946,D,0.1211,Binz,Binz,0,0.1003,0.0000,0.0000,0.0909,0.1429,0.0000,1.0000,0.3000,0.0000
947,D,0.1211,Agsilly,Agsilly,0,0.1003,0.0000,0.0000,0.0909,0.1429,0.0000,0.0000,0.5000,0.0000
948,D,0.1211,Baggaley,Baggaley,0,0.1003,0.0000,0.0000,0.0909,0.1429,0.0000,0.0000,0.5000,0.0000
949,D,0.1211,Beetleman,Beetleman,0,0.1003,0.0000,0.0000,0.0909,0.1429,0.0000,0.0000,0.5000,0.0000
950,D,0.1211,Brocca,Brocca,0,0.1003,0.0000,0.0000,0.0909,0.1429,0.0000,0.0000,0.5000,0.0000
951,D,0.1211,Cands,Cands,0,0.1003,0.0000,0.0000,0.0909,0.1429,0.0000,0.0000,0.5000,0.0000
952,D,0.1211,Chochinman,Chochinman,0,0.1003,0.0000,0.0000,0.0909,0.1429,0.0000,0.0000,0.5000,0.0000
953,D,0.1211,Colscon,Colscon,0,0.1003,0.0000,0.0000,0.0909,0.1429,0.0000,0.0000,0.5000,0.0000
954,D,0.1211,Dachoman,Dachoman,0,0.1003,0.0000,0.0000,0.0909,0.1429,0.0000,0.0000,0.5000,0.0000
955,D,0.1211,Dobon,Dobon,0,0.1003,0.0000,0.0000,0.0909,0.1429,0.0000,0.0000,0.5000,0.0000
956,D,0.1211,Donannoyo,Donannoyo,0,0.1003,0.0000,0.0000,0.0909,0.1429,0.0000,0.0000,0.5000,0.0000
957,D,0.1211,Doubt_Brothers,Doubt Brothers,0,0.1003,0.0000,0.0000,0.0909,0.1429,0.0000,0.0000,0.5000,0.0000
958,D,0.1211,Forliewbs,Forliewbs,0,0.1003,0.0000,0.0000,0.0909,0.1429,0.0000,0.0000,0.5000,0.0000
959,D,0.1211,Fourtricks,Fourtricks,0,0.1003,0.0000,0.0000,0.0909,0.1429,0.0000,0.0000,0.5000,0.0000
960,D,0.1211,Fugar,Fugar,0,0.1003,0.0000,0.0000,0.0909,0.1429,0.0000,0.0000,0.5000,0.0000
961,D,0.1211,Gerotini,Gerotini,0,0.1003,0.0000,0.0000,0.0909,0.1429,0.0000,0.0000,0.5000,0.0000
962,D,0.1211,Happygun,Happygun,0,0.1003,0.0000,0.0000,0.0909,0.1429,0.0000,0.0000,0.5000,0.0000
963,D,0.1211,Hippan_Natte,Hippan Natte,0,0.1003,0.0000,0.0000,0.0909,0.1429,0.0000,0.0000,0.5000,0.0000
964,D,0.1211,Horseman,Horseman,0,0.1003,0.0000,0.0000,0.0909,0.1429,0.0000,0.0000,0.5000,0.0000
965,D,0.1211,Ibiributsu,Ibiributsu,0,0.1003,0.0000,0.0000,0.0909,0.1429,0.0000,0.0000,0.5000,0.0000
966,D,0.1211,Ibusu,Ibusu,0,0.1003,0.0000,0.0000,0.0909,0.1429,0.0000,0.0000,0.5000,0.0000
967,D,0.1211,Julius,Julius,0,0.1003,0.0000,0.0000,0.0909,0.1429,0.0000,0.0000,0.5000,0.0000
968,D,0.1211,Kechatch,Kechatch,0,0.1003,0.0000,0.0000,0.0909,0.1429,0.0000,0.0000,0.5000,0.0000
969,D,0.1211,Kikipatsu,Kikipatsu,0,0.1003,0.0000,0.0000,0.0909,0.1429,0.0000,0.0000,0.5000,0.0000
970,D,0.1211,Linaria,Linaria,0,0.1003,0.0000,0.0000,0.0909,0.1429,0.0000,0.0000,0.5000,0.0000
971,D,0.1211,Maki,Maki,0,0.1003,0.0000,0.0000,0.0909,0.1429,0.0000,0.0000,0.5000,0.0000
972,D,0.1211,Masked_Deuce,Masked Deuce,0,0.1003,0.0000,0.0000,0.0909,0.1429,0.0000,0.0000,0.5000,0.0000
973,D,0.1211,Massui,Massui,0,0.1003,0.0000,0.0000,0.0909,0.1429,0.0000,0.0000,0.5000,0.0000
974,D,0.1211,Mouseman,Mouseman,0,0.1003,0.0000,0.0000,0.0909,0.1429,0.0000,0.0000,0.5000,0.0000
975,D,0.1211,Neoki,Neoki,0,0.1003,0.0000,0.0000,0.0909,0.1429,0.0000,0.0000,0.5000,0.0000
976,D,0.1211,Nightcrab_Girl,Nightcrab Girl,0,0.1003,0.0000,0.0000,0.0909,0.1429,0.0000,0.0000,0.5000,0.0000
977,D,0.1211,Ninth,Ninth,0,0.1003,0.0000,0.0000,0.0909,0.1429,0.0000,0.0000,0.5000,0.0000
978,D,0.1211,Nodoi_Wakan,Nodoi Wakan,0,0.1003,0.0000,0.0000,0.0909,0.1429,0.0000,0.0000,0.5000,0.0000
979,D,0.1211,Nokotti,Nokotti,0,0.1003,0.0000,0.0000,0.0909,0.1429,0.0000,0.0000,0.5000,0.0000
980,D,0.1211,Nosgarl,Nosgarl,0,0.1003,0.0000,0.0000,0.0909,0.1429,0.0000,0.0000,0.5000,0.0000
981,D,0.1211,Pururu,Pururu,0,0.1003,0.0000,0.0000,0.0909,0.1429,0.0000,0.0000,0.5000,0.0000
982,D,0.1211,Redwolf,Redwolf,0,0.1003,0.0000,0.0000,0.0909,0.1429,0.0000,0.0000,0.5000,0.0000
983,D,0.1211,Reforte,Reforte,0,0.1003,0.0000,0.0000,0.0909,0.1429,0.0000,0.0000,0.5000,0.0000
984,D,0.1211,Rokki,Rokki,0,0.1003,0.0000,0.0000,0.0909,0.1429,0.0000,0.0000,0.5000,0.0000
985,D,0.1211,Tate,Tate,0,0.1003,0.0000,0.0000,0.0909,0.1429,0.0000,0.0000,0.5000,0.0000
986,D,0.1211,Tori,Tori,0,0.1003,0.0000,0.0000,0.0909,0.1429,0.0000,0.0000,0.5000,0.0000
987,D,0.1211,Uwattsura,Uwattsura,0,0.1003,0.0000,0.0000,0.0909,0.1429,0.0000,0.0000,0.5000,0.0000
988,D,0.1211,Vitan,Vitan,0,0.1003,0.0000,0.0000,0.0909,0.1429,0.0000,0.0000,0.5000,0.0000
989,D,0.1207,Kurozumi_Semimaru,Kurozumi Semimaru,0,0.2330,0.0000,0.0000,0.0909,0.7143,0.0000,1.0000,0.0000,0.0000
990,D,0.1196,Holy,Holy,0,0.3713,0.0000,0.0000,0.0909,0.4286,0.0000,0.0000,0.0000,0.0000
991,D,0.1190,Ange,Ange,0,0.3920,0.0000,0.0000,0.0909,0.1429,0.0000,0.0000,0.0000,0.0000
992,D,0.1187,Busshiri,Busshiri,0,0.3180,0.0000,0.0000,0.1818,0.1429,0.0000,0.0000,0.0000,0.0000
993,D,0.1187,Gram,Gram,0,0.3180,0.0000,0.0000,0.1818,0.1429,0.0000,0.0000,0.0000,0.0000
994,D,0.1187,Rint,Rint,0,0.3180,0.0000,0.0000,0.1818,0.1429,0.0000,0.0000,0.0000,0.0000
995,D,0.1187,Roche,Roche,0,0.3180,0.0000,0.0000,0.1818,0.1429,0.0000,0.0000,0.0000,0.0000
996,D,0.1187,Zadie,Zadie,0,0.3180,0.0000,0.0000,0.1818,0.1429,0.0000,0.0000,0.0000,0.0000
997,D,0.1185,Alice,Alice,0,0.2330,0.0000,0.0000,0.2727,0.2857,0.0000,0.0000,0.0000,0.0000
998,D,0.1183,Amazon,Amazon,0,0.2593,0.0000,0.0000,0.1818,0.8571,0.0000,0.0000,0.0000,0.0000
999,D,0.1182,Medaka_Mermaid_Quintuplets,Medaka Mermaid Quintuplets,0,0.3180,0.1480,0.0000,0.0909,0.2857,0.0000,0.0000,0.0000,0.0000
1000,D,0.1173,Seira,Seira,0,0.3010,0.0000,0.0000,0.1818,0.2857,0.0000,0.0000,0.0000,0.0000
1001,D,0.1172,Fugetsu_Omusubi,Fugetsu Omusubi,0,0.1590,0.0000,0.0000,0.0909,0.7143,0.0000,0.0000,0.3000,0.0000
1002,D,0.1172,Uzuki_Tempura,Uzuki Tempura,0,0.1590,0.0000,0.0000,0.0909,0.7143,0.0000,0.0000,0.3000,0.0000
1003,D,0.1165,Johanna,Johanna,0,0.3820,0.0000,0.0000,0.0909,0.1429,0.0000,0.0000,0.0000,0.0000
1004,D,0.1165,Kebi,Kebi,0,0.3820,0.0000,0.0000,0.0909,0.1429,0.0000,0.0000,0.0000,0.0000
1005,D,0.1165,Mag,Mag,0,0.3820,0.0000,0.0000,0.0909,0.1429,0.0000,0.0000,0.0000,0.0000
1006,D,0.1165,Olav,Olav,0,0.3820,0.0000,0.0000,0.0909,0.1429,0.0000,0.0000,0.0000,0.0000
1007,D,0.1162,Candelle,Candelle,0,0.2007,0.0000,0.0000,0.0909,0.1429,0.0000,0.0000,0.3000,0.0000
1008,D,0.1162,Diez_Barrels,Diez Barrels,0,0.2007,0.0000,0.0000,0.0909,0.1429,0.0000,0.0000,0.3000,0.0000
1009,D,0.1162,House,House,0,0.2007,0.0000,0.0000,0.0909,0.1429,0.0000,0.0000,0.3000,0.0000
1010,D,0.1162,Koda,Koda,0,0.2007,0.0000,0.0000,0.0909,0.1429,0.0000,0.0000,0.3000,0.0000
1011,D,0.1162,Marine_Headquarters_Court,Marine Headquarters Court,0,0.2007,0.0000,0.0000,0.0909,0.1429,0.0000,0.0000,0.3000,0.0000
1012,D,0.1162,Mezasuzowan_Pisuo,Mezasuzowan Pisuo,0,0.2007,0.0000,0.0000,0.0909,0.1429,0.0000,0.0000,0.3000,0.0000
1013,D,0.1162,Piper,Piper,0,0.2007,0.0000,0.0000,0.0909,0.1429,0.0000,0.0000,0.3000,0.0000
1014,D,0.1162,Sukare_Tainen,Sukare Tainen,0,0.2007,0.0000,0.0000,0.0909,0.1429,0.0000,0.0000,0.3000,0.0000
1015,D,0.1159,Biblo,Biblo,0,0.2593,0.0000,0.0000,0.0909,0.1429,0.0000,1.0000,0.0000,0.0000
1016,D,0.1159,Ragnir,Ragnir,0,0.2593,0.0000,0.0000,0.0909,0.1429,0.0000,1.0000,0.0000,0.0000
1017,D,0.1153,Spoil,Spoil,0,0.2817,0.0000,0.0000,0.1818,0.4286,0.0000,0.0000,0.0000,0.0000
1018,D,0.1148,Yama,Yama,0,0.3180,0.0000,0.0000,0.0909,0.8571,0.0000,0.0000,0.0000,0.0000
1019,D,0.1145,Hasami,Hasami,0,0.3010,0.0000,0.0000,0.1818,0.1429,0.0000,0.0000,0.0000,0.0000
1020,D,0.1145,Some,Some,0,0.3010,0.0000,0.0000,0.1818,0.1429,0.0000,0.0000,0.0000,0.0000
1021,D,0.1144,Pansy,Pansy,0,0.1590,0.0000,0.0000,0.0909,0.5714,0.0000,0.0000,0.3000,0.0000
1022,D,0.1144,Poppy,Poppy,0,0.1590,0.0000,0.0000,0.0909,0.5714,0.0000,0.0000,0.3000,0.0000
1023,D,0.1144,Shioyaki,Shioyaki,0,0.1590,0.0000,0.0000,0.0909,0.5714,0.0000,0.0000,0.3000,0.0000
1024,D,0.1139,Ally,Ally,0,0.3713,0.0000,0.0000,0.0909,0.1429,0.0000,0.0000,0.0000,0.0000
1025,D,0.1139,Bent,Bent,0,0.3713,0.0000,0.0000,0.0909,0.1429,0.0000,0.0000,0.0000,0.0000
1026,D,0.1139,Karin,Karin,0,0.3713,0.0000,0.0000,0.0909,0.1429,0.0000,0.0000,0.0000,0.0000
1027,D,0.1135,Corgi,Corgi,0,0.3471,0.0000,0.0000,0.0909,0.4286,0.0000,0.0000,0.0000,0.0000
1028,D,0.1128,Charlos,Charlos,0,0.2330,0.0000,0.0000,0.2727,0.0000,0.0000,0.0000,0.0000,0.0000
1029,D,0.1128,Rosward,Rosward,0,0.2330,0.0000,0.0000,0.2727,0.0000,0.0000,0.0000,0.0000,0.0000
1030,D,0.1115,Vinsmoke_Sora,Vinsmoke Sora,0,0.1590,0.0000,0.0000,0.0909,0.4286,0.0000,0.0000,0.3000,0.0000
1031,D,0.1115,Époni,Époni,0,0.1590,0.0000,0.0000,0.0909,0.4286,0.0000,0.0000,0.3000,0.0000
1032,D,0.1111,Gama_Pyonnosuke,Gama Pyonnosuke,0,0.3010,0.1480,0.0000,0.0909,0.1429,0.0000,0.0000,0.0000,0.0000
1033,D,0.1110,Bjorn,Bjorn,0,0.3597,0.0000,0.0000,0.0909,0.1429,0.0000,0.0000,0.0000,0.0000
1034,D,0.1110,Skaldi,Skaldi,0,0.3597,0.0000,0.0000,0.0909,0.1429,0.0000,0.0000,0.0000,0.0000
1035,D,0.1101,Ucy,Ucy,0,0.3333,0.0000,0.0000,0.0909,0.4286,0.0000,0.0000,0.0000,0.0000
1036,D,0.1100,Fake_Nami,Fake Nami,1,0.2593,0.0000,0.1966,0.0909,0.8571,0.0000,0.0000,0.0000,0.0000
1037,D,0.1100,Fake_Sogeking,Fake Sogeking,1,0.2593,0.0000,0.1966,0.0909,0.8571,0.0000,0.0000,0.0000,0.0000
1038,D,0.1096,Headband_Catfish_Village_Elder,Headband Catfish Village Elder,0,0.2817,0.0000,0.0000,0.1818,0.1429,0.0000,0.0000,0.0000,0.0000
1039,D,0.1096,Hocha,Hocha,0,0.2817,0.0000,0.0000,0.1818,0.1429,0.0000,0.0000,0.0000,0.0000
1040,D,0.1096,Lionbuta,Lionbuta,0,0.2817,0.0000,0.0000,0.1818,0.1429,0.0000,0.0000,0.0000,0.0000
1041,D,0.1093,Bunbuku,Bunbuku,0,0.2330,0.0000,0.0000,0.0909,0.1429,0.0000,1.0000,0.0000,0.0000
1042,D,0.1087,Aruyutayan_V,Aruyutayan V,0,0.1590,0.0000,0.0000,0.0909,0.2857,0.0000,0.0000,0.3000,0.0000
1043,D,0.1087,Ban_Dedessinée,Ban Dedessinée,0,0.1590,0.0000,0.0000,0.0909,0.2857,0.0000,0.0000,0.3000,0.0000
1044,D,0.1087,Estrid,Estrid,0,0.1590,0.0000,0.0000,0.0909,0.2857,0.0000,0.0000,0.3000,0.0000
1045,D,0.1087,Hareji,Hareji,0,0.1590,0.0000,0.0000,0.0909,0.2857,0.0000,0.0000,0.3000,0.0000
1046,D,0.1087,Jean_Noueilles,Jean Noueilles,0,0.1590,0.0000,0.0000,0.0909,0.2857,0.0000,0.0000,0.3000,0.0000
1047,D,0.1087,Nefertari_D._Lili,Nefertari D. Lili,0,0.1590,0.0000,0.0000,0.0909,0.2857,0.0000,0.0000,0.3000,0.0000
1048,D,0.1078,Ronja,Ronja,0,0.3471,0.0000,0.0000,0.0909,0.1429,0.0000,0.0000,0.0000,0.0000
1049,D,0.1069,Adele,Adele,0,0.2593,0.0000,0.0000,0.1818,0.2857,0.0000,0.0000,0.0000,0.0000
1050,D,0.1063,Fuza,Fuza,0,0.3180,0.0000,0.0000,0.0909,0.4286,0.0000,0.0000,0.0000,0.0000
1051,D,0.1063,Scarlett,Scarlett,0,0.3180,0.0000,0.0000,0.0909,0.4286,0.0000,0.0000,0.0000,0.0000
1052,D,0.1060,Miss_Catherina,Miss Catherina,0,0.2330,0.0000,0.0000,0.1818,0.5714,0.0000,0.0000,0.0000,0.0000
1053,D,0.1060,Poro,Poro,0,0.2330,0.0000,0.0000,0.1818,0.5714,0.0000,0.0000,0.0000,0.0000
1054,D,0.1058,Barrel,Barrel,0,0.1590,0.0000,0.0000,0.0909,0.1429,0.0000,0.0000,0.3000,0.0000
1055,D,0.1058,Bekori,Bekori,0,0.1590,0.0000,0.0000,0.0909,0.1429,0.0000,0.0000,0.3000,0.0000
1056,D,0.1058,Disc_J,Disc J,0,0.1590,0.0000,0.0000,0.0909,0.1429,0.0000,0.0000,0.3000,0.0000
1057,D,0.1058,Dotaku,Dotaku,0,0.1590,0.0000,0.0000,0.0909,0.1429,0.0000,0.0000,0.3000,0.0000
1058,D,0.1058,Emma,Emma,0,0.1590,0.0000,0.0000,0.0909,0.1429,0.0000,0.0000,0.3000,0.0000
1059,D,0.1058,Hanji,Hanji,0,0.1590,0.0000,0.0000,0.0909,0.1429,0.0000,0.0000,0.3000,0.0000
1060,D,0.1058,Lemoncheese,Lemoncheese,0,0.1590,0.0000,0.0000,0.0909,0.1429,0.0000,0.0000,0.3000,0.0000
1061,D,0.1058,Matryo_Princesses,Matryo Princesses,0,0.1590,0.0000,0.0000,0.0909,0.1429,0.0000,0.0000,0.3000,0.0000
1062,D,0.1058,Moai,Moai,0,0.1590,0.0000,0.0000,0.0909,0.1429,0.0000,0.0000,0.3000,0.0000
1063,D,0.1058,Neggy,Neggy,0,0.1590,0.0000,0.0000,0.0909,0.1429,0.0000,0.0000,0.3000,0.0000
1064,D,0.1058,Polo_Gram,Polo Gram,0,0.1590,0.0000,0.0000,0.0909,0.1429,0.0000,0.0000,0.3000,0.0000
1065,D,0.1058,Shikon_Kettai,Shikon Kettai,0,0.1590,0.0000,0.0000,0.0909,0.1429,0.0000,0.0000,0.3000,0.0000
1066,D,0.1058,Sukare_Karehosui,Sukare Karehosui,0,0.1590,0.0000,0.0000,0.0909,0.1429,0.0000,0.0000,0.3000,0.0000
1067,D,0.1057,Den,Den,0,0.2817,0.0000,0.0000,0.0909,0.8571,0.0000,0.0000,0.0000,0.0000
1068,D,0.1049,Akumai,Akumai,0,0.3010,0.0000,0.0000,0.0909,0.5714,0.0000,0.0000,0.0000,0.0000
1069,D,0.1049,Motobaro,Motobaro,0,0.3010,0.0000,0.0000,0.0909,0.5714,0.0000,0.0000,0.0000,0.0000
1070,D,0.1042,Keith,Keith,0,0.2007,0.1480,0.0000,0.1818,0.1429,0.0000,0.0000,0.0000,0.0000
1071,D,0.1041,Choco_Police,Choco Police,0,0.2593,0.0000,0.0000,0.1818,0.1429,0.0000,0.0000,0.0000,0.0000
1072,D,0.1032,Taroimo,Taroimo,0,0.2330,0.0000,0.0000,0.1818,0.4286,0.0000,0.0000,0.0000,0.0000
1073,D,0.1020,Seto,Seto,0,0.3010,0.0000,0.0000,0.0909,0.4286,0.0000,0.0000,0.0000,0.0000
1074,D,0.1008,Negikuma_Maria,Negikuma Maria,0,0.2007,0.0000,0.0000,0.1818,0.7143,0.0000,0.0000,0.0000,0.0000
1075,D,0.1005,Tsugaru_Umi,Tsugaru Umi,0,0.3180,0.0000,0.0000,0.0909,0.1429,0.0000,0.0000,0.0000,0.0000
1076,D,0.0997,Candre,Candre,0,0.1003,0.0000,0.0000,0.0909,0.5714,0.0000,0.0000,0.3000,0.0000
1077,D,0.0997,Hustle,Hustle,0,0.1003,0.0000,0.0000,0.0909,0.5714,0.0000,0.0000,0.3000,0.0000
1078,D,0.0997,Ideaman,Ideaman,0,0.1003,0.0000,0.0000,0.0909,0.5714,0.0000,0.0000,0.3000,0.0000
1079,D,0.0997,Kagikko,Kagikko,0,0.1003,0.0000,0.0000,0.0909,0.5714,0.0000,0.0000,0.3000,0.0000
1080,D,0.0997,Nugire_Yainu,Nugire Yainu,0,0.1003,0.0000,0.0000,0.0909,0.5714,0.0000,0.0000,0.3000,0.0000
1081,D,0.0997,Peppoko,Peppoko,0,0.1003,0.0000,0.0000,0.0909,0.5714,0.0000,0.0000,0.3000,0.0000
1082,D,0.0997,Splatter,Splatter,0,0.1003,0.0000,0.0000,0.0909,0.5714,0.0000,0.0000,0.3000,0.0000
1083,D,0.0997,Take,Take,0,0.1003,0.0000,0.0000,0.0909,0.5714,0.0000,0.0000,0.3000,0.0000
1084,D,0.0994,Gild_Tesoro,Gild Tesoro,0,0.1590,0.0000,0.0000,0.0909,0.5714,0.0000,1.0000,0.0000,0.0000
1085,D,0.0991,Ida,Ida,0,0.3010,0.0000,0.0000,0.0909,0.2857,0.0000,0.0000,0.0000,0.0000
1086,D,0.0991,Kazenbo,Kazenbo,0,0.3010,0.0000,0.0000,0.0909,0.2857,0.0000,0.0000,0.0000,0.0000
1087,D,0.0980,Island_Eater,Island Eater,0,0.2007,0.0000,0.0000,0.1818,0.5714,0.0000,0.0000,0.0000,0.0000
1088,D,0.0980,Ririka,Ririka,0,0.2007,0.0000,0.0000,0.1818,0.5714,0.0000,0.0000,0.0000,0.0000
1089,D,0.0975,Outlook_III,Outlook III,0,0.2330,0.0000,0.0000,0.1818,0.1429,0.0000,0.0000,0.0000,0.0000
1090,D,0.0975,Uholisia,Uholisia,0,0.2330,0.0000,0.0000,0.1818,0.1429,0.0000,0.0000,0.0000,0.0000
1091,D,0.0975,Urashima,Urashima,0,0.2330,0.0000,0.0000,0.1818,0.1429,0.0000,0.0000,0.0000,0.0000
1092,D,0.0972,Drug_Peclo,Drug Peclo,0,0.2817,0.0000,0.0000,0.0909,0.4286,0.0000,0.0000,0.0000,0.0000
1093,D,0.0972,Giberson,Giberson,0,0.2817,0.0000,0.0000,0.0909,0.4286,0.0000,0.0000,0.0000,0.0000
1094,D,0.0972,Inuppe,Inuppe,0,0.2817,0.0000,0.0000,0.0909,0.4286,0.0000,0.0000,0.0000,0.0000
1095,D,0.0968,Packy,Packy,0,0.1003,0.0000,0.0000,0.0909,0.4286,0.0000,0.0000,0.3000,0.0000
1096,D,0.0968,Thalassa_Lucas,Thalassa Lucas,0,0.1003,0.0000,0.0000,0.0909,0.4286,0.0000,0.0000,0.3000,0.0000
1097,D,0.0963,Azuki,Azuki,0,0.3010,0.0000,0.0000,0.0909,0.1429,0.0000,0.0000,0.0000,0.0000
1098,D,0.0951,Dragon_Number_Thirteen,Dragon Number Thirteen,0,0.2007,0.0000,0.0000,0.1818,0.4286,0.0000,0.0000,0.0000,0.0000
1099,D,0.0943,Honner,Honner,0,0.2817,0.0000,0.0000,0.0909,0.2857,0.0000,0.0000,0.0000,0.0000
1100,D,0.0940,Banshee,Banshee,0,0.1003,0.0000,0.0000,0.0909,0.2857,0.0000,0.0000,0.3000,0.0000
1101,D,0.0936,Hotori_and_Kotori,Hotori and Kotori,0,0.2330,0.0000,0.0000,0.0909,0.8571,0.0000,0.0000,0.0000,0.0000
1102,D,0.0916,Mousse,Mousse,0,0.2593,0.0000,0.0000,0.0909,0.4286,0.0000,0.0000,0.0000,0.0000
1103,D,0.0915,Dragon_Number_Twenty-One,Dragon Number Twenty-One,0,0.2817,0.0000,0.0000,0.0909,0.1429,0.0000,0.0000,0.0000,0.0000
1104,D,0.0915,Eris,Eris,0,0.2817,0.0000,0.0000,0.0909,0.1429,0.0000,0.0000,0.0000,0.0000
1105,D,0.0915,Mummy,Mummy,0,0.2817,0.0000,0.0000,0.0909,0.1429,0.0000,0.0000,0.0000,0.0000
1106,D,0.0915,Wany,Wany,0,0.2817,0.0000,0.0000,0.0909,0.1429,0.0000,0.0000,0.0000,0.0000
1107,D,0.0911,Ahho_Desunen_IX,Ahho Desunen IX,0,0.1003,0.0000,0.0000,0.0909,0.1429,0.0000,0.0000,0.3000,0.0000
1108,D,0.0911,Ahho_Zurako,Ahho Zurako,0,0.1003,0.0000,0.0000,0.0909,0.1429,0.0000,0.0000,0.3000,0.0000
1109,D,0.0911,Barry,Barry,0,0.1003,0.0000,0.0000,0.0909,0.1429,0.0000,0.0000,0.3000,0.0000
1110,D,0.0911,Bellett,Bellett,0,0.1003,0.0000,0.0000,0.0909,0.1429,0.0000,0.0000,0.3000,0.0000
1111,D,0.0911,Bulldog,Bulldog,0,0.1003,0.0000,0.0000,0.0909,0.1429,0.0000,0.0000,0.3000,0.0000
1112,D,0.0911,Dogya,Dogya,0,0.1003,0.0000,0.0000,0.0909,0.1429,0.0000,0.0000,0.3000,0.0000
1113,D,0.0911,Donovan,Donovan,0,0.1003,0.0000,0.0000,0.0909,0.1429,0.0000,0.0000,0.3000,0.0000
1114,D,0.0911,Dr._Fishbonen,Dr. Fishbonen,0,0.1003,0.0000,0.0000,0.0909,0.1429,0.0000,0.0000,0.3000,0.0000
1115,D,0.0911,Finamore,Finamore,0,0.1003,0.0000,0.0000,0.0909,0.1429,0.0000,0.0000,0.3000,0.0000
1116,D,0.0911,Fishbonen,Fishbonen,0,0.1003,0.0000,0.0000,0.0909,0.1429,0.0000,0.0000,0.3000,0.0000
1117,D,0.0911,George_Mach,George Mach,0,0.1003,0.0000,0.0000,0.0909,0.1429,0.0000,0.0000,0.3000,0.0000
1118,D,0.0911,Gina,Gina,0,0.1003,0.0000,0.0000,0.0909,0.1429,0.0000,0.0000,0.3000,0.0000
1119,D,0.0911,Giro_Chintaro,Giro Chintaro,0,0.1003,0.0000,0.0000,0.0909,0.1429,0.0000,0.0000,0.3000,0.0000
1120,D,0.0911,Glove,Glove,0,0.1003,0.0000,0.0000,0.0909,0.1429,0.0000,0.0000,0.3000,0.0000
1121,D,0.0911,Grabar,Grabar,0,0.1003,0.0000,0.0000,0.0909,0.1429,0.0000,0.0000,0.3000,0.0000
1122,D,0.0911,Gurutaro,Gurutaro,0,0.1003,0.0000,0.0000,0.0909,0.1429,0.0000,0.0000,0.3000,0.0000
1123,D,0.0911,Hippie,Hippie,0,0.1003,0.0000,0.0000,0.0909,0.1429,0.0000,0.0000,0.3000,0.0000
1124,D,0.0911,Hiro_Gomon,Hiro Gomon,0,0.1003,0.0000,0.0000,0.0909,0.1429,0.0000,0.0000,0.3000,0.0000
1125,D,0.0911,Hop,Hop,0,0.1003,0.0000,0.0000,0.0909,0.1429,0.0000,0.0000,0.3000,0.0000
1126,D,0.0911,Kibagaeru,Kibagaeru,0,0.1003,0.0000,0.0000,0.0909,0.1429,0.0000,0.0000,0.3000,0.0000
1127,D,0.0911,Kimel,Kimel,0,0.1003,0.0000,0.0000,0.0909,0.1429,0.0000,0.0000,0.3000,0.0000
1128,D,0.0911,Kyuji,Kyuji,0,0.1003,0.0000,0.0000,0.0909,0.1429,0.0000,0.0000,0.3000,0.0000
1129,D,0.0911,Mizuta_Madaisuki,Mizuta Madaisuki,0,0.1003,0.0000,0.0000,0.0909,0.1429,0.0000,0.0000,0.3000,0.0000
1130,D,0.0911,Mizuta_Mawaritosuki,Mizuta Mawaritosuki,0,0.1003,0.0000,0.0000,0.0909,0.1429,0.0000,0.0000,0.3000,0.0000
1131,D,0.0911,Mountain_Ricky,Mountain Ricky,0,0.1003,0.0000,0.0000,0.0909,0.1429,0.0000,0.0000,0.3000,0.0000
1132,D,0.0911,Nefertari_Titi,Nefertari Titi,0,0.1003,0.0000,0.0000,0.0909,0.1429,0.0000,0.0000,0.3000,0.0000
1133,D,0.0911,Okome,Okome,0,0.1003,0.0000,0.0000,0.0909,0.1429,0.0000,0.0000,0.3000,0.0000
1134,D,0.0911,Ossamondo,Ossamondo,0,0.1003,0.0000,0.0000,0.0909,0.1429,0.0000,0.0000,0.3000,0.0000
1135,D,0.0911,Papas,Papas,0,0.1003,0.0000,0.0000,0.0909,0.1429,0.0000,0.0000,0.3000,0.0000
1136,D,0.0911,Quincy,Quincy,0,0.1003,0.0000,0.0000,0.0909,0.1429,0.0000,0.0000,0.3000,0.0000
1137,D,0.0911,Rakushitemo_Terusubehainaika,Rakushitemo Terusubehainaika,0,0.1003,0.0000,0.0000,0.0909,0.1429,0.0000,0.0000,0.3000,0.0000
1138,D,0.0911,Saber,Saber,0,0.1003,0.0000,0.0000,0.0909,0.1429,0.0000,0.0000,0.3000,0.0000
1139,D,0.0911,Sarai,Sarai,0,0.1003,0.0000,0.0000,0.0909,0.1429,0.0000,0.0000,0.3000,0.0000
1140,D,0.0911,Scimitarta,Scimitarta,0,0.1003,0.0000,0.0000,0.0909,0.1429,0.0000,0.0000,0.3000,0.0000
1141,D,0.0911,Sig,Sig,0,0.1003,0.0000,0.0000,0.0909,0.1429,0.0000,0.0000,0.3000,0.0000
1142,D,0.0911,Sonieh,Sonieh,0,0.1003,0.0000,0.0000,0.0909,0.1429,0.0000,0.0000,0.3000,0.0000
1143,D,0.0911,Tarara,Tarara,0,0.1003,0.0000,0.0000,0.0909,0.1429,0.0000,0.0000,0.3000,0.0000
1144,D,0.0911,Tensei,Tensei,0,0.1003,0.0000,0.0000,0.0909,0.1429,0.0000,0.0000,0.3000,0.0000
1145,D,0.0911,Tritoma,Tritoma,0,0.1003,0.0000,0.0000,0.0909,0.1429,0.0000,0.0000,0.3000,0.0000
1146,D,0.0911,Uzuki_Namida,Uzuki Namida,0,0.1003,0.0000,0.0000,0.0909,0.1429,0.0000,0.0000,0.3000,0.0000
1147,D,0.0911,Vincent,Vincent,0,0.1003,0.0000,0.0000,0.0909,0.1429,0.0000,0.0000,0.3000,0.0000
1148,D,0.0911,Wallace,Wallace,0,0.1003,0.0000,0.0000,0.0909,0.1429,0.0000,0.0000,0.3000,0.0000
1149,D,0.0911,Zangirimaru,Zangirimaru,0,0.1003,0.0000,0.0000,0.0909,0.1429,0.0000,0.0000,0.3000,0.0000
1150,D,0.0911,Zepo,Zepo,0,0.1003,0.0000,0.0000,0.0909,0.1429,0.0000,0.0000,0.3000,0.0000
1151,D,0.0894,Chap,Chap,0,0.2007,0.0000,0.0000,0.1818,0.1429,0.0000,0.0000,0.0000,0.0000
1152,D,0.0894,Furrari,Furrari,0,0.2007,0.0000,0.0000,0.1818,0.1429,0.0000,0.0000,0.0000,0.0000
1153,D,0.0894,Googly-Eyed,Googly-Eyed,0,0.2007,0.0000,0.0000,0.1818,0.1429,0.0000,0.0000,0.0000,0.0000
1154,D,0.0894,Iwatobi,Iwatobi,0,0.2007,0.0000,0.0000,0.1818,0.1429,0.0000,0.0000,0.0000,0.0000
1155,D,0.0894,Marumieta,Marumieta,0,0.2007,0.0000,0.0000,0.1818,0.1429,0.0000,0.0000,0.0000,0.0000
1156,D,0.0894,Moqueca,Moqueca,0,0.2007,0.0000,0.0000,0.1818,0.1429,0.0000,0.0000,0.0000,0.0000
1157,D,0.0894,Nika,Nika,0,0.2007,0.0000,0.0000,0.1818,0.1429,0.0000,0.0000,0.0000,0.0000
1158,D,0.0894,Ramen,Ramen,0,0.2007,0.0000,0.0000,0.1818,0.1429,0.0000,0.0000,0.0000,0.0000
1159,D,0.0894,Sauce,Sauce,0,0.2007,0.0000,0.0000,0.1818,0.1429,0.0000,0.0000,0.0000,0.0000
1160,D,0.0894,Seki,Seki,0,0.2007,0.0000,0.0000,0.1818,0.1429,0.0000,0.0000,0.0000,0.0000
1161,D,0.0894,Tritobu,Tritobu,0,0.2007,0.0000,0.0000,0.1818,0.1429,0.0000,0.0000,0.0000,0.0000
1162,D,0.0894,Wheel,Wheel,0,0.2007,0.0000,0.0000,0.1818,0.1429,0.0000,0.0000,0.0000,0.0000
1163,D,0.0894,Yamenahare,Yamenahare,0,0.2007,0.0000,0.0000,0.1818,0.1429,0.0000,0.0000,0.0000,0.0000
1164,D,0.0887,Banchi,Banchi,0,0.2593,0.0000,0.0000,0.0909,0.2857,0.0000,0.0000,0.0000,0.0000
1165,D,0.0887,Fillonce,Fillonce,0,0.2593,0.0000,0.0000,0.0909,0.2857,0.0000,0.0000,0.0000,0.0000
1166,D,0.0887,Lulis,Lulis,0,0.2593,0.0000,0.0000,0.0909,0.2857,0.0000,0.0000,0.0000,0.0000
1167,D,0.0887,Mato,Mato,0,0.2593,0.0000,0.0000,0.0909,0.2857,0.0000,0.0000,0.0000,0.0000
1168,D,0.0886,Octopus_Mash,Octopus Mash,0,0.2817,0.0000,0.0000,0.0909,0.0000,0.0000,0.0000,0.0000,0.0000
1169,D,0.0875,Chicken,Chicken,0,0.1590,0.0000,0.0000,0.1818,0.5714,0.0000,0.0000,0.0000,0.0000
1170,D,0.0875,Ipponume,Ipponume,0,0.1590,0.0000,0.0000,0.1818,0.5714,0.0000,0.0000,0.0000,0.0000
1171,D,0.0875,Sam,Sam,0,0.1590,0.0000,0.0000,0.1818,0.5714,0.0000,0.0000,0.0000,0.0000
1172,D,0.0875,Samurai_Batts,Samurai Batts,0,0.1590,0.0000,0.0000,0.1818,0.5714,0.0000,0.0000,0.0000,0.0000
1173,D,0.0859,Banzaburo,Banzaburo,0,0.2593,0.0000,0.0000,0.0909,0.1429,0.0000,0.0000,0.0000,0.0000
1174,D,0.0859,Damask,Damask,0,0.2593,0.0000,0.0000,0.0909,0.1429,0.0000,0.0000,0.0000,0.0000
1175,D,0.0859,Emil,Emil,0,0.2593,0.0000,0.0000,0.0909,0.1429,0.0000,0.0000,0.0000,0.0000
1176,D,0.0859,Ginko,Ginko,0,0.2593,0.0000,0.0000,0.0909,0.1429,0.0000,0.0000,0.0000,0.0000
1177,D,0.0859,Jorge,Jorge,0,0.2593,0.0000,0.0000,0.0909,0.1429,0.0000,0.0000,0.0000,0.0000
1178,D,0.0859,Sea_Boar,Sea Boar,0,0.2593,0.0000,0.0000,0.0909,0.1429,0.0000,0.0000,0.0000,0.0000
1179,D,0.0850,Jean_Ango,Jean Ango,0,0.2330,0.0000,0.0000,0.0909,0.4286,0.0000,0.0000,0.0000,0.0000
1180,D,0.0850,Miss_Father's_Day,Miss Father's Day,0,0.2330,0.0000,0.0000,0.0909,0.4286,0.0000,0.0000,0.0000,0.0000
1181,D,0.0850,Nyasha,Nyasha,0,0.2330,0.0000,0.0000,0.0909,0.4286,0.0000,0.0000,0.0000,0.0000
1182,D,0.0850,Tsukimi,Tsukimi,0,0.2330,0.0000,0.0000,0.0909,0.4286,0.0000,0.0000,0.0000,0.0000
1183,D,0.0850,Umit,Umit,0,0.2330,0.0000,0.0000,0.0909,0.4286,0.0000,0.0000,0.0000,0.0000
1184,D,0.0847,Nanday,Nanday,0,0.1590,0.0000,0.0000,0.1818,0.4286,0.0000,0.0000,0.0000,0.0000
1185,D,0.0821,Clapp,Clapp,0,0.2330,0.0000,0.0000,0.0909,0.2857,0.0000,0.0000,0.0000,0.0000
1186,D,0.0821,Coburn,Coburn,0,0.2330,0.0000,0.0000,0.0909,0.2857,0.0000,0.0000,0.0000,0.0000
1187,D,0.0821,Kairen,Kairen,0,0.2330,0.0000,0.0000,0.0909,0.2857,0.0000,0.0000,0.0000,0.0000
1188,D,0.0818,Tonjil,Tonjil,0,0.1590,0.0000,0.0000,0.1818,0.2857,0.0000,0.0000,0.0000,0.0000
1189,D,0.0818,Tonsfer,Tonsfer,0,0.1590,0.0000,0.0000,0.1818,0.2857,0.0000,0.0000,0.0000,0.0000
1190,D,0.0798,Hocker,Hocker,0,0.2007,0.0000,0.0000,0.0909,0.5714,0.0000,0.0000,0.0000,0.0000
1191,D,0.0798,Mr._11,Mr. 11,0,0.2007,0.0000,0.0000,0.0909,0.5714,0.0000,0.0000,0.0000,0.0000
1192,D,0.0798,Mr._Beans,Mr. Beans,0,0.2007,0.0000,0.0000,0.0909,0.5714,0.0000,0.0000,0.0000,0.0000
1193,D,0.0793,Aremo_Ganmi,Aremo Ganmi,0,0.2330,0.0000,0.0000,0.0909,0.1429,0.0000,0.0000,0.0000,0.0000
1194,D,0.0793,Chappe,Chappe,0,0.2330,0.0000,0.0000,0.0909,0.1429,0.0000,0.0000,0.0000,0.0000
1195,D,0.0793,Chuji,Chuji,0,0.2330,0.0000,0.0000,0.0909,0.1429,0.0000,0.0000,0.0000,0.0000
1196,D,0.0793,Donquixote_Homing,Donquixote Homing,0,0.2330,0.0000,0.0000,0.0909,0.1429,0.0000,0.0000,0.0000,0.0000
1197,D,0.0793,Fen_Bock,Fen Bock,0,0.2330,0.0000,0.0000,0.0909,0.1429,0.0000,0.0000,0.0000,0.0000
1198,D,0.0793,Gaburu,Gaburu,0,0.2330,0.0000,0.0000,0.0909,0.1429,0.0000,0.0000,0.0000,0.0000
1199,D,0.0793,Ginnosuke,Ginnosuke,0,0.2330,0.0000,0.0000,0.0909,0.1429,0.0000,0.0000,0.0000,0.0000
1200,D,0.0793,Gode,Gode,0,0.2330,0.0000,0.0000,0.0909,0.1429,0.0000,0.0000,0.0000,0.0000
1201,D,0.0793,Hoisassa,Hoisassa,0,0.2330,0.0000,0.0000,0.0909,0.1429,0.0000,0.0000,0.0000,0.0000
1202,D,0.0793,Iscat,Iscat,0,0.2330,0.0000,0.0000,0.0909,0.1429,0.0000,0.0000,0.0000,0.0000
1203,D,0.0793,Milo,Milo,0,0.2330,0.0000,0.0000,0.0909,0.1429,0.0000,0.0000,0.0000,0.0000
1204,D,0.0793,Moyle,Moyle,0,0.2330,0.0000,0.0000,0.0909,0.1429,0.0000,0.0000,0.0000,0.0000
1205,D,0.0793,Mr._7,Mr. 7,0,0.2330,0.0000,0.0000,0.0909,0.1429,0.0000,0.0000,0.0000,0.0000
1206,D,0.0793,Natto,Natto,0,0.2330,0.0000,0.0000,0.0909,0.1429,0.0000,0.0000,0.0000,0.0000
1207,D,0.0793,Oran,Oran,0,0.2330,0.0000,0.0000,0.0909,0.1429,0.0000,0.0000,0.0000,0.0000
1208,D,0.0793,Pekkori,Pekkori,0,0.2330,0.0000,0.0000,0.0909,0.1429,0.0000,0.0000,0.0000,0.0000
1209,D,0.0793,Spartan,Spartan,0,0.2330,0.0000,0.0000,0.0909,0.1429,0.0000,0.0000,0.0000,0.0000
1210,D,0.0793,Sugamichi_and_Warazane,Sugamichi and Warazane,0,0.2330,0.0000,0.0000,0.0909,0.1429,0.0000,0.0000,0.0000,0.0000
1211,D,0.0793,Underbite,Underbite,0,0.2330,0.0000,0.0000,0.0909,0.1429,0.0000,0.0000,0.0000,0.0000
1212,D,0.0790,Chichilisia,Chichilisia,0,0.1590,0.0000,0.0000,0.1818,0.1429,0.0000,0.0000,0.0000,0.0000
1213,D,0.0790,Kanezenny,Kanezenny,0,0.1590,0.0000,0.0000,0.1818,0.1429,0.0000,0.0000,0.0000,0.0000
1214,D,0.0790,Maidy,Maidy,0,0.1590,0.0000,0.0000,0.1818,0.1429,0.0000,0.0000,0.0000,0.0000
1215,D,0.0790,Mari,Mari,0,0.1590,0.0000,0.0000,0.1818,0.1429,0.0000,0.0000,0.0000,0.0000
1216,D,0.0790,Nashi,Nashi,0,0.1590,0.0000,0.0000,0.1818,0.1429,0.0000,0.0000,0.0000,0.0000
1217,D,0.0790,Oide,Oide,0,0.1590,0.0000,0.0000,0.1818,0.1429,0.0000,0.0000,0.0000,0.0000
1218,D,0.0790,Sarfunkel,Sarfunkel,0,0.1590,0.0000,0.0000,0.1818,0.1429,0.0000,0.0000,0.0000,0.0000
1219,D,0.0790,Tequila_Wolf_Chief,Tequila Wolf Chief,0,0.1590,0.0000,0.0000,0.1818,0.1429,0.0000,0.0000,0.0000,0.0000
1220,D,0.0769,Forest_Boss,Forest Boss,0,0.2007,0.0000,0.0000,0.0909,0.4286,0.0000,0.0000,0.0000,0.0000
1221,D,0.0769,Peterman,Peterman,0,0.2007,0.0000,0.0000,0.0909,0.4286,0.0000,0.0000,0.0000,0.0000
1222,D,0.0769,Portgas_D._Rouge,Portgas D. Rouge,0,0.2007,0.0000,0.0000,0.0909,0.4286,0.0000,0.0000,0.0000,0.0000
1223,D,0.0764,Gallant_Hippo,Gallant Hippo,0,0.2330,0.0000,0.0000,0.0909,0.0000,0.0000,0.0000,0.0000,0.0000
1224,D,0.0761,Baccarat,Baccarat,0,0.1003,0.0000,0.0000,0.0909,0.1429,0.0000,1.0000,0.0000,0.0000
1225,D,0.0761,Tanaka,Tanaka,0,0.1003,0.0000,0.0000,0.0909,0.1429,0.0000,1.0000,0.0000,0.0000
1226,D,0.0751,Fake_Robin,Fake Robin,0,0.1590,0.0000,0.0000,0.0909,0.8571,0.0000,0.0000,0.0000,0.0000
1227,D,0.0741,Iyan'eno_Chinode,Iyan'eno Chinode,0,0.2007,0.0000,0.0000,0.0909,0.2857,0.0000,0.0000,0.0000,0.0000
1228,D,0.0741,Mukkashimi_Tower,Mukkashimi Tower,0,0.2007,0.0000,0.0000,0.0909,0.2857,0.0000,0.0000,0.0000,0.0000
1229,D,0.0741,Sora,Sora,0,0.2007,0.0000,0.0000,0.0909,0.2857,0.0000,0.0000,0.0000,0.0000
1230,D,0.0722,Fake_Chopper,Fake Chopper,0,0.1590,0.0000,0.0000,0.0909,0.7143,0.0000,0.0000,0.0000,0.0000
1231,D,0.0722,Pascia,Pascia,0,0.1590,0.0000,0.0000,0.0909,0.7143,0.0000,0.0000,0.0000,0.0000
1232,D,0.0712,Acilia,Acilia,0,0.2007,0.0000,0.0000,0.0909,0.1429,0.0000,0.0000,0.0000,0.0000
1233,D,0.0712,Aegir,Aegir,0,0.2007,0.0000,0.0000,0.0909,0.1429,0.0000,0.0000,0.0000,0.0000
1234,D,0.0712,Bingo,Bingo,0,0.2007,0.0000,0.0000,0.0909,0.1429,0.0000,0.0000,0.0000,0.0000
1235,D,0.0712,Bongo,Bongo,0,0.2007,0.0000,0.0000,0.0909,0.1429,0.0000,0.0000,0.0000,0.0000
1236,D,0.0712,Bungo,Bungo,0,0.2007,0.0000,0.0000,0.0909,0.1429,0.0000,0.0000,0.0000,0.0000
1237,D,0.0712,Bushon,Bushon,0,0.2007,0.0000,0.0000,0.0909,0.1429,0.0000,0.0000,0.0000,0.0000
1238,D,0.0712,Chihaya,Chihaya,0,0.2007,0.0000,0.0000,0.0909,0.1429,0.0000,0.0000,0.0000,0.0000
1239,D,0.0712,Chocho,Chocho,0,0.2007,0.0000,0.0000,0.0909,0.1429,0.0000,0.0000,0.0000,0.0000
1240,D,0.0712,Genrin,Genrin,0,0.2007,0.0000,0.0000,0.0909,0.1429,0.0000,0.0000,0.0000,0.0000
1241,D,0.0712,Gustav,Gustav,0,0.2007,0.0000,0.0000,0.0909,0.1429,0.0000,0.0000,0.0000,0.0000
1242,D,0.0712,Hana,Hana,0,0.2007,0.0000,0.0000,0.0909,0.1429,0.0000,0.0000,0.0000,0.0000
1243,D,0.0712,Herb,Herb,0,0.2007,0.0000,0.0000,0.0909,0.1429,0.0000,0.0000,0.0000,0.0000
1244,D,0.0712,Kirinkodanuki,Kirinkodanuki,0,0.2007,0.0000,0.0000,0.0909,0.1429,0.0000,0.0000,0.0000,0.0000
1245,D,0.0712,Kumagoro,Kumagoro,0,0.2007,0.0000,0.0000,0.0909,0.1429,0.0000,0.0000,0.0000,0.0000
1246,D,0.0712,Kuni,Kuni,0,0.2007,0.0000,0.0000,0.0909,0.1429,0.0000,0.0000,0.0000,0.0000
1247,D,0.0712,Magnolia,Magnolia,0,0.2007,0.0000,0.0000,0.0909,0.1429,0.0000,0.0000,0.0000,0.0000
1248,D,0.0712,Mayushika,Mayushika,0,0.2007,0.0000,0.0000,0.0909,0.1429,0.0000,0.0000,0.0000,0.0000
1249,D,0.0712,Meadows,Meadows,0,0.2007,0.0000,0.0000,0.0909,0.1429,0.0000,0.0000,0.0000,0.0000
1250,D,0.0712,Monjii,Monjii,0,0.2007,0.0000,0.0000,0.0909,0.1429,0.0000,0.0000,0.0000,0.0000
1251,D,0.0712,Okame,Okame,0,0.2007,0.0000,0.0000,0.0909,0.1429,0.0000,0.0000,0.0000,0.0000
1252,D,0.0712,Roji,Roji,0,0.2007,0.0000,0.0000,0.0909,0.1429,0.0000,0.0000,0.0000,0.0000
1253,D,0.0712,Ryunosuke,Ryunosuke,0,0.2007,0.0000,0.0000,0.0909,0.1429,0.0000,0.0000,0.0000,0.0000
1254,D,0.0712,Stevie,Stevie,0,0.2007,0.0000,0.0000,0.0909,0.1429,0.0000,0.0000,0.0000,0.0000
1255,D,0.0712,Takao,Takao,0,0.2007,0.0000,0.0000,0.0909,0.1429,0.0000,0.0000,0.0000,0.0000
1256,D,0.0712,Terry,Terry,0,0.2007,0.0000,0.0000,0.0909,0.1429,0.0000,0.0000,0.0000,0.0000
1257,D,0.0712,Tsunokkov,Tsunokkov,0,0.2007,0.0000,0.0000,0.0909,0.1429,0.0000,0.0000,0.0000,0.0000
1258,D,0.0712,Warashi,Warashi,0,0.2007,0.0000,0.0000,0.0909,0.1429,0.0000,0.0000,0.0000,0.0000
1259,D,0.0712,Yoshimoto,Yoshimoto,0,0.2007,0.0000,0.0000,0.0909,0.1429,0.0000,0.0000,0.0000,0.0000
1260,D,0.0694,Brontosaurus,Brontosaurus,0,0.1590,0.0000,0.0000,0.0909,0.5714,0.0000,0.0000,0.0000,0.0000
1261,D,0.0694,Mornin,Mornin,0,0.1590,0.0000,0.0000,0.0909,0.5714,0.0000,0.0000,0.0000,0.0000
1262,D,0.0694,Tamachibi,Tamachibi,0,0.1590,0.0000,0.0000,0.0909,0.5714,0.0000,0.0000,0.0000,0.0000
1263,D,0.0665,Agyo,Agyo,0,0.1590,0.0000,0.0000,0.0909,0.4286,0.0000,0.0000,0.0000,0.0000
1264,D,0.0665,Kairiken,Kairiken,0,0.1590,0.0000,0.0000,0.0909,0.4286,0.0000,0.0000,0.0000,0.0000
1265,D,0.0665,Kashigami,Kashigami,0,0.1590,0.0000,0.0000,0.0909,0.4286,0.0000,0.0000,0.0000,0.0000
1266,D,0.0665,Minoruba,Minoruba,0,0.1590,0.0000,0.0000,0.0909,0.4286,0.0000,0.0000,0.0000,0.0000
1267,D,0.0637,Basilisk,Basilisk,0,0.1590,0.0000,0.0000,0.0909,0.2857,0.0000,0.0000,0.0000,0.0000
1268,D,0.0637,Daidalos,Daidalos,0,0.1590,0.0000,0.0000,0.0909,0.2857,0.0000,0.0000,0.0000,0.0000
1269,D,0.0637,Royder,Royder,0,0.1590,0.0000,0.0000,0.0909,0.2857,0.0000,0.0000,0.0000,0.0000
1270,D,0.0608,Agotogi,Agotogi,0,0.1590,0.0000,0.0000,0.0909,0.1429,0.0000,0.0000,0.0000,0.0000
1271,D,0.0608,Axel,Axel,0,0.1590,0.0000,0.0000,0.0909,0.1429,0.0000,0.0000,0.0000,0.0000
1272,D,0.0608,Blade,Blade,0,0.1590,0.0000,0.0000,0.0909,0.1429,0.0000,0.0000,0.0000,0.0000
1273,D,0.0608,Cezar,Cezar,0,0.1590,0.0000,0.0000,0.0909,0.1429,0.0000,0.0000,0.0000,0.0000
1274,D,0.0608,Chokyumei-no_Chosuke,Chokyumei-no Chosuke,0,0.1590,0.0000,0.0000,0.0909,0.1429,0.0000,0.0000,0.0000,0.0000
1275,D,0.0608,Couran,Couran,0,0.1590,0.0000,0.0000,0.0909,0.1429,0.0000,0.0000,0.0000,0.0000
1276,D,0.0608,Dobby_Ibadonbo,Dobby Ibadonbo,0,0.1590,0.0000,0.0000,0.0909,0.1429,0.0000,0.0000,0.0000,0.0000
1277,D,0.0608,Goldfish_Princess,Goldfish Princess,0,0.1590,0.0000,0.0000,0.0909,0.1429,0.0000,0.0000,0.0000,0.0000
1278,D,0.0608,Han,Han,0,0.1590,0.0000,0.0000,0.0909,0.1429,0.0000,0.0000,0.0000,0.0000
1279,D,0.0608,Hilmungardr,Hilmungardr,0,0.1590,0.0000,0.0000,0.0909,0.1429,0.0000,0.0000,0.0000,0.0000
1280,D,0.0608,Hitsugisukan,Hitsugisukan,0,0.1590,0.0000,0.0000,0.0909,0.1429,0.0000,0.0000,0.0000,0.0000
1281,D,0.0608,Hyoutauros,Hyoutauros,0,0.1590,0.0000,0.0000,0.0909,0.1429,0.0000,0.0000,0.0000,0.0000
1282,D,0.0608,Isa,Isa,0,0.1590,0.0000,0.0000,0.0909,0.1429,0.0000,0.0000,0.0000,0.0000
1283,D,0.0608,Jeep,Jeep,0,0.1590,0.0000,0.0000,0.0909,0.1429,0.0000,0.0000,0.0000,0.0000
1284,D,0.0608,Jigokukamabuta_Megatenpanchiro,Jigokukamabuta Megatenpanchiro,0,0.1590,0.0000,0.0000,0.0909,0.1429,0.0000,0.0000,0.0000,0.0000
1285,D,0.0608,Jobo,Jobo,0,0.1590,0.0000,0.0000,0.0909,0.1429,0.0000,0.0000,0.0000,0.0000
1286,D,0.0608,Jugemu_Jugemuko,Jugemu Jugemuko,0,0.1590,0.0000,0.0000,0.0909,0.1429,0.0000,0.0000,0.0000,0.0000
1287,D,0.0608,Kisegawa,Kisegawa,0,0.1590,0.0000,0.0000,0.0909,0.1429,0.0000,0.0000,0.0000,0.0000
1288,D,0.0608,Kobe,Kobe,0,0.1590,0.0000,0.0000,0.0909,0.1429,0.0000,0.0000,0.0000,0.0000
1289,D,0.0608,Koiwa,Koiwa,0,0.1590,0.0000,0.0000,0.0909,0.1429,0.0000,0.0000,0.0000,0.0000
1290,D,0.0608,Kurotsuru,Kurotsuru,0,0.1590,0.0000,0.0000,0.0909,0.1429,0.0000,0.0000,0.0000,0.0000
1291,D,0.0608,Lady_Tree,Lady Tree,0,0.1590,0.0000,0.0000,0.0909,0.1429,0.0000,0.0000,0.0000,0.0000
1292,D,0.0608,Mountain_God,Mountain God,0,0.1590,0.0000,0.0000,0.0909,0.1429,0.0000,0.0000,0.0000,0.0000
1293,D,0.0608,Mr._Mellow,Mr. Mellow,0,0.1590,0.0000,0.0000,0.0909,0.1429,0.0000,0.0000,0.0000,0.0000
1294,D,0.0608,Muginn,Muginn,0,0.1590,0.0000,0.0000,0.0909,0.1429,0.0000,0.0000,0.0000,0.0000
1295,D,0.0608,Nakaiwa,Nakaiwa,0,0.1590,0.0000,0.0000,0.0909,0.1429,0.0000,0.0000,0.0000,0.0000
1296,D,0.0608,Oiwa,Oiwa,0,0.1590,0.0000,0.0000,0.0909,0.1429,0.0000,0.0000,0.0000,0.0000
1297,D,0.0608,Rakuda,Rakuda,0,0.1590,0.0000,0.0000,0.0909,0.1429,0.0000,0.0000,0.0000,0.0000
1298,D,0.0608,Smooge,Smooge,0,0.1590,0.0000,0.0000,0.0909,0.1429,0.0000,0.0000,0.0000,0.0000
1299,D,0.0608,Suke,Suke,0,0.1590,0.0000,0.0000,0.0909,0.1429,0.0000,0.0000,0.0000,0.0000
1300,D,0.0608,Sukune,Sukune,0,0.1590,0.0000,0.0000,0.0909,0.1429,0.0000,0.0000,0.0000,0.0000
1301,D,0.0608,Tea_IV,Tea IV,0,0.1590,0.0000,0.0000,0.0909,0.1429,0.0000,0.0000,0.0000,0.0000
1302,D,0.0608,Tegata_Ringana,Tegata Ringana,0,0.1590,0.0000,0.0000,0.0909,0.1429,0.0000,0.0000,0.0000,0.0000
1303,D,0.0608,Tokijiro,Tokijiro,0,0.1590,0.0000,0.0000,0.0909,0.1429,0.0000,0.0000,0.0000,0.0000
1304,D,0.0608,Tomatito,Tomatito,0,0.1590,0.0000,0.0000,0.0909,0.1429,0.0000,0.0000,0.0000,0.0000
1305,D,0.0608,Torasaburo,Torasaburo,0,0.1590,0.0000,0.0000,0.0909,0.1429,0.0000,0.0000,0.0000,0.0000
1306,D,0.0608,Ultraking,Ultraking,0,0.1590,0.0000,0.0000,0.0909,0.1429,0.0000,0.0000,0.0000,0.0000
1307,D,0.0608,Waruno_Furishiro,Waruno Furishiro,0,0.1590,0.0000,0.0000,0.0909,0.1429,0.0000,0.0000,0.0000,0.0000
1308,D,0.0608,Yotsubane,Yotsubane,0,0.1590,0.0000,0.0000,0.0909,0.1429,0.0000,0.0000,0.0000,0.0000
1309,D,0.0579,Goa_King,Goa King,0,0.1590,0.0000,0.0000,0.0909,0.0000,0.0000,0.0000,0.0000,0.0000
1310,D,0.0575,Byron,Byron,0,0.1003,0.0000,0.0000,0.0909,0.7143,0.0000,0.0000,0.0000,0.0000
1311,D,0.0575,Lim,Lim,0,0.1003,0.0000,0.0000,0.0909,0.7143,0.0000,0.0000,0.0000,0.0000
1312,D,0.0547,Anjo,Anjo,0,0.1003,0.0000,0.0000,0.0909,0.5714,0.0000,0.0000,0.0000,0.0000
1313,D,0.0547,Banchina,Banchina,0,0.1003,0.0000,0.0000,0.0909,0.5714,0.0000,0.0000,0.0000,0.0000
1314,D,0.0547,Batchee,Batchee,0,0.1003,0.0000,0.0000,0.0909,0.5714,0.0000,0.0000,0.0000,0.0000
1315,D,0.0547,Gyoru,Gyoru,0,0.1003,0.0000,0.0000,0.0909,0.5714,0.0000,0.0000,0.0000,0.0000
1316,D,0.0547,Hanger,Hanger,0,0.1003,0.0000,0.0000,0.0909,0.5714,0.0000,0.0000,0.0000,0.0000
1317,D,0.0547,Judy,Judy,0,0.1003,0.0000,0.0000,0.0909,0.5714,0.0000,0.0000,0.0000,0.0000
1318,D,0.0547,Marie,Marie,0,0.1003,0.0000,0.0000,0.0909,0.5714,0.0000,0.0000,0.0000,0.0000
1319,D,0.0547,Marin,Marin,0,0.1003,0.0000,0.0000,0.0909,0.5714,0.0000,0.0000,0.0000,0.0000
1320,D,0.0547,Michael_and_Hoichael,Michael and Hoichael,0,0.1003,0.0000,0.0000,0.0909,0.5714,0.0000,0.0000,0.0000,0.0000
1321,D,0.0547,Moodie,Moodie,0,0.1003,0.0000,0.0000,0.0909,0.5714,0.0000,0.0000,0.0000,0.0000
1322,D,0.0547,Motzel,Motzel,0,0.1003,0.0000,0.0000,0.0909,0.5714,0.0000,0.0000,0.0000,0.0000
1323,D,0.0547,Mr._Shimizu,Mr. Shimizu,0,0.1003,0.0000,0.0000,0.0909,0.5714,0.0000,0.0000,0.0000,0.0000
1324,D,0.0547,Mummy_Mee,Mummy Mee,0,0.1003,0.0000,0.0000,0.0909,0.5714,0.0000,0.0000,0.0000,0.0000
1325,D,0.0547,Pankuta_Dakeyan,Pankuta Dakeyan,0,0.1003,0.0000,0.0000,0.0909,0.5714,0.0000,0.0000,0.0000,0.0000
1326,D,0.0547,Pinky,Pinky,0,0.1003,0.0000,0.0000,0.0909,0.5714,0.0000,0.0000,0.0000,0.0000
1327,D,0.0547,Roxanne,Roxanne,0,0.1003,0.0000,0.0000,0.0909,0.5714,0.0000,0.0000,0.0000,0.0000
1328,D,0.0547,Sapi,Sapi,0,0.1003,0.0000,0.0000,0.0909,0.5714,0.0000,0.0000,0.0000,0.0000
1329,D,0.0547,Soro,Soro,0,0.1003,0.0000,0.0000,0.0909,0.5714,0.0000,0.0000,0.0000,0.0000
1330,D,0.0547,Yu,Yu,0,0.1003,0.0000,0.0000,0.0909,0.5714,0.0000,0.0000,0.0000,0.0000
1331,D,0.0547,Yuki,Yuki,0,0.1003,0.0000,0.0000,0.0909,0.5714,0.0000,0.0000,0.0000,0.0000
1332,D,0.0518,Antonio,Antonio,0,0.1003,0.0000,0.0000,0.0909,0.4286,0.0000,0.0000,0.0000,0.0000
1333,D,0.0518,Carina,Carina,0,0.1003,0.0000,0.0000,0.0909,0.4286,0.0000,0.0000,0.0000,0.0000
1334,D,0.0518,Domo-kun,Domo-kun,0,0.1003,0.0000,0.0000,0.0909,0.4286,0.0000,0.0000,0.0000,0.0000
1335,D,0.0518,Jalmack,Jalmack,0,0.1003,0.0000,0.0000,0.0909,0.4286,0.0000,0.0000,0.0000,0.0000
1336,D,0.0518,Saru,Saru,0,0.1003,0.0000,0.0000,0.0909,0.4286,0.0000,0.0000,0.0000,0.0000
1337,D,0.0490,Blakey,Blakey,0,0.1003,0.0000,0.0000,0.0909,0.2857,0.0000,0.0000,0.0000,0.0000
1338,D,0.0490,Charlotte_De-Chat,Charlotte De-Chat,0,0.1003,0.0000,0.0000,0.0909,0.2857,0.0000,0.0000,0.0000,0.0000
1339,D,0.0490,Charlotte_Normande,Charlotte Normande,0,0.1003,0.0000,0.0000,0.0909,0.2857,0.0000,0.0000,0.0000,0.0000
1340,D,0.0490,Charlotte_Wafers,Charlotte Wafers,0,0.1003,0.0000,0.0000,0.0909,0.2857,0.0000,0.0000,0.0000,0.0000
1341,D,0.0490,Charlotte_Wiro,Charlotte Wiro,0,0.1003,0.0000,0.0000,0.0909,0.2857,0.0000,0.0000,0.0000,0.0000
1342,D,0.0490,Chiya,Chiya,0,0.1003,0.0000,0.0000,0.0909,0.2857,0.0000,0.0000,0.0000,0.0000
1343,D,0.0490,Daddy_Dee,Daddy Dee,0,0.1003,0.0000,0.0000,0.0909,0.2857,0.0000,0.0000,0.0000,0.0000
1344,D,0.0490,Junan,Junan,0,0.1003,0.0000,0.0000,0.0909,0.2857,0.0000,0.0000,0.0000,0.0000
1345,D,0.0490,Maria_Napole,Maria Napole,0,0.1003,0.0000,0.0000,0.0909,0.2857,0.0000,0.0000,0.0000,0.0000
1346,D,0.0490,Miles,Miles,0,0.1003,0.0000,0.0000,0.0909,0.2857,0.0000,0.0000,0.0000,0.0000
1347,D,0.0490,Papaneel,Papaneel,0,0.1003,0.0000,0.0000,0.0909,0.2857,0.0000,0.0000,0.0000,0.0000
1348,D,0.0490,Ubau,Ubau,0,0.1003,0.0000,0.0000,0.0909,0.2857,0.0000,0.0000,0.0000,0.0000
1349,D,0.0490,Zururin,Zururin,0,0.1003,0.0000,0.0000,0.0909,0.2857,0.0000,0.0000,0.0000,0.0000
1350,D,0.0479,Gantonio,Gantonio,0,0.0000,0.0000,0.0000,0.0000,0.1429,0.0000,0.0000,0.3000,0.0000
1351,D,0.0461,Akudai_Kanzaburo,Akudai Kanzaburo,0,0.1003,0.0000,0.0000,0.0909,0.1429,0.0000,0.0000,0.0000,0.0000
1352,D,0.0461,Anba,Anba,0,0.1003,0.0000,0.0000,0.0909,0.1429,0.0000,0.0000,0.0000,0.0000
1353,D,0.0461,Asashichi,Asashichi,0,0.1003,0.0000,0.0000,0.0909,0.1429,0.0000,0.0000,0.0000,0.0000
1354,D,0.0461,Asla,Asla,0,0.1003,0.0000,0.0000,0.0909,0.1429,0.0000,0.0000,0.0000,0.0000
1355,D,0.0461,Aswa,Aswa,0,0.1003,0.0000,0.0000,0.0909,0.1429,0.0000,0.0000,0.0000,0.0000
1356,D,0.0461,Atagoyama,Atagoyama,0,0.1003,0.0000,0.0000,0.0909,0.1429,0.0000,0.0000,0.0000,0.0000
1357,D,0.0461,Beak_Remark,Beak Remark,0,0.1003,0.0000,0.0000,0.0909,0.1429,0.0000,0.0000,0.0000,0.0000
1358,D,0.0461,Bimine,Bimine,0,0.1003,0.0000,0.0000,0.0909,0.1429,0.0000,0.0000,0.0000,0.0000
1359,D,0.0461,Chesskippa,Chesskippa,0,0.1003,0.0000,0.0000,0.0909,0.1429,0.0000,0.0000,0.0000,0.0000
1360,D,0.0461,Dashiteyaro,Dashiteyaro,0,0.1003,0.0000,0.0000,0.0909,0.1429,0.0000,0.0000,0.0000,0.0000
1361,D,0.0461,Deigoro,Deigoro,0,0.1003,0.0000,0.0000,0.0909,0.1429,0.0000,0.0000,0.0000,0.0000
1362,D,0.0461,Demoni_Aiyo,Demoni Aiyo,0,0.1003,0.0000,0.0000,0.0909,0.1429,0.0000,0.0000,0.0000,0.0000
1363,D,0.0461,Dice,Dice,0,0.1003,0.0000,0.0000,0.0909,0.1429,0.0000,0.0000,0.0000,0.0000
1364,D,0.0461,Donquixote_Shivercalero,Donquixote Shivercalero,0,0.1003,0.0000,0.0000,0.0909,0.1429,0.0000,0.0000,0.0000,0.0000
1365,D,0.0461,Egana,Egana,0,0.1003,0.0000,0.0000,0.0909,0.1429,0.0000,0.0000,0.0000,0.0000
1366,D,0.0461,Esta,Esta,0,0.1003,0.0000,0.0000,0.0909,0.1429,0.0000,0.0000,0.0000,0.0000
1367,D,0.0461,Ettara_Chaunkai,Ettara Chaunkai,0,0.1003,0.0000,0.0000,0.0909,0.1429,0.0000,0.0000,0.0000,0.0000
1368,D,0.0461,Francois,Francois,0,0.1003,0.0000,0.0000,0.0909,0.1429,0.0000,0.0000,0.0000,0.0000
1369,D,0.0461,Franky_Family‎,Franky Family‎,0,0.1003,0.0000,0.0000,0.0909,0.1429,0.0000,0.0000,0.0000,0.0000
1370,D,0.0461,Furika,Furika,0,0.1003,0.0000,0.0000,0.0909,0.1429,0.0000,0.0000,0.0000,0.0000
1371,D,0.0461,Gatherine,Gatherine,0,0.1003,0.0000,0.0000,0.0909,0.1429,0.0000,0.0000,0.0000,0.0000
1372,D,0.0461,Gattenshochinosukeo,Gattenshochinosukeo,0,0.1003,0.0000,0.0000,0.0909,0.1429,0.0000,0.0000,0.0000,0.0000
1373,D,0.0461,Gimlet,Gimlet,0,0.1003,0.0000,0.0000,0.0909,0.1429,0.0000,0.0000,0.0000,0.0000
1374,D,0.0461,Glutbunny,Glutbunny,0,0.1003,0.0000,0.0000,0.0909,0.1429,0.0000,0.0000,0.0000,0.0000
1375,D,0.0461,Goo,Goo,0,0.1003,0.0000,0.0000,0.0909,0.1429,0.0000,0.0000,0.0000,0.0000
1376,D,0.0461,Gorobe,Gorobe,0,0.1003,0.0000,0.0000,0.0909,0.1429,0.0000,0.0000,0.0000,0.0000
1377,D,0.0461,Happa_Yamao,Happa Yamao,0,0.1003,0.0000,0.0000,0.0909,0.1429,0.0000,0.0000,0.0000,0.0000
1378,D,0.0461,Hara,Hara,0,0.1003,0.0000,0.0000,0.0909,0.1429,0.0000,0.0000,0.0000,0.0000
1379,D,0.0461,Haritsu_Kendiyo,Haritsu Kendiyo,0,0.1003,0.0000,0.0000,0.0909,0.1429,0.0000,0.0000,0.0000,0.0000
1380,D,0.0461,Hikkomitsukumai,Hikkomitsukumai,0,0.1003,0.0000,0.0000,0.0909,0.1429,0.0000,0.0000,0.0000,0.0000
1381,D,0.0461,Hiroshi,Hiroshi,0,0.1003,0.0000,0.0000,0.0909,0.1429,0.0000,0.0000,0.0000,0.0000
1382,D,0.0461,Ho,Ho,0,0.1003,0.0000,0.0000,0.0909,0.1429,0.0000,0.0000,0.0000,0.0000
1383,D,0.0461,Humphrey,Humphrey,0,0.1003,0.0000,0.0000,0.0909,0.1429,0.0000,0.0000,0.0000,0.0000
1384,D,0.0461,Inoichibannosuke,Inoichibannosuke,0,0.1003,0.0000,0.0000,0.0909,0.1429,0.0000,0.0000,0.0000,0.0000
1385,D,0.0461,Inukai,Inukai,0,0.1003,0.0000,0.0000,0.0909,0.1429,0.0000,0.0000,0.0000,0.0000
1386,D,0.0461,Ishigo_Shitemanna,Ishigo Shitemanna,0,0.1003,0.0000,0.0000,0.0909,0.1429,0.0000,0.0000,0.0000,0.0000
1387,D,0.0461,Jigra,Jigra,0,0.1003,0.0000,0.0000,0.0909,0.1429,0.0000,0.0000,0.0000,0.0000
1388,D,0.0461,Joshu,Joshu,0,0.1003,0.0000,0.0000,0.0909,0.1429,0.0000,0.0000,0.0000,0.0000
1389,D,0.0461,Kakukaku,Kakukaku,0,0.1003,0.0000,0.0000,0.0909,0.1429,0.0000,0.0000,0.0000,0.0000
1390,D,0.0461,Kamekichi,Kamekichi,0,0.1003,0.0000,0.0000,0.0909,0.1429,0.0000,0.0000,0.0000,0.0000
1391,D,0.0461,Kasa,Kasa,0,0.1003,0.0000,0.0000,0.0909,0.1429,0.0000,0.0000,0.0000,0.0000
1392,D,0.0461,Katsuzo,Katsuzo,0,0.1003,0.0000,0.0000,0.0909,0.1429,0.0000,0.0000,0.0000,0.0000
1393,D,0.0461,Kinbo,Kinbo,0,0.1003,0.0000,0.0000,0.0909,0.1429,0.0000,0.0000,0.0000,0.0000
1394,D,0.0461,Kirintauros,Kirintauros,0,0.1003,0.0000,0.0000,0.0909,0.1429,0.0000,0.0000,0.0000,0.0000
1395,D,0.0461,Koala_Mercenaries,Koala Mercenaries,0,0.1003,0.0000,0.0000,0.0909,0.1429,0.0000,0.0000,0.0000,0.0000
1396,D,0.0461,Koito,Koito,0,0.1003,0.0000,0.0000,0.0909,0.1429,0.0000,0.0000,0.0000,0.0000
1397,D,0.0461,Kyukyu,Kyukyu,0,0.1003,0.0000,0.0000,0.0909,0.1429,0.0000,0.0000,0.0000,0.0000
1398,D,0.0461,Love,Love,0,0.1003,0.0000,0.0000,0.0909,0.1429,0.0000,0.0000,0.0000,0.0000
1399,D,0.0461,Margarita,Margarita,0,0.1003,0.0000,0.0000,0.0909,0.1429,0.0000,0.0000,0.0000,0.0000
1400,D,0.0461,Marilyn,Marilyn,0,0.1003,0.0000,0.0000,0.0909,0.1429,0.0000,0.0000,0.0000,0.0000
1401,D,0.0461,Mario,Mario,0,0.1003,0.0000,0.0000,0.0909,0.1429,0.0000,0.0000,0.0000,0.0000
1402,D,0.0461,Mecha-Shark,Mecha-Shark,0,0.1003,0.0000,0.0000,0.0909,0.1429,0.0000,0.0000,0.0000,0.0000
1403,D,0.0461,Minochihuahua,Minochihuahua,0,0.1003,0.0000,0.0000,0.0909,0.1429,0.0000,0.0000,0.0000,0.0000
1404,D,0.0461,Mishoin_Cashible,Mishoin Cashible,0,0.1003,0.0000,0.0000,0.0909,0.1429,0.0000,0.0000,0.0000,0.0000
1405,D,0.0461,Miss_Mother's_Day,Miss Mother's Day,0,0.1003,0.0000,0.0000,0.0909,0.1429,0.0000,0.0000,0.0000,0.0000
1406,D,0.0461,Miss_Saturday,Miss Saturday,0,0.1003,0.0000,0.0000,0.0909,0.1429,0.0000,0.0000,0.0000,0.0000
1407,D,0.0461,Miss_Thursday,Miss Thursday,0,0.1003,0.0000,0.0000,0.0909,0.1429,0.0000,0.0000,0.0000,0.0000
1408,D,0.0461,Miss_Tuesday,Miss Tuesday,0,0.1003,0.0000,0.0000,0.0909,0.1429,0.0000,0.0000,0.0000,0.0000
1409,D,0.0461,Misty,Misty,0,0.1003,0.0000,0.0000,0.0909,0.1429,0.0000,0.0000,0.0000,0.0000
1410,D,0.0461,Mizuira,Mizuira,0,0.1003,0.0000,0.0000,0.0909,0.1429,0.0000,0.0000,0.0000,0.0000
1411,D,0.0461,Mochi,Mochi,0,0.1003,0.0000,0.0000,0.0909,0.1429,0.0000,0.0000,0.0000,0.0000
1412,D,0.0461,Mosa,Mosa,0,0.1003,0.0000,0.0000,0.0909,0.1429,0.0000,0.0000,0.0000,0.0000
1413,D,0.0461,Mouthto_Mouthyan,Mouthto Mouthyan,0,0.1003,0.0000,0.0000,0.0909,0.1429,0.0000,0.0000,0.0000,0.0000
1414,D,0.0461,Mr._10,Mr. 10,0,0.1003,0.0000,0.0000,0.0909,0.1429,0.0000,0.0000,0.0000,0.0000
1415,D,0.0461,Mr._12,Mr. 12,0,0.1003,0.0000,0.0000,0.0909,0.1429,0.0000,0.0000,0.0000,0.0000
1416,D,0.0461,Mr._6,Mr. 6,0,0.1003,0.0000,0.0000,0.0909,0.1429,0.0000,0.0000,0.0000,0.0000
1417,D,0.0461,Mr._Love,Mr. Love,0,0.1003,0.0000,0.0000,0.0909,0.1429,0.0000,0.0000,0.0000,0.0000
1418,D,0.0461,Muchana,Muchana,0,0.1003,0.0000,0.0000,0.0909,0.1429,0.0000,0.0000,0.0000,0.0000
1419,D,0.0461,Muti,Muti,0,0.1003,0.0000,0.0000,0.0909,0.1429,0.0000,0.0000,0.0000,0.0000
1420,D,0.0461,Needle_God,Needle God,0,0.1003,0.0000,0.0000,0.0909,0.1429,0.0000,0.0000,0.0000,0.0000
1421,D,0.0461,Nekozaemon,Nekozaemon,0,0.1003,0.0000,0.0000,0.0909,0.1429,0.0000,0.0000,0.0000,0.0000
1422,D,0.0461,Nigeratta,Nigeratta,0,0.1003,0.0000,0.0000,0.0909,0.1429,0.0000,0.0000,0.0000,0.0000
1423,D,0.0461,Noriko,Noriko,0,0.1003,0.0000,0.0000,0.0909,0.1429,0.0000,0.0000,0.0000,0.0000
1424,D,0.0461,Norinosuke,Norinosuke,0,0.1003,0.0000,0.0000,0.0909,0.1429,0.0000,0.0000,0.0000,0.0000
1425,D,0.0461,Pandora,Pandora,0,0.1003,0.0000,0.0000,0.0909,0.1429,0.0000,0.0000,0.0000,0.0000
1426,D,0.0461,Pluming,Pluming,0,0.1003,0.0000,0.0000,0.0909,0.1429,0.0000,0.0000,0.0000,0.0000
1427,D,0.0461,Potaufeu,Potaufeu,0,0.1003,0.0000,0.0000,0.0909,0.1429,0.0000,0.0000,0.0000,0.0000
1428,D,0.0461,Potsun,Potsun,0,0.1003,0.0000,0.0000,0.0909,0.1429,0.0000,0.0000,0.0000,0.0000
1429,D,0.0461,Pudos,Pudos,0,0.1003,0.0000,0.0000,0.0909,0.1429,0.0000,0.0000,0.0000,0.0000
1430,D,0.0461,Puppu,Puppu,0,0.1003,0.0000,0.0000,0.0909,0.1429,0.0000,0.0000,0.0000,0.0000
1431,D,0.0461,Renona_Topakka,Renona Topakka,0,0.1003,0.0000,0.0000,0.0909,0.1429,0.0000,0.0000,0.0000,0.0000
1432,D,0.0461,Run,Run,0,0.1003,0.0000,0.0000,0.0909,0.1429,0.0000,0.0000,0.0000,0.0000
1433,D,0.0461,Russian,Russian,0,0.1003,0.0000,0.0000,0.0909,0.1429,0.0000,0.0000,0.0000,0.0000
1434,D,0.0461,Saikoro,Saikoro,0,0.1003,0.0000,0.0000,0.0909,0.1429,0.0000,0.0000,0.0000,0.0000
1435,D,0.0461,Samosa,Samosa,0,0.1003,0.0000,0.0000,0.0909,0.1429,0.0000,0.0000,0.0000,0.0000
1436,D,0.0461,Sandayu,Sandayu,0,0.1003,0.0000,0.0000,0.0909,0.1429,0.0000,0.0000,0.0000,0.0000
1437,D,0.0461,Sennorikyuru,Sennorikyuru,0,0.1003,0.0000,0.0000,0.0909,0.1429,0.0000,0.0000,0.0000,0.0000
1438,D,0.0461,Serizawa,Serizawa,0,0.1003,0.0000,0.0000,0.0909,0.1429,0.0000,0.0000,0.0000,0.0000
1439,D,0.0461,Shin_Detamaruka,Shin Detamaruka,0,0.1003,0.0000,0.0000,0.0909,0.1429,0.0000,0.0000,0.0000,0.0000
1440,D,0.0461,Shin_Jaiya,Shin Jaiya,0,0.1003,0.0000,0.0000,0.0909,0.1429,0.0000,0.0000,0.0000,0.0000
1441,D,0.0461,Shinosuke,Shinosuke,0,0.1003,0.0000,0.0000,0.0909,0.1429,0.0000,0.0000,0.0000,0.0000
1442,D,0.0461,Spector,Spector,0,0.1003,0.0000,0.0000,0.0909,0.1429,0.0000,0.0000,0.0000,0.0000
1443,D,0.0461,Stroganoff,Stroganoff,0,0.1003,0.0000,0.0000,0.0909,0.1429,0.0000,0.0000,0.0000,0.0000
1444,D,0.0461,Sukoshiba_Kanishitoru,Sukoshiba Kanishitoru,0,0.1003,0.0000,0.0000,0.0909,0.1429,0.0000,0.0000,0.0000,0.0000
1445,D,0.0461,Suzume,Suzume,0,0.1003,0.0000,0.0000,0.0909,0.1429,0.0000,0.0000,0.0000,0.0000
1446,D,0.0461,Taka,Taka,0,0.1003,0.0000,0.0000,0.0909,0.1429,0.0000,0.0000,0.0000,0.0000
1447,D,0.0461,Tamikebao,Tamikebao,0,0.1003,0.0000,0.0000,0.0909,0.1429,0.0000,0.0000,0.0000,0.0000
1448,D,0.0461,Tomozo,Tomozo,0,0.1003,0.0000,0.0000,0.0909,0.1429,0.0000,0.0000,0.0000,0.0000
1449,D,0.0461,Toyama_Tsujigiro,Toyama Tsujigiro,0,0.1003,0.0000,0.0000,0.0909,0.1429,0.0000,0.0000,0.0000,0.0000
1450,D,0.0461,Tsurube,Tsurube,0,0.1003,0.0000,0.0000,0.0909,0.1429,0.0000,0.0000,0.0000,0.0000
1451,D,0.0461,Tsurue_Monnosuke,Tsurue Monnosuke,0,0.1003,0.0000,0.0000,0.0909,0.1429,0.0000,0.0000,0.0000,0.0000
1452,D,0.0461,Uraya_Mashikatta,Uraya Mashikatta,0,0.1003,0.0000,0.0000,0.0909,0.1429,0.0000,0.0000,0.0000,0.0000
1453,D,0.0461,Urbain,Urbain,0,0.1003,0.0000,0.0000,0.0909,0.1429,0.0000,0.0000,0.0000,0.0000
1454,D,0.0461,Wakasa,Wakasa,0,0.1003,0.0000,0.0000,0.0909,0.1429,0.0000,0.0000,0.0000,0.0000
1455,D,0.0461,Wolf,Wolf,0,0.1003,0.0000,0.0000,0.0909,0.1429,0.0000,0.0000,0.0000,0.0000
1456,D,0.0461,Yame,Yame,0,0.1003,0.0000,0.0000,0.0909,0.1429,0.0000,0.0000,0.0000,0.0000
1457,D,0.0461,Yokan,Yokan,0,0.1003,0.0000,0.0000,0.0909,0.1429,0.0000,0.0000,0.0000,0.0000
1458,D,0.0461,Zabo,Zabo,0,0.1003,0.0000,0.0000,0.0909,0.1429,0.0000,0.0000,0.0000,0.0000
1459,D,0.0433,Lami,Lami,0,0.1003,0.0000,0.0000,0.0909,0.0000,0.0000,0.0000,0.0000,0.0000
1460,D,0.0433,Shalria,Shalria,0,0.1003,0.0000,0.0000,0.0909,0.0000,0.0000,0.0000,0.0000,0.0000
1461,D,0.0433,Ukkari,Ukkari,0,0.1003,0.0000,0.0000,0.0909,0.0000,0.0000,0.0000,0.0000,0.0000
