rank,name,points,our_character_id,is_variant,site_face_id,image_url,image_path
1,MONKEY D. LUFFY,2378519,Monkey_D._Luffy,False,,https://onepiecewt100-2026.com/assets/final-rankings/world-rank-1.png,polls/wt100_2026/0001_MONKEY_D_LUFFY.png
2,RORONOA ZORO,2148793,Roronoa_Zoro,False,,https://onepiecewt100-2026.com/assets/final-rankings/world-rank-2.png,polls/wt100_2026/0002_RORONOA_ZORO.png
3,SANJI,1399204,Sanji,False,,https://onepiecewt100-2026.com/assets/final-rankings/world-rank-3.png,polls/wt100_2026/0003_SANJI.png
4,NAMI,1007955,Nami,False,0003,https://onepiecewt100-2026.com/assets/faces/0003.png,polls/wt100_2026/0004_NAMI.png
5,TRAFALGAR LAW (TRAFALGAR D. WATER LAW),732301,Trafalgar_D._Water_Law,False,0512,https://onepiecewt100-2026.com/assets/faces/0512.png,polls/wt100_2026/0005_TRAFALGAR_LAW_TRAFALGAR_D_WATER_LAW.png
6,NICO ROBIN,322461,Nico_Robin,False,0007,https://onepiecewt100-2026.com/assets/faces/0007.png,polls/wt100_2026/0006_NICO_ROBIN.png
7,PORTGAS D. ACE,301112,Portgas_D._Ace,False,0175,https://onepiecewt100-2026.com/assets/faces/0175.png,polls/wt100_2026/0007_PORTGAS_D_ACE.png
8,SHANKS,204827,Shanks,False,0017,https://onepiecewt100-2026.com/assets/faces/0017.png,polls/wt100_2026/0008_SHANKS.png
9,DRACULE.MIHAWK,202744,Dracule_Mihawk,False,0085,https://onepiecewt100-2026.com/assets/faces/0085.png,polls/wt100_2026/0009_DRACULE_MIHAWK.png
10,CROCODILE (Mr. 0),201971,Crocodile,False,0172,https://onepiecewt100-2026.com/assets/faces/0172.png,polls/wt100_2026/0010_CROCODILE_Mr_0.png
11,DONQUIXOTE ROSINANTE (CORAZŌN),,Donquixote_Rosinante,False,0892,https://onepiecewt100-2026.com/assets/faces-106x106/0892.png,polls/wt100_2026/0011_DONQUIXOTE_ROSINANTE_CORAZ_N.png
12,BOA.HANCOCK,,Boa_Hancock,False,0551,https://onepiecewt100-2026.com/assets/faces-106x106/0551.png,polls/wt100_2026/0012_BOA_HANCOCK.png
13,TONY TONY.CHOPPER,,Tony_Tony_Chopper,False,0006,https://onepiecewt100-2026.com/assets/faces-106x106/0006.png,polls/wt100_2026/0013_TONY_TONY_CHOPPER.png
14,SABO,,Sabo,False,0654,https://onepiecewt100-2026.com/assets/faces-106x106/0654.png,polls/wt100_2026/0014_SABO.png
15,UTA,,Uta,False,1556,https://onepiecewt100-2026.com/assets/faces-106x106/1556.png,polls/wt100_2026/0015_UTA.png
16,CARROT,,Carrot,False,0914,https://onepiecewt100-2026.com/assets/faces-106x106/0914.png,polls/wt100_2026/0016_CARROT.png
17,ROCKS D. XEBEC (DAVY D. XEBEC),,Rocks_D._Xebec,False,1543,https://onepiecewt100-2026.com/assets/faces-106x106/1543.png,polls/wt100_2026/0017_ROCKS_D_XEBEC_DAVY_D_XEBEC.png
18,YAMATO,,Yamato,False,1348,https://onepiecewt100-2026.com/assets/faces-106x106/1348.png,polls/wt100_2026/0018_YAMATO.png
19,USOPP,,Usopp,False,0004,https://onepiecewt100-2026.com/assets/faces-106x106/0004.png,polls/wt100_2026/0019_USOPP.png
20,LOKI,,Loki,False,1506,https://onepiecewt100-2026.com/assets/faces-106x106/1506.png,polls/wt100_2026/0020_LOKI.png
21,CHARLOTTE CRACKER,,Charlotte_Cracker,False,0958,https://onepiecewt100-2026.com/assets/faces-106x106/0958.png,polls/wt100_2026/0021_CHARLOTTE_CRACKER.png
22,DONQUIXOTE DOFLAMINGO,,Donquixote_Doflamingo,False,0262,https://onepiecewt100-2026.com/assets/faces-106x106/0262.png,polls/wt100_2026/0022_DONQUIXOTE_DOFLAMINGO.png
23,EUSTASS.KID,,Eustass_Kid,False,0507,https://onepiecewt100-2026.com/assets/faces-106x106/0507.png,polls/wt100_2026/0023_EUSTASS_KID.png
24,PERONA,,Perona,False,0467,https://onepiecewt100-2026.com/assets/faces-106x106/0467.png,polls/wt100_2026/0024_PERONA.png
25,BUGGY,,Buggy,False,0046,https://onepiecewt100-2026.com/assets/faces-106x106/0046.png,polls/wt100_2026/0025_BUGGY.png
26,MARCO,,Marco,False,0440,https://onepiecewt100-2026.com/assets/faces-106x106/0440.png,polls/wt100_2026/0026_MARCO.png
27,BROOK,,Brook,False,0009,https://onepiecewt100-2026.com/assets/faces-106x106/0009.png,polls/wt100_2026/0027_BROOK.png
28,NEFELTARI VIVI (Miss WEDNESDAY),,Nefertari_Vivi,False,0013,https://onepiecewt100-2026.com/assets/faces-106x106/0013.png,polls/wt100_2026/0028_NEFELTARI_VIVI_Miss_WEDNESDAY.png
29,FRANKY (CUTTY FLAM),,Franky,False,0008,https://onepiecewt100-2026.com/assets/faces-106x106/0008.png,polls/wt100_2026/0029_FRANKY_CUTTY_FLAM.png
30,JINBE,,Jinbe,False,0010,https://onepiecewt100-2026.com/assets/faces-106x106/0010.png,polls/wt100_2026/0030_JINBE.png
31,CHARLOTTE KATAKURI,,Charlotte_Katakuri,False,1011,https://onepiecewt100-2026.com/assets/faces-106x106/1011.png,polls/wt100_2026/0031_CHARLOTTE_KATAKURI.png
32,BARTHOLOMEW.KUMA,,Bartholomew_Kuma,False,0263,https://onepiecewt100-2026.com/assets/faces-106x106/0263.png,polls/wt100_2026/0032_BARTHOLOMEW_KUMA.png
33,SMOKER,,Smoker,False,0121,https://onepiecewt100-2026.com/assets/faces-106x106/0121.png,polls/wt100_2026/0033_SMOKER.png
34,BENTHAM (Mr. 2/BON・KUREI),,Bentham,False,0170,https://onepiecewt100-2026.com/assets/faces-106x106/0170.png,polls/wt100_2026/0034_BENTHAM_Mr_2_BON_KUREI.png
35,ROB LUCCI,,Rob_Lucci,False,0372,https://onepiecewt100-2026.com/assets/faces-106x106/0372.png,polls/wt100_2026/0035_ROB_LUCCI.png
36,EDWARD NEWGATE (WHITEBEARD),,Edward_Newgate,False,0266,https://onepiecewt100-2026.com/assets/faces-106x106/0266.png,polls/wt100_2026/0036_EDWARD_NEWGATE_WHITEBEARD.png
37,KOBY,,Koby,False,0028,https://onepiecewt100-2026.com/assets/faces-106x106/0028.png,polls/wt100_2026/0037_KOBY.png
38,KAKU,,Kaku,False,0366,https://onepiecewt100-2026.com/assets/faces-106x106/0366.png,polls/wt100_2026/0038_KAKU.png
39,CAVENDISH (HAKUBA),,Cavendish,False,0823,https://onepiecewt100-2026.com/assets/faces-106x106/0823.png,polls/wt100_2026/0039_CAVENDISH_HAKUBA.png
40,MONKEY D. GARP,,Monkey_D._Garp,False,0439,https://onepiecewt100-2026.com/assets/faces-106x106/0439.png,polls/wt100_2026/0040_MONKEY_D_GARP.png
41,KUZAN (AOKIJI),,Kuzan,False,0352,https://onepiecewt100-2026.com/assets/faces-106x106/0352.png,polls/wt100_2026/0041_KUZAN_AOKIJI.png
42,IZO,,Izou,False,0614,https://onepiecewt100-2026.com/assets/faces-106x106/0614.png,polls/wt100_2026/0042_IZO.png
43,BENN.BECKMAN,,Benn_Beckman,False,0020,https://onepiecewt100-2026.com/assets/faces-106x106/0020.png,polls/wt100_2026/0043_BENN_BECKMAN.png
44,SILVERS.RAYLEIGH,,Silvers_Rayleigh,False,0525,https://onepiecewt100-2026.com/assets/faces-106x106/0525.png,polls/wt100_2026/0044_SILVERS_RAYLEIGH.png
45,GOING MERRY,,Merry,False,0011,https://onepiecewt100-2026.com/assets/faces-106x106/0011.png,polls/wt100_2026/0045_GOING_MERRY.png
46,JEWELRY.BONNEY,,Jewelry_Bonney,False,0505,https://onepiecewt100-2026.com/assets/faces-106x106/0505.png,polls/wt100_2026/0046_JEWELRY_BONNEY.png
47,ALBER (KING),,King,False,1171,https://onepiecewt100-2026.com/assets/faces-106x106/1171.png,polls/wt100_2026/0047_ALBER_KING.png
48,BORSALINO (KIZARU),,Borsalino,False,0532,https://onepiecewt100-2026.com/assets/faces-106x106/0532.png,polls/wt100_2026/0048_BORSALINO_KIZARU.png
49,ENEL,,Enel,False,0297,https://onepiecewt100-2026.com/assets/faces-106x106/0297.png,polls/wt100_2026/0049_ENEL.png
50,VEGAPUNK PUNK-02 LILITH,,Lilith,False,1430,https://onepiecewt100-2026.com/assets/faces-106x106/1430.png,polls/wt100_2026/0050_VEGAPUNK_PUNK_02_LILITH.png
51,CHARLOTTE PEROSPERAW,,Charlotte_Perospero,False,0957,https://onepiecewt100-2026.com/assets/faces-106x106/0957.png,polls/wt100_2026/0051_CHARLOTTE_PEROSPERAW.png
52,KILLER (KAMAZO),,Killer,False,0511,https://onepiecewt100-2026.com/assets/faces-106x106/0511.png,polls/wt100_2026/0052_KILLER_KAMAZO.png
53,IMU,,Nerona_Imu,False,1468,https://onepiecewt100-2026.com/assets/faces-106x106/1468.png,polls/wt100_2026/0053_IMU.png
54,SAKAZUKI (AKAINU),,Sakazuki,False,0589,https://onepiecewt100-2026.com/assets/faces-106x106/0589.png,polls/wt100_2026/0054_SAKAZUKI_AKAINU.png
55,KURO (KLAHADORE ),,Kuro,False,0062,https://onepiecewt100-2026.com/assets/faces-106x106/0062.png,polls/wt100_2026/0055_KURO_KLAHADORE.png
56,BARTOLOMEO,,Bartolomeo,False,0830,https://onepiecewt100-2026.com/assets/faces-106x106/0830.png,polls/wt100_2026/0056_BARTOLOMEO.png
57,NAMULE,,Namur,False,0605,https://onepiecewt100-2026.com/assets/faces-106x106/0605.png,polls/wt100_2026/0057_NAMULE.png
58,GOL D. ROGER (GOLD ROGER),,Gol_D._Roger,False,0014,https://onepiecewt100-2026.com/assets/faces-106x106/0014.png,polls/wt100_2026/0058_GOL_D_ROGER_GOLD_ROGER.png
59,JOYBOY,,Joy_Boy,False,1498,https://onepiecewt100-2026.com/assets/faces-106x106/1498.png,polls/wt100_2026/0059_JOYBOY.png
60,MARSHALL D. TEACH (BLACKBEARD),,Marshall_D._Teach,False,0270,https://onepiecewt100-2026.com/assets/faces-106x106/0270.png,polls/wt100_2026/0060_MARSHALL_D_TEACH_BLACKBEARD.png
61,SAINT MANMAYER GUNKO,,Manmayer_Gunko,False,1517,https://onepiecewt100-2026.com/assets/faces-106x106/1517.png,polls/wt100_2026/0061_SAINT_MANMAYER_GUNKO.png
62,BEPO,,Bepo,False,0514,https://onepiecewt100-2026.com/assets/faces-106x106/0514.png,polls/wt100_2026/0062_BEPO.png
63,CHARLOTTE LINLIN (BIG MOM),,Charlotte_Linlin,False,0947,https://onepiecewt100-2026.com/assets/faces-106x106/0947.png,polls/wt100_2026/0063_CHARLOTTE_LINLIN_BIG_MOM.png
64,CHARLOTTE PUDDING,,Charlotte_Pudding,False,0938,https://onepiecewt100-2026.com/assets/faces-106x106/0938.png,polls/wt100_2026/0064_CHARLOTTE_PUDDING.png
65,SPANDAM,,Spandam,False,0387,https://onepiecewt100-2026.com/assets/faces-106x106/0387.png,polls/wt100_2026/0065_SPANDAM.png
66,KAIDO,,Kaidou,False,0904,https://onepiecewt100-2026.com/assets/faces-106x106/0904.png,polls/wt100_2026/0066_KAIDO.png
67,GECKO MORIA,,Gecko_Moria,False,0477,https://onepiecewt100-2026.com/assets/faces-106x106/0477.png,polls/wt100_2026/0067_GECKO_MORIA.png
68,MARIANNE (Miss.GOLDEN WEEK),,Marianne,False,0146,https://onepiecewt100-2026.com/assets/faces-106x106/0146.png,polls/wt100_2026/0068_MARIANNE_Miss_GOLDEN_WEEK.png
69,MONKEY D. DRAGON,,Monkey_D._Dragon,False,0124,https://onepiecewt100-2026.com/assets/faces-106x106/0124.png,polls/wt100_2026/0069_MONKEY_D_DRAGON.png
70,SHIRAHOSHI,,Shirahoshi,False,0731,https://onepiecewt100-2026.com/assets/faces-106x106/0731.png,polls/wt100_2026/0070_SHIRAHOSHI.png
71,SAINT FIGARLAND SHAMROCK,,Figarland_Shamrock,False,1518,https://onepiecewt100-2026.com/assets/faces-106x106/1518.png,polls/wt100_2026/0071_SAINT_FIGARLAND_SHAMROCK.png
72,BASIL.HAWKINS,,Basil_Hawkins,False,0506,https://onepiecewt100-2026.com/assets/faces-106x106/0506.png,polls/wt100_2026/0072_BASIL_HAWKINS.png
73,TASHIGI,,Tashigi,False,0123,https://onepiecewt100-2026.com/assets/faces-106x106/0123.png,polls/wt100_2026/0073_TASHIGI.png
74,PAULIE,,Paulie,False,0371,https://onepiecewt100-2026.com/assets/faces-106x106/0371.png,polls/wt100_2026/0074_PAULIE.png
75,ULTI,,Ulti,False,1330,https://onepiecewt100-2026.com/assets/faces-106x106/1330.png,polls/wt100_2026/0075_ULTI.png
76,HELMEPPO,,Helmeppo,False,0034,https://onepiecewt100-2026.com/assets/faces-106x106/0034.png,polls/wt100_2026/0076_HELMEPPO.png
77,X.DRAKE,,X_Drake,False,0509,https://onepiecewt100-2026.com/assets/faces-106x106/0509.png,polls/wt100_2026/0077_X_DRAKE.png
78,KOALA,,Koala,False,0742,https://onepiecewt100-2026.com/assets/faces-106x106/0742.png,polls/wt100_2026/0078_KOALA.png
79,PENGUIN,,Penguin,False,0513,https://onepiecewt100-2026.com/assets/faces-106x106/0513.png,polls/wt100_2026/0079_PENGUIN.png
80,MONET,,Monet,False,0787,https://onepiecewt100-2026.com/assets/faces-106x106/0787.png,polls/wt100_2026/0080_MONET.png
81,KUNG-FU DUGONG,,,False,0183,https://onepiecewt100-2026.com/assets/faces-106x106/0183.png,polls/wt100_2026/0081_KUNG_FU_DUGONG.png
82,VINSMOKE REIJU,,Vinsmoke_Reiju,False,0943,https://onepiecewt100-2026.com/assets/faces-106x106/0943.png,polls/wt100_2026/0082_VINSMOKE_REIJU.png
83,KIKUNOJO (OKIKU),,Kikunojo,False,1133,https://onepiecewt100-2026.com/assets/faces-106x106/1133.png,polls/wt100_2026/0083_KIKUNOJO_OKIKU.png
84,KAWAMATSU,,Kawamatsu,False,1248,https://onepiecewt100-2026.com/assets/faces-106x106/1248.png,polls/wt100_2026/0084_KAWAMATSU.png
85,KOZUKI ODEN,,Kouzuki_Oden,False,1291,https://onepiecewt100-2026.com/assets/faces-106x106/1291.png,polls/wt100_2026/0085_KOZUKI_ODEN.png
86,PELL,,Pell,False,0197,https://onepiecewt100-2026.com/assets/faces-106x106/0197.png,polls/wt100_2026/0086_PELL.png
87,HINA,,Hina,False,0222,https://onepiecewt100-2026.com/assets/faces-106x106/0222.png,polls/wt100_2026/0087_HINA.png
88,CAESAR.CLOWN,,Caesar_Clown,False,0788,https://onepiecewt100-2026.com/assets/faces-106x106/0788.png,polls/wt100_2026/0088_CAESAR_CLOWN.png
89,ICEBURG,,Iceburg,False,0368,https://onepiecewt100-2026.com/assets/faces-106x106/0368.png,polls/wt100_2026/0089_ICEBURG.png
90,THOUSAND SUNNY,,,False,0012,https://onepiecewt100-2026.com/assets/faces-106x106/0012.png,polls/wt100_2026/0090_THOUSAND_SUNNY.png
91,KAROO,,Karoo,False,0137,https://onepiecewt100-2026.com/assets/faces-106x106/0137.png,polls/wt100_2026/0091_KAROO.png
92,SHUSHU,,,False,0051,https://onepiecewt100-2026.com/assets/faces-106x106/0051.png,polls/wt100_2026/0092_SHUSHU.png
93,HONGO,,Hongo,False,1419,https://onepiecewt100-2026.com/assets/faces-106x106/1419.png,polls/wt100_2026/0093_HONGO.png
94,REBECCA,,Rebecca,False,0824,https://onepiecewt100-2026.com/assets/faces-106x106/0824.png,polls/wt100_2026/0094_REBECCA.png
95,ISSHO (FUJITORA),,Issho,False,0806,https://onepiecewt100-2026.com/assets/faces-106x106/0806.png,polls/wt100_2026/0095_ISSHO_FUJITORA.png
96,SHACHI,,Shachi,False,0515,https://onepiecewt100-2026.com/assets/faces-106x106/0515.png,polls/wt100_2026/0096_SHACHI.png
97,MARGUERITE,,Marguerite,False,0537,https://onepiecewt100-2026.com/assets/faces-106x106/0537.png,polls/wt100_2026/0097_MARGUERITE.png
98,GAIMON,,Gaimon,False,0057,https://onepiecewt100-2026.com/assets/faces-106x106/0057.png,polls/wt100_2026/0098_GAIMON.png
99,STUSSY,,Stussy,False,0969,https://onepiecewt100-2026.com/assets/faces-106x106/0969.png,polls/wt100_2026/0099_STUSSY.png
100,EMPORIO.IVANKOV,,Emporio_Ivankov,False,0583,https://onepiecewt100-2026.com/assets/faces-106x106/0583.png,polls/wt100_2026/0100_EMPORIO_IVANKOV.png
101,LABOON,,Laboon,False,0125,https://onepiecewt100-2026.com/assets/faces-84x84/0125.png,polls/wt100_2026/0101_LABOON.png
102,SCOPPER GABAN,,Scopper_Gaban,False,1307,https://onepiecewt100-2026.com/assets/faces-84x84/1307.png,polls/wt100_2026/0102_SCOPPER_GABAN.png
103,Dr. HIRILUK,,Hiriluk,False,0166,https://onepiecewt100-2026.com/assets/faces-84x84/0166.png,polls/wt100_2026/0103_Dr_HIRILUK.png
104,SENOR.PINK,,Senor_Pink,False,0874,https://onepiecewt100-2026.com/assets/faces-84x84/0874.png,polls/wt100_2026/0104_SENOR_PINK.png
105,PEDRO,,Pedro,False,0932,https://onepiecewt100-2026.com/assets/faces-84x84/0932.png,polls/wt100_2026/0105_PEDRO.png
106,OTAMA (KUROZUMI TAMA),,Tama,False,1123,https://onepiecewt100-2026.com/assets/faces-84x84/1123.png,polls/wt100_2026/0106_OTAMA_KUROZUMI_TAMA.png
107,KOZUKI HIYORI (KOMURASAKI),,Kouzuki_Hiyori,False,1199,https://onepiecewt100-2026.com/assets/faces-84x84/1199.png,polls/wt100_2026/0107_KOZUKI_HIYORI_KOMURASAKI.png
108,WYPER,,Wyper,False,0289,https://onepiecewt100-2026.com/assets/faces-84x84/0289.png,polls/wt100_2026/0108_WYPER.png
109,SAINT RIMOSHIFU KILLINGHAM,,Rimoshifu_Killingham,False,1522,https://onepiecewt100-2026.com/assets/faces-84x84/1522.png,polls/wt100_2026/0109_SAINT_RIMOSHIFU_KILLINGHAM.png
110,VINSMOKE ICHIJI,,Vinsmoke_Ichiji,False,0960,https://onepiecewt100-2026.com/assets/faces-84x84/0960.png,polls/wt100_2026/0110_VINSMOKE_ICHIJI.png
111,BELO BETTY,,Belo_Betty,False,1080,https://onepiecewt100-2026.com/assets/faces-84x84/1080.png,polls/wt100_2026/0111_BELO_BETTY.png
112,PANDAMAN,,Pandaman,False,0080,https://onepiecewt100-2026.com/assets/faces-84x84/0080.png,polls/wt100_2026/0112_PANDAMAN.png
113,GALDINO (Mr. 3),,Galdino,False,0145,https://onepiecewt100-2026.com/assets/faces-84x84/0145.png,polls/wt100_2026/0113_GALDINO_Mr_3.png
114,S-SNAKE,,S-Snake,False,1423,https://onepiecewt100-2026.com/assets/faces-84x84/1423.png,polls/wt100_2026/0114_S_SNAKE.png
115,VINSMOKE NIJI,,Vinsmoke_Niji,False,0961,https://onepiecewt100-2026.com/assets/faces-84x84/0961.png,polls/wt100_2026/0115_VINSMOKE_NIJI.png
116,VEGAPUNK PUNK-05 ATLAS,,Atlas,False,1432,https://onepiecewt100-2026.com/assets/faces-84x84/1432.png,polls/wt100_2026/0116_VEGAPUNK_PUNK_05_ATLAS.png
117,BABY FIVE,,,False,0802,https://onepiecewt100-2026.com/assets/faces-84x84/0802.png,polls/wt100_2026/0117_BABY_FIVE.png
118,BLACK MARIA,,Black_Maria,False,1332,https://onepiecewt100-2026.com/assets/faces-84x84/1332.png,polls/wt100_2026/0118_BLACK_MARIA.png
119,KALIFA,,Kalifa,False,0370,https://onepiecewt100-2026.com/assets/faces-84x84/0370.png,polls/wt100_2026/0119_KALIFA.png
120,UROUGE,,Urouge,False,0510,https://onepiecewt100-2026.com/assets/faces-84x84/0510.png,polls/wt100_2026/0120_UROUGE.png
121,KYROS (ONE-LEGGED SOLDIER),,Kyros,False,0810,https://onepiecewt100-2026.com/assets/faces-84x84/0810.png,polls/wt100_2026/0121_KYROS_ONE_LEGGED_SOLDIER.png
122,ARLONG,,Arlong,False,0093,https://onepiecewt100-2026.com/assets/faces-84x84/0093.png,polls/wt100_2026/0122_ARLONG.png
123,DEMALO BLACK (FAKE LUFFY),,Demalo_Black,False,0675,https://onepiecewt100-2026.com/assets/faces-84x84/0675.png,polls/wt100_2026/0123_DEMALO_BLACK_FAKE_LUFFY.png
124,Dr. VEGAPUNK,,Vegapunk,False,1445,https://onepiecewt100-2026.com/assets/faces-84x84/1445.png,polls/wt100_2026/0124_Dr_VEGAPUNK.png
125,ARAMAKI (RYOKUGYU),,Aramaki,False,1416,https://onepiecewt100-2026.com/assets/faces-84x84/1416.png,polls/wt100_2026/0125_ARAMAKI_RYOKUGYU.png
126,GERD,,Gerd,False,1027,https://onepiecewt100-2026.com/assets/faces-84x84/1027.png,polls/wt100_2026/0126_GERD.png
127,PAGE ONE,,Page_One,False,1208,https://onepiecewt100-2026.com/assets/faces-84x84/1208.png,polls/wt100_2026/0127_PAGE_ONE.png
128,FISH-WOMAN NAMI,,Nami,True,0091,https://onepiecewt100-2026.com/assets/faces-84x84/0091.png,polls/wt100_2026/0128_FISH_WOMAN_NAMI.png
129,BELLEMERE,,,False,0106,https://onepiecewt100-2026.com/assets/faces-84x84/0106.png,polls/wt100_2026/0129_BELLEMERE.png
130,SHIKI (GOLDEN LION),,Shiki,False,1483,https://onepiecewt100-2026.com/assets/faces-84x84/1483.png,polls/wt100_2026/0130_SHIKI_GOLDEN_LION.png
131,MORGANS,,Morgans,False,1006,https://onepiecewt100-2026.com/assets/faces-84x84/1006.png,polls/wt100_2026/0131_MORGANS.png
132,KOUZUKI MOMONOSUKE,,Kouzuki_Momonosuke,False,0800,https://onepiecewt100-2026.com/assets/faces-84x84/0800.png,polls/wt100_2026/0132_KOUZUKI_MOMONOSUKE.png
133,BACCHY,,,False,0077,https://onepiecewt100-2026.com/assets/faces-84x84/0077.png,polls/wt100_2026/0133_BACCHY.png
134,MONT BLANC NOLAND,,Mont_Blanc_Noland,False,0313,https://onepiecewt100-2026.com/assets/faces-84x84/0313.png,polls/wt100_2026/0134_MONT_BLANC_NOLAND.png
135,GIN,,Gin,False,0081,https://onepiecewt100-2026.com/assets/faces-84x84/0081.png,polls/wt100_2026/0135_GIN.png
136,NEKOMAMUSHI,,Nekomamushi,False,0927,https://onepiecewt100-2026.com/assets/faces-84x84/0927.png,polls/wt100_2026/0136_NEKOMAMUSHI.png
136,LEO,,Leo,False,0848,https://onepiecewt100-2026.com/assets/faces-84x84/0848.png,polls/wt100_2026/0136_LEO.png
138,SHAKUYAKU (SHAKKY),,Shakuyaku,False,0503,https://onepiecewt100-2026.com/assets/faces-84x84/0503.png,polls/wt100_2026/0138_SHAKUYAKU_SHAKKY.png
139,VINSMOKE YONJI,,Vinsmoke_Yonji,False,0942,https://onepiecewt100-2026.com/assets/faces-84x84/0942.png,polls/wt100_2026/0139_VINSMOKE_YONJI.png
140,MAKINO,,Makino,False,0022,https://onepiecewt100-2026.com/assets/faces-84x84/0022.png,polls/wt100_2026/0140_MAKINO.png
141,KIN'EMON,,Kin'emon,False,0796,https://onepiecewt100-2026.com/assets/faces-84x84/0796.png,polls/wt100_2026/0141_KIN_EMON.png
142,FOXY,,Foxy,False,0337,https://onepiecewt100-2026.com/assets/faces-84x84/0337.png,polls/wt100_2026/0142_FOXY.png
143,BELLAMY,,Bellamy,False,0234,https://onepiecewt100-2026.com/assets/faces-84x84/0234.png,polls/wt100_2026/0143_BELLAMY.png
144,SAINT FIGARLAND GARLING,,Figarland_Garling,False,1472,https://onepiecewt100-2026.com/assets/faces-84x84/1472.png,polls/wt100_2026/0144_SAINT_FIGARLAND_GARLING.png
145,CURLY.DADAN,,Curly_Dadan,False,0651,https://onepiecewt100-2026.com/assets/faces-84x84/0651.png,polls/wt100_2026/0145_CURLY_DADAN.png
146,CHAKA,,Chaka,False,0198,https://onepiecewt100-2026.com/assets/faces-84x84/0198.png,polls/wt100_2026/0146_CHAKA.png
147,BOA.SANDERSONIA,,Boa_Sandersonia,False,0552,https://onepiecewt100-2026.com/assets/faces-84x84/0552.png,polls/wt100_2026/0147_BOA_SANDERSONIA.png
148,ZEFF,,Zeff,False,0076,https://onepiecewt100-2026.com/assets/faces-84x84/0076.png,polls/wt100_2026/0148_ZEFF.png
149,JAGUAR D. SAUL,,Jaguar_D._Saul,False,0421,https://onepiecewt100-2026.com/assets/faces-84x84/0421.png,polls/wt100_2026/0149_JAGUAR_D_SAUL.png
150,Dr. KUREHA,,Kureha,False,0160,https://onepiecewt100-2026.com/assets/faces-84x84/0160.png,polls/wt100_2026/0150_Dr_KUREHA.png
151,VIOLA (VIOLET),,Viola,False,0809,https://onepiecewt100-2026.com/assets/faces-84x84/0809.png,polls/wt100_2026/0151_VIOLA_VIOLET.png
152,DUVAL,,Duval,False,0490,https://onepiecewt100-2026.com/assets/faces-84x84/0490.png,polls/wt100_2026/0152_DUVAL.png
153,CHIMNEY,,Chimney,False,0354,https://onepiecewt100-2026.com/assets/faces-84x84/0354.png,polls/wt100_2026/0153_CHIMNEY.png
154,HATTORI,,Hattori,False,0373,https://onepiecewt100-2026.com/assets/faces-84x84/0373.png,polls/wt100_2026/0154_HATTORI.png
155,VEGAPUNK PUNK-01 SHAKA,,Shaka,False,1431,https://onepiecewt100-2026.com/assets/faces-84x84/1431.png,polls/wt100_2026/0155_VEGAPUNK_PUNK_01_SHAKA.png
156,TYRANNOSAURUS,,Tyrannosaurus,False,0369,https://onepiecewt100-2026.com/assets/faces-84x84/0369.png,polls/wt100_2026/0156_TYRANNOSAURUS.png
157,KRIEG,,Krieg,False,0084,https://onepiecewt100-2026.com/assets/faces-84x84/0084.png,polls/wt100_2026/0157_KRIEG.png
158,MAGELLAN,,Magellan,False,0569,https://onepiecewt100-2026.com/assets/faces-84x84/0569.png,polls/wt100_2026/0158_MAGELLAN.png
159,HIKING BEAR,,,False,0153,https://onepiecewt100-2026.com/assets/faces-84x84/0153.png,polls/wt100_2026/0159_HIKING_BEAR.png
160,HIBARI,,Hibari,False,1428,https://onepiecewt100-2026.com/assets/faces-84x84/1428.png,polls/wt100_2026/0160_HIBARI.png
161,DENJIRO (KYOSHIRO),,Denjiro,False,1156,https://onepiecewt100-2026.com/assets/faces-84x84/1156.png,polls/wt100_2026/0161_DENJIRO_KYOSHIRO.png
162,MIKITA (Miss.VALENTINE),,Mikita,False,0139,https://onepiecewt100-2026.com/assets/faces-84x84/0139.png,polls/wt100_2026/0162_MIKITA_Miss_VALENTINE.png
163,LIMEJUICE,,Limejuice,False,1418,https://onepiecewt100-2026.com/assets/faces-84x84/1418.png,polls/wt100_2026/0163_LIMEJUICE.png
164,DOLL,,Doll,False,1427,https://onepiecewt100-2026.com/assets/faces-84x84/1427.png,polls/wt100_2026/0164_DOLL.png
165,HARALD,,Harald,False,1519,https://onepiecewt100-2026.com/assets/faces-84x84/1519.png,polls/wt100_2026/0165_HARALD.png
166,THATCH,,Thatch,False,0451,https://onepiecewt100-2026.com/assets/faces-84x84/0451.png,polls/wt100_2026/0166_THATCH.png
167,SAINT ETHANBARON V. NUSJURO,,Ethanbaron_V._Nusjuro,False,0255,https://onepiecewt100-2026.com/assets/faces-84x84/0255.png,polls/wt100_2026/0167_SAINT_ETHANBARON_V_NUSJURO.png
168,KALGARA,,Kalgara,False,0312,https://onepiecewt100-2026.com/assets/faces-84x84/0312.png,polls/wt100_2026/0168_KALGARA.png
169,YAMATO'S SIDEBOOB (Anthropomorphized Form),,,False,1379,https://onepiecewt100-2026.com/assets/faces-84x84/1379.png,polls/wt100_2026/0169_YAMATO_S_SIDEBOOB_Anthropomorphized_Form.png
170,LAFITTE,,Laffitte,False,0264,https://onepiecewt100-2026.com/assets/faces-84x84/0264.png,polls/wt100_2026/0170_LAFITTE.png
171,SAINT SHEPHERD SOMMERS,,Shepherd_Sommers,False,1521,https://onepiecewt100-2026.com/assets/faces-84x84/1521.png,polls/wt100_2026/0171_SAINT_SHEPHERD_SOMMERS.png
172,SUGAR,,Sugar,False,0873,https://onepiecewt100-2026.com/assets/faces-84x84/0873.png,polls/wt100_2026/0172_SUGAR.png
173,S-HAWK,,S-Hawk,False,1424,https://onepiecewt100-2026.com/assets/faces-84x84/1424.png,polls/wt100_2026/0173_S_HAWK.png
174,JABRA,,Jabra,False,0398,https://onepiecewt100-2026.com/assets/faces-84x84/0398.png,polls/wt100_2026/0174_JABRA.png
175,WHO'S-WHO,,Who's-Who,False,1331,https://onepiecewt100-2026.com/assets/faces-84x84/1331.png,polls/wt100_2026/0175_WHO_S_WHO.png
176,VEGAPUNK PUNK-06 YORK,,York,False,1443,https://onepiecewt100-2026.com/assets/faces-84x84/1443.png,polls/wt100_2026/0176_VEGAPUNK_PUNK_06_YORK.png
177,NOJIKO,,Nojiko,False,0096,https://onepiecewt100-2026.com/assets/faces-84x84/0096.png,polls/wt100_2026/0177_NOJIKO.png
178,SCIEN (QUEEN)　,,Queen,False,1172,https://onepiecewt100-2026.com/assets/faces-84x84/1172.png,polls/wt100_2026/0178_SCIEN_QUEEN.png
179,SENGOKU,,Sengoku,False,0261,https://onepiecewt100-2026.com/assets/faces-84x84/0261.png,polls/wt100_2026/0179_SENGOKU.png
180,ZEUS,,Zeus,False,0997,https://onepiecewt100-2026.com/assets/faces-84x84/0997.png,polls/wt100_2026/0180_ZEUS.png
181,RYUNOSUKE,,Ryunosuke,False,0909,https://onepiecewt100-2026.com/assets/faces-84x84/0909.png,polls/wt100_2026/0181_RYUNOSUKE.png
182,GUERNICA,,,False,0829,https://onepiecewt100-2026.com/assets/faces-84x84/0829.png,polls/wt100_2026/0182_GUERNICA.png
183,SCRATCHMEN.APOO,,Scratchmen_Apoo,False,0508,https://onepiecewt100-2026.com/assets/faces-84x84/0508.png,polls/wt100_2026/0183_SCRATCHMEN_APOO.png
184,SERAPHIM (CROCODILE),,Crocodile,True,1471,https://onepiecewt100-2026.com/assets/faces-84x84/1471.png,polls/wt100_2026/0184_SERAPHIM_CROCODILE.png
185,KUROZUMI KANJURO,,Kanjuro,False,0887,https://onepiecewt100-2026.com/assets/faces-84x84/0887.png,polls/wt100_2026/0185_KUROZUMI_KANJURO.png
186,DAZ BONEZ (Mr. 1),,Daz_Bonez,False,0180,https://onepiecewt100-2026.com/assets/faces-84x84/0180.png,polls/wt100_2026/0186_DAZ_BONEZ_Mr_1.png
186,FARAFRA,,Farafra,False,0195,https://onepiecewt100-2026.com/assets/faces-84x84/0195.png,polls/wt100_2026/0186_FARAFRA.png
188,EMET,,Iron_Giant,False,1446,https://onepiecewt100-2026.com/assets/faces-84x84/1446.png,polls/wt100_2026/0188_EMET.png
189,ANGE,,Ange,False,1507,https://onepiecewt100-2026.com/assets/faces-84x84/1507.png,polls/wt100_2026/0189_ANGE.png
190,VEGAPUNK PUNK-03 EDISON,,Edison,False,1441,https://onepiecewt100-2026.com/assets/faces-84x84/1441.png,polls/wt100_2026/0190_VEGAPUNK_PUNK_03_EDISON.png
191,CAPONE.BEGE,,Capone_Bege,False,0504,https://onepiecewt100-2026.com/assets/faces-84x84/0504.png,polls/wt100_2026/0191_CAPONE_BEGE.png
192,KAYA,,Kaya,False,0063,https://onepiecewt100-2026.com/assets/faces-84x84/0063.png,polls/wt100_2026/0192_KAYA.png
193,GINNY,,Ginny,False,1480,https://onepiecewt100-2026.com/assets/faces-84x84/1480.png,polls/wt100_2026/0193_GINNY.png
194,MOMONGA,,Momonga,False,0431,https://onepiecewt100-2026.com/assets/faces-84x84/0431.png,polls/wt100_2026/0194_MOMONGA.png
195,HAJRUDIN,,Hajrudin,False,0834,https://onepiecewt100-2026.com/assets/faces-84x84/0834.png,polls/wt100_2026/0195_HAJRUDIN.png
196,SENTOMARU,,Sentomaru,False,0535,https://onepiecewt100-2026.com/assets/faces-84x84/0535.png,polls/wt100_2026/0196_SENTOMARU.png
197,SHIMOTSUKI RYUMA,,Shimotsuki_Ryuma,False,0469,https://onepiecewt100-2026.com/assets/faces-84x84/0469.png,polls/wt100_2026/0197_SHIMOTSUKI_RYUMA.png
198,WANDA,,Wanda,False,0913,https://onepiecewt100-2026.com/assets/faces-84x84/0913.png,polls/wt100_2026/0198_WANDA.png
199,KUINA,,Kuina,False,0040,https://onepiecewt100-2026.com/assets/faces-84x84/0040.png,polls/wt100_2026/0199_KUINA.png
200,PORTGAS D. ROUGE,,Portgas_D._Rouge,False,0619,https://onepiecewt100-2026.com/assets/faces-84x84/0619.png,polls/wt100_2026/0200_PORTGAS_D_ROUGE.png
201,SASAKI,,Sasaki,False,1333,https://onepiecewt100-2026.com/assets/faces-84x84/1333.png,polls/wt100_2026/0201_SASAKI.png
202,CHARLOTTE SMOOTHIE,,Charlotte_Smoothie,False,0987,https://onepiecewt100-2026.com/assets/faces-84x84/0987.png,polls/wt100_2026/0202_CHARLOTTE_SMOOTHIE.png
203,HANNYABAL,,Hannyabal,False,0565,https://onepiecewt100-2026.com/assets/faces-84x84/0565.png,polls/wt100_2026/0203_HANNYABAL.png
204,FISHER TIGER,,Fisher_Tiger,False,0737,https://onepiecewt100-2026.com/assets/faces-84x84/0737.png,polls/wt100_2026/0204_FISHER_TIGER.png
205,SHILIEW,,,False,0585,https://onepiecewt100-2026.com/assets/faces-84x84/0585.png,polls/wt100_2026/0205_SHILIEW.png
206,T BONE,,T_Bone,False,0393,https://onepiecewt100-2026.com/assets/faces-84x84/0393.png,polls/wt100_2026/0206_T_BONE.png
207,KARASU,,Karasu,False,1082,https://onepiecewt100-2026.com/assets/faces-84x84/1082.png,polls/wt100_2026/0207_KARASU.png
208,KUJAKU,,Kujaku,False,1462,https://onepiecewt100-2026.com/assets/faces-84x84/1462.png,polls/wt100_2026/0208_KUJAKU.png
209,KOZA,,Koza,False,0188,https://onepiecewt100-2026.com/assets/faces-84x84/0188.png,polls/wt100_2026/0209_KOZA.png
210,CHARLOTTE COMPOTE,,Charlotte_Compote,False,1012,https://onepiecewt100-2026.com/assets/faces-84x84/1012.png,polls/wt100_2026/0210_CHARLOTTE_COMPOTE.png
211,CAPTAIN JOHN,,John,False,0470,https://onepiecewt100-2026.com/assets/faces-84x84/0470.png,polls/wt100_2026/0211_CAPTAIN_JOHN.png
212,HIGUMA,,Higuma,False,0023,https://onepiecewt100-2026.com/assets/faces-84x84/0023.png,polls/wt100_2026/0212_HIGUMA.png
213,KUMACY,,,False,0462,https://onepiecewt100-2026.com/assets/faces-84x84/0462.png,polls/wt100_2026/0213_KUMACY.png
214,ROCKSTAR,,Rockstar,False,0265,https://onepiecewt100-2026.com/assets/faces-84x84/0265.png,polls/wt100_2026/0214_ROCKSTAR.png
215,MOMOO,,Momoo,False,0100,https://onepiecewt100-2026.com/assets/faces-84x84/0100.png,polls/wt100_2026/0215_MOMOO.png
216,CONIS,,Conis,False,0278,https://onepiecewt100-2026.com/assets/faces-84x84/0278.png,polls/wt100_2026/0216_CONIS.png
217,IDA,,Ida,False,1540,https://onepiecewt100-2026.com/assets/faces-84x84/1540.png,polls/wt100_2026/0217_IDA.png
218,JANGO,,Jango,False,0066,https://onepiecewt100-2026.com/assets/faces-84x84/0066.png,polls/wt100_2026/0218_JANGO.png
219,NICO OLVIA,,Nico_Olvia,False,0425,https://onepiecewt100-2026.com/assets/faces-84x84/0425.png,polls/wt100_2026/0219_NICO_OLVIA.png
219,YASOPP,,Yasopp,False,0019,https://onepiecewt100-2026.com/assets/faces-84x84/0019.png,polls/wt100_2026/0219_YASOPP.png
221,LAPINS,,,False,0158,https://onepiecewt100-2026.com/assets/faces-84x84/0158.png,polls/wt100_2026/0221_LAPINS.png
222,GILL BASTAR,,Gill_Bastar,False,1482,https://onepiecewt100-2026.com/assets/faces-84x84/1482.png,polls/wt100_2026/0222_GILL_BASTAR.png
223,ALVIDA,,Alvida,False,0029,https://onepiecewt100-2026.com/assets/faces-84x84/0029.png,polls/wt100_2026/0223_ALVIDA.png
224,SAINT JAYGARCIA SATURN,,Jaygarcia_Saturn,False,0252,https://onepiecewt100-2026.com/assets/faces-84x84/0252.png,polls/wt100_2026/0224_SAINT_JAYGARCIA_SATURN.png
225,WOOP SLAP,,Woop_Slap,False,0026,https://onepiecewt100-2026.com/assets/faces-84x84/0026.png,polls/wt100_2026/0225_WOOP_SLAP.png
226,TOM,,Tom,False,0384,https://onepiecewt100-2026.com/assets/faces-84x84/0384.png,polls/wt100_2026/0226_TOM.png
227,VAN.AUGER,,,False,0269,https://onepiecewt100-2026.com/assets/faces-84x84/0269.png,polls/wt100_2026/0227_VAN_AUGER.png
228,SAINT SHEPHERD JU PETER,,Shepherd_Ju_Peter,False,0256,https://onepiecewt100-2026.com/assets/faces-84x84/0256.png,polls/wt100_2026/0228_SAINT_SHEPHERD_JU_PETER.png
229,LITTLE SADI,,Sadi,False,0576,https://onepiecewt100-2026.com/assets/faces-84x84/0576.png,polls/wt100_2026/0229_LITTLE_SADI.png
230,INUARASHI,,Inuarashi,False,0924,https://onepiecewt100-2026.com/assets/faces-84x84/0924.png,polls/wt100_2026/0230_INUARASHI.png
231,RAKI,,Raki,False,0292,https://onepiecewt100-2026.com/assets/faces-84x84/0292.png,polls/wt100_2026/0231_RAKI.png
232,TRANSPONDER SNAIL,,,False,0110,https://onepiecewt100-2026.com/assets/faces-84x84/0110.png,polls/wt100_2026/0232_TRANSPONDER_SNAIL.png
233,SHARLEY,,,False,0718,https://onepiecewt100-2026.com/assets/faces-84x84/0718.png,polls/wt100_2026/0233_SHARLEY.png
234,RIPLEY,,Ripley,False,1512,https://onepiecewt100-2026.com/assets/faces-84x84/1512.png,polls/wt100_2026/0234_RIPLEY.png
235,BANZABURO,,Banzaburo,False,1288,https://onepiecewt100-2026.com/assets/faces-84x84/1288.png,polls/wt100_2026/0235_BANZABURO.png
236,ZALA (Miss.DOUBLEFINGER),,Zala,False,0179,https://onepiecewt100-2026.com/assets/faces-84x84/0179.png,polls/wt100_2026/0236_ZALA_Miss_DOUBLEFINGER.png
237,VINSMOKE SORA,,Vinsmoke_Sora,False,0964,https://onepiecewt100-2026.com/assets/faces-84x84/0964.png,polls/wt100_2026/0237_VINSMOKE_SORA.png
238,CAMIE,,Camie,False,0488,https://onepiecewt100-2026.com/assets/faces-84x84/0488.png,polls/wt100_2026/0238_CAMIE.png
239,JOBO,,Jobo,False,0250,https://onepiecewt100-2026.com/assets/faces-84x84/0250.png,polls/wt100_2026/0239_JOBO.png
240,SAINT CHARLOS,,Charlos,False,0517,https://onepiecewt100-2026.com/assets/faces-84x84/0517.png,polls/wt100_2026/0240_SAINT_CHARLOS.png
241,MONT BLANC CRICKET,,Mont_Blanc_Cricket,False,0248,https://onepiecewt100-2026.com/assets/faces-84x84/0248.png,polls/wt100_2026/0241_MONT_BLANC_CRICKET.png
242,LUCKY ROUX,,Lucky_Roux,False,0018,https://onepiecewt100-2026.com/assets/faces-84x84/0018.png,polls/wt100_2026/0242_LUCKY_ROUX.png
243,MANSHELLY,,,False,0898,https://onepiecewt100-2026.com/assets/faces-84x84/0898.png,polls/wt100_2026/0243_MANSHELLY.png
244,YU,,Yu,False,0122,https://onepiecewt100-2026.com/assets/faces-84x84/0122.png,polls/wt100_2026/0244_YU.png
245,PAPPAG,,Pappag,False,0489,https://onepiecewt100-2026.com/assets/faces-84x84/0489.png,polls/wt100_2026/0245_PAPPAG.png
246,GONBE,,Gonbe,False,0355,https://onepiecewt100-2026.com/assets/faces-84x84/0355.png,polls/wt100_2026/0246_GONBE.png
247,KLABAUTERMANN,,,False,0293,https://onepiecewt100-2026.com/assets/faces-84x84/0293.png,polls/wt100_2026/0247_KLABAUTERMANN.png
248,VERGO,,Vergo,False,0795,https://onepiecewt100-2026.com/assets/faces-84x84/0795.png,polls/wt100_2026/0248_VERGO.png
249,PEARL,,Pearl,False,0086,https://onepiecewt100-2026.com/assets/faces-84x84/0086.png,polls/wt100_2026/0249_PEARL.png
250,CHARLOTTE BRULEE,,Charlotte_Brûlée,False,0953,https://onepiecewt100-2026.com/assets/faces-84x84/0953.png,polls/wt100_2026/0250_CHARLOTTE_BRULEE.png
251,DALTON,,Dalton,False,0155,https://onepiecewt100-2026.com/assets/faces-84x84/0155.png,polls/wt100_2026/0251_DALTON.png
252,YORKI,,Yorki,False,0484,https://onepiecewt100-2026.com/assets/faces-84x84/0484.png,polls/wt100_2026/0252_YORKI.png
253,VISTA,,Vista,False,0606,https://onepiecewt100-2026.com/assets/faces-84x84/0606.png,polls/wt100_2026/0253_VISTA.png
254,MAGNOLIA,,Magnolia,False,1550,https://onepiecewt100-2026.com/assets/faces-84x84/1550.png,polls/wt100_2026/0254_MAGNOLIA.png
255,OTOHIME,,Otohime,False,0739,https://onepiecewt100-2026.com/assets/faces-84x84/0739.png,polls/wt100_2026/0255_OTOHIME.png
256,TOKO,,Toko,False,1192,https://onepiecewt100-2026.com/assets/faces-84x84/1192.png,polls/wt100_2026/0256_TOKO.png
257,NEFELTARI COBRA,,Nefertari_Cobra,False,0168,https://onepiecewt100-2026.com/assets/faces-84x84/0168.png,polls/wt100_2026/0257_NEFELTARI_COBRA.png
258,BROGY,,Brogy,False,0142,https://onepiecewt100-2026.com/assets/faces-84x84/0142.png,polls/wt100_2026/0258_BROGY.png
259,PRINCE GRUS,,Prince_Grus,False,1429,https://onepiecewt100-2026.com/assets/faces-84x84/1429.png,polls/wt100_2026/0259_PRINCE_GRUS.png
260,HYOGORO,,Hyougoro,False,1194,https://onepiecewt100-2026.com/assets/faces-84x84/1194.png,polls/wt100_2026/0260_HYOGORO.png
261,DORRY,,Dorry,False,0143,https://onepiecewt100-2026.com/assets/faces-84x84/0143.png,polls/wt100_2026/0261_DORRY.png
262,HODY JONES,,Hody_Jones,False,0720,https://onepiecewt100-2026.com/assets/faces-84x84/0720.png,polls/wt100_2026/0262_HODY_JONES.png
263,JACK,,Jack,False,0919,https://onepiecewt100-2026.com/assets/faces-84x84/0919.png,polls/wt100_2026/0263_JACK.png
264,TRAFALGAR LAMMY,,,False,0893,https://onepiecewt100-2026.com/assets/faces-84x84/0893.png,polls/wt100_2026/0264_TRAFALGAR_LAMMY.png
265,INAZUMA,,Inazuma,False,0582,https://onepiecewt100-2026.com/assets/faces-84x84/0582.png,polls/wt100_2026/0265_INAZUMA.png
266,KOKORO,,Kokoro,False,0356,https://onepiecewt100-2026.com/assets/faces-84x84/0356.png,polls/wt100_2026/0266_KOKORO.png
266,HATCHAN,,Hatchan,False,0094,https://onepiecewt100-2026.com/assets/faces-84x84/0094.png,polls/wt100_2026/0266_HATCHAN.png
268,SHIMOTSUKI YASUIE (TONOYASU),,Shimotsuki_Yasuie,False,1206,https://onepiecewt100-2026.com/assets/faces-84x84/1206.png,polls/wt100_2026/0268_SHIMOTSUKI_YASUIE_TONOYASU.png
269,TRITOMA,,Tritoma,False,1492,https://onepiecewt100-2026.com/assets/faces-84x84/1492.png,polls/wt100_2026/0269_TRITOMA.png
270,CHARLOTTE AMANDE,,Charlotte_Amande,False,0986,https://onepiecewt100-2026.com/assets/faces-84x84/0986.png,polls/wt100_2026/0270_CHARLOTTE_AMANDE.png
271,DAAACHSHUND,,,False,0331,https://onepiecewt100-2026.com/assets/faces-84x84/0331.png,polls/wt100_2026/0271_DAAACHSHUND.png
272,CHARLOTTE PRALINE,,Charlotte_Praline,False,0948,https://onepiecewt100-2026.com/assets/faces-84x84/0948.png,polls/wt100_2026/0272_CHARLOTTE_PRALINE.png
273,DELLINGER,,Dellinger,False,0872,https://onepiecewt100-2026.com/assets/faces-84x84/0872.png,polls/wt100_2026/0273_DELLINGER.png
274,RONJA,,Ronja,False,1509,https://onepiecewt100-2026.com/assets/faces-84x84/1509.png,polls/wt100_2026/0274_RONJA.png
275,HARUTA,,Haruta,False,0612,https://onepiecewt100-2026.com/assets/faces-84x84/0612.png,polls/wt100_2026/0275_HARUTA.png
276,CHESS,,Chess,False,0162,https://onepiecewt100-2026.com/assets/faces-84x84/0162.png,polls/wt100_2026/0276_CHESS.png
277,Mr. 9,,Mr._9,False,0127,https://onepiecewt100-2026.com/assets/faces-84x84/0127.png,polls/wt100_2026/0277_Mr_9.png
278,THE PIERCING SISTERS (Anthropomorphized Zoro's earrings)　,,,False,1414,https://onepiecewt100-2026.com/assets/faces-84x84/1414.png,polls/wt100_2026/0278_THE_PIERCING_SISTERS_Anthropomorphized_Zoro_s_earrings.png
279,GLADIUS,,Gladius,False,0871,https://onepiecewt100-2026.com/assets/faces-84x84/0871.png,polls/wt100_2026/0279_GLADIUS.png
280,PINKY THE BIRD,,,False,0043,https://onepiecewt100-2026.com/assets/faces-84x84/0043.png,polls/wt100_2026/0280_PINKY_THE_BIRD.png
281,TSURU,,Tsuru,False,0258,https://onepiecewt100-2026.com/assets/faces-84x84/0258.png,polls/wt100_2026/0281_TSURU.png
282,PORCHE,,Porche,False,0336,https://onepiecewt100-2026.com/assets/faces-84x84/0336.png,polls/wt100_2026/0282_PORCHE.png
283,IPPONMATSU,,Ipponmatsu,False,0117,https://onepiecewt100-2026.com/assets/faces-84x84/0117.png,polls/wt100_2026/0283_IPPONMATSU.png
284,SEIRA,,Seira,False,0740,https://onepiecewt100-2026.com/assets/faces-84x84/0740.png,polls/wt100_2026/0284_SEIRA.png
285,SPEED,,Speed,False,1150,https://onepiecewt100-2026.com/assets/faces-84x84/1150.png,polls/wt100_2026/0285_SPEED.png
286,SAINT MARCUS MARS,,Marcus_Mars,False,0253,https://onepiecewt100-2026.com/assets/faces-84x84/0253.png,polls/wt100_2026/0286_SAINT_MARCUS_MARS.png
287,RORONOA ARASHI,,Warashi,False,1436,https://onepiecewt100-2026.com/assets/faces-84x84/1436.png,polls/wt100_2026/0287_RORONOA_ARASHI.png
288,AHIRU,,Ahiru,False,1091,https://onepiecewt100-2026.com/assets/faces-84x84/1091.png,polls/wt100_2026/0288_AHIRU.png
289,SHIMOTSUKI USHIMARU,,Shimotsuki_Ushimaru,False,1264,https://onepiecewt100-2026.com/assets/faces-84x84/1264.png,polls/wt100_2026/0289_SHIMOTSUKI_USHIMARU.png
290,GAN.FALL,,Gan_Fall,False,0274,https://onepiecewt100-2026.com/assets/faces-84x84/0274.png,polls/wt100_2026/0290_GAN_FALL.png
291,DOMINO,,Domino,False,0567,https://onepiecewt100-2026.com/assets/faces-84x84/0567.png,polls/wt100_2026/0291_DOMINO.png
292,WICCA,,Wicca,False,0854,https://onepiecewt100-2026.com/assets/faces-84x84/0854.png,polls/wt100_2026/0292_WICCA.png
292,GLORIOSA (ELDER NYON),,Gloriosa,False,0542,https://onepiecewt100-2026.com/assets/faces-84x84/0542.png,polls/wt100_2026/0292_GLORIOSA_ELDER_NYON.png
294,HERACLES,,Heracles,False,0561,https://onepiecewt100-2026.com/assets/faces-84x84/0561.png,polls/wt100_2026/0294_HERACLES.png
295,MOCHA,,Mocha,False,0780,https://onepiecewt100-2026.com/assets/faces-84x84/0780.png,polls/wt100_2026/0295_MOCHA.png
296,PEKOMS,,Pekoms,False,0759,https://onepiecewt100-2026.com/assets/faces-84x84/0759.png,polls/wt100_2026/0296_PEKOMS.png
297,CABAJI,,Cabaji,False,0055,https://onepiecewt100-2026.com/assets/faces-84x84/0055.png,polls/wt100_2026/0297_CABAJI.png
298,VEGAPUNK PUNK-04 PYTHAGORAS,,Pythagoras,False,1442,https://onepiecewt100-2026.com/assets/faces-84x84/1442.png,polls/wt100_2026/0298_VEGAPUNK_PUNK_04_PYTHAGORAS.png
299,VICTORIA CINDRY,,Victoria_Cindry,False,0456,https://onepiecewt100-2026.com/assets/faces-84x84/0456.png,polls/wt100_2026/0299_VICTORIA_CINDRY.png
300,IDEAO,,,False,0832,https://onepiecewt100-2026.com/assets/faces-84x84/0832.png,polls/wt100_2026/0300_IDEAO.png
301,ERIS,,Eris,False,1551,https://onepiecewt100-2026.com/assets/faces-84x84/1551.png,polls/wt100_2026/0301_ERIS.png
302,CHARLOTTE MONT-D'OR,,Charlotte_Mont-d'Or,False,0970,https://onepiecewt100-2026.com/assets/faces-84x84/0970.png,polls/wt100_2026/0302_CHARLOTTE_MONT_D_OR.png
303,PIERRE,,Pierre,False,0275,https://onepiecewt100-2026.com/assets/faces-84x84/0275.png,polls/wt100_2026/0303_PIERRE.png
304,MODA,,Moda,False,0311,https://onepiecewt100-2026.com/assets/faces-84x84/0311.png,polls/wt100_2026/0304_MODA.png
305,CROCUS,,Crocus,False,0126,https://onepiecewt100-2026.com/assets/faces-84x84/0126.png,polls/wt100_2026/0305_CROCUS.png
306,LOCAL SEA MONSTER (GOA KINGDOM),,Monster,False,0027,https://onepiecewt100-2026.com/assets/faces-84x84/0027.png,polls/wt100_2026/0306_LOCAL_SEA_MONSTER_GOA_KINGDOM.png
307,SPENCER,,Spencer,False,1320,https://onepiecewt100-2026.com/assets/faces-84x84/1320.png,polls/wt100_2026/0307_SPENCER.png
307,BLUENO,,Blueno,False,0382,https://onepiecewt100-2026.com/assets/faces-84x84/0382.png,polls/wt100_2026/0307_BLUENO.png
309,ZUNESHA,,Zunesha,False,0908,https://onepiecewt100-2026.com/assets/faces-84x84/0908.png,polls/wt100_2026/0309_ZUNESHA.png
310,NOLA,,Nola,False,0298,https://onepiecewt100-2026.com/assets/faces-84x84/0298.png,polls/wt100_2026/0310_NOLA.png
311,JOHNNY,,Johnny,False,0072,https://onepiecewt100-2026.com/assets/faces-84x84/0072.png,polls/wt100_2026/0311_JOHNNY.png
312,RIKA,,Rika,False,0033,https://onepiecewt100-2026.com/assets/faces-84x84/0033.png,polls/wt100_2026/0312_RIKA.png
313,SAI,,Sai,False,0813,https://onepiecewt100-2026.com/assets/faces-84x84/0813.png,polls/wt100_2026/0313_SAI.png
314,ISHILY,,Ishilly,False,0714,https://onepiecewt100-2026.com/assets/faces-84x84/0714.png,polls/wt100_2026/0314_ISHILY.png
315,MARIA ONION BEAR,,,False,0154,https://onepiecewt100-2026.com/assets/faces-84x84/0154.png,polls/wt100_2026/0315_MARIA_ONION_BEAR.png
316,SU,,Su,False,0279,https://onepiecewt100-2026.com/assets/faces-84x84/0279.png,polls/wt100_2026/0316_SU.png
317,STERRY,,Sterry,False,0659,https://onepiecewt100-2026.com/assets/faces-84x84/0659.png,polls/wt100_2026/0317_STERRY.png
318,FULLBODY,,Fullbody,False,0073,https://onepiecewt100-2026.com/assets/faces-84x84/0073.png,polls/wt100_2026/0318_FULLBODY.png
319,CAMEL,,Camel,False,0804,https://onepiecewt100-2026.com/assets/faces-84x84/0804.png,polls/wt100_2026/0319_CAMEL.png
320,PLAAATYPUS,,,False,0334,https://onepiecewt100-2026.com/assets/faces-84x84/0334.png,polls/wt100_2026/0320_PLAAATYPUS.png
321,JESUS.BURGESS,,Jesus_Burgess,False,0268,https://onepiecewt100-2026.com/assets/faces-84x84/0268.png,polls/wt100_2026/0321_JESUS_BURGESS.png
322,MORLEY,,Morley,False,1079,https://onepiecewt100-2026.com/assets/faces-84x84/1079.png,polls/wt100_2026/0322_MORLEY.png
323,Mr. 13,,Mr._13,False,0128,https://onepiecewt100-2026.com/assets/faces-84x84/0128.png,polls/wt100_2026/0323_Mr_13.png
323,Mr. SNOWMAN,,,False,0130,https://onepiecewt100-2026.com/assets/faces-84x84/0130.png,polls/wt100_2026/0323_Mr_SNOWMAN.png
325,SAINT TOPMAN WARCURY,,Topman_Warcury,False,0254,https://onepiecewt100-2026.com/assets/faces-84x84/0254.png,polls/wt100_2026/0325_SAINT_TOPMAN_WARCURY.png
326,COSETTE,,Cosette,False,0962,https://onepiecewt100-2026.com/assets/faces-84x84/0962.png,polls/wt100_2026/0326_COSETTE.png
326,VASCO.SHOT,,Vasco_Shot,False,0644,https://onepiecewt100-2026.com/assets/faces-84x84/0644.png,polls/wt100_2026/0326_VASCO_SHOT.png
328,KOZUKI TOKI (AMATSUKI TOKI),,Kouzuki_Toki,False,1302,https://onepiecewt100-2026.com/assets/faces-84x84/1302.png,polls/wt100_2026/0328_KOZUKI_TOKI_AMATSUKI_TOKI.png
329,WAPOL,,Wapol,False,0152,https://onepiecewt100-2026.com/assets/faces-84x84/0152.png,polls/wt100_2026/0329_WAPOL.png
330,WHITEY BAY,,Whitey_Bay,False,0648,https://onepiecewt100-2026.com/assets/faces-84x84/0648.png,polls/wt100_2026/0330_WHITEY_BAY.png
331,HANAFUDA,,,False,1493,https://onepiecewt100-2026.com/assets/faces-84x84/1493.png,polls/wt100_2026/0331_HANAFUDA.png
332,BARBELL,,Barbel,False,1549,https://onepiecewt100-2026.com/assets/faces-84x84/1549.png,polls/wt100_2026/0332_BARBELL.png
333,SOUTH BIRD,,,False,0249,https://onepiecewt100-2026.com/assets/faces-84x84/0249.png,polls/wt100_2026/0333_SOUTH_BIRD.png
334,TOTO,,Toto,False,0187,https://onepiecewt100-2026.com/assets/faces-84x84/0187.png,polls/wt100_2026/0334_TOTO.png
335,DOC Q,,Doc_Q,False,0271,https://onepiecewt100-2026.com/assets/faces-84x84/0271.png,polls/wt100_2026/0335_DOC_Q.png
336,CHARLOTTE LOLA,,Lola,False,0471,https://onepiecewt100-2026.com/assets/faces-84x84/0471.png,polls/wt100_2026/0336_CHARLOTTE_LOLA.png
337,NEWS COO,,,False,0111,https://onepiecewt100-2026.com/assets/faces-84x84/0111.png,polls/wt100_2026/0337_NEWS_COO.png
338,MONSTER,,Monster,True,0016,https://onepiecewt100-2026.com/assets/faces-84x84/0016.png,polls/wt100_2026/0338_MONSTER.png
339,APHELANDRA,,Aphelandra,False,0538,https://onepiecewt100-2026.com/assets/faces-84x84/0538.png,polls/wt100_2026/0339_APHELANDRA.png
340,SAINT SATCHELS MAFFEY,,Satchels_Maffey,False,1552,https://onepiecewt100-2026.com/assets/faces-84x84/1552.png,polls/wt100_2026/0340_SAINT_SATCHELS_MAFFEY.png
341,LINDBERGH,,Lindbergh,False,1081,https://onepiecewt100-2026.com/assets/faces-84x84/1081.png,polls/wt100_2026/0341_LINDBERGH.png
342,GYATS,,,False,0808,https://onepiecewt100-2026.com/assets/faces-84x84/0808.png,polls/wt100_2026/0342_GYATS.png
343,SHURA,,Shura,False,0285,https://onepiecewt100-2026.com/assets/faces-84x84/0285.png,polls/wt100_2026/0343_SHURA.png
343,JOZU,,Jozu,False,0441,https://onepiecewt100-2026.com/assets/faces-84x84/0441.png,polls/wt100_2026/0343_JOZU.png
345,FUNKFREED,,Funkfreed,False,0429,https://onepiecewt100-2026.com/assets/faces-84x84/0429.png,polls/wt100_2026/0345_FUNKFREED.png
346,LAO G,,Lao_G,False,0877,https://onepiecewt100-2026.com/assets/faces-84x84/0877.png,polls/wt100_2026/0346_LAO_G.png
347,IKKAKU,,Ikkaku,False,0930,https://onepiecewt100-2026.com/assets/faces-84x84/0930.png,polls/wt100_2026/0347_IKKAKU.png
347,BUILDING SNAKE,,Building_Snake,False,1421,https://onepiecewt100-2026.com/assets/faces-84x84/1421.png,polls/wt100_2026/0347_BUILDING_SNAKE.png
349,YOKOZUNA,,Yokozuna,False,0385,https://onepiecewt100-2026.com/assets/faces-84x84/0385.png,polls/wt100_2026/0349_YOKOZUNA.png
350,GENZO,,Genzo,False,0097,https://onepiecewt100-2026.com/assets/faces-84x84/0097.png,polls/wt100_2026/0350_GENZO.png
351,CARIBOU,,Caribou,False,0686,https://onepiecewt100-2026.com/assets/faces-84x84/0686.png,polls/wt100_2026/0351_CARIBOU.png
352,TONJIT,,Tonjit,False,0333,https://onepiecewt100-2026.com/assets/faces-84x84/0333.png,polls/wt100_2026/0352_TONJIT.png
352,CARROT,,Carrot,True,0059,https://onepiecewt100-2026.com/assets/faces-84x84/0059.png,polls/wt100_2026/0352_CARROT.png
354,FAUST,,Faust,False,0533,https://onepiecewt100-2026.com/assets/faces-84x84/0533.png,polls/wt100_2026/0354_FAUST.png
355,DRIP (FAKE SANJI),,Drip,False,0680,https://onepiecewt100-2026.com/assets/faces-84x84/0680.png,polls/wt100_2026/0355_DRIP_FAKE_SANJI.png
356,DONQUIXOTE MJOSGARD,,Donquixote_Mjosgard,False,0762,https://onepiecewt100-2026.com/assets/faces-84x84/0762.png,polls/wt100_2026/0356_DONQUIXOTE_MJOSGARD.png
357,SAINT ROSWARD SHALRIA,,Rosward_Shalria,False,0498,https://onepiecewt100-2026.com/assets/faces-84x84/0498.png,polls/wt100_2026/0357_SAINT_ROSWARD_SHALRIA.png
358,SHINOBU,,Shinobu,False,1162,https://onepiecewt100-2026.com/assets/faces-84x84/1162.png,polls/wt100_2026/0358_SHINOBU.png
359,MOOCY,,,False,0833,https://onepiecewt100-2026.com/assets/faces-84x84/0833.png,polls/wt100_2026/0359_MOOCY.png
360,SURUME (KRAKEN),,Surume,False,0689,https://onepiecewt100-2026.com/assets/faces-84x84/0689.png,polls/wt100_2026/0360_SURUME_KRAKEN.png
361,COLLUN,,,False,1452,https://onepiecewt100-2026.com/assets/faces-84x84/1452.png,polls/wt100_2026/0361_COLLUN.png
361,CHARLOTTE OVEN,,Charlotte_Oven,False,1017,https://onepiecewt100-2026.com/assets/faces-84x84/1017.png,polls/wt100_2026/0361_CHARLOTTE_OVEN.png
361,SERAPHIM (DONQUIXOTE DOFLAMINGO),,Donquixote_Doflamingo,True,1469,https://onepiecewt100-2026.com/assets/faces-84x84/1469.png,polls/wt100_2026/0361_SERAPHIM_DONQUIXOTE_DOFLAMINGO.png
361,MAMBOSHI,,,False,0712,https://onepiecewt100-2026.com/assets/faces-84x84/0712.png,polls/wt100_2026/0361_MAMBOSHI.png
361,MOON ISAAC Jr.,,Moon_Isaac_Jr.,False,1318,https://onepiecewt100-2026.com/assets/faces-84x84/1318.png,polls/wt100_2026/0361_MOON_ISAAC_Jr.png
366,MANJARO (FAKE ZORO),,Manjaro,False,0679,https://onepiecewt100-2026.com/assets/faces-84x84/0679.png,polls/wt100_2026/0366_MANJARO_FAKE_ZORO.png
366,WANZE,,Wanze,False,0394,https://onepiecewt100-2026.com/assets/faces-84x84/0394.png,polls/wt100_2026/0366_WANZE.png
368,KUMADORI,,Kumadori,False,0400,https://onepiecewt100-2026.com/assets/faces-84x84/0400.png,polls/wt100_2026/0368_KUMADORI.png
368,SCARLETT,,Scarlett,False,0883,https://onepiecewt100-2026.com/assets/faces-84x84/0883.png,polls/wt100_2026/0368_SCARLETT.png
368,MEGALO,,Megalo,False,0728,https://onepiecewt100-2026.com/assets/faces-84x84/0728.png,polls/wt100_2026/0368_MEGALO.png
368,RINDO,,Rindo,False,0548,https://onepiecewt100-2026.com/assets/faces-84x84/0548.png,polls/wt100_2026/0368_RINDO.png
372,MOGURA (Anthropomorphized form),,,False,1448,https://onepiecewt100-2026.com/assets/faces-84x84/1448.png,polls/wt100_2026/0372_MOGURA_Anthropomorphized_form.png
373,GEDATSU,,Gedatsu,False,0295,https://onepiecewt100-2026.com/assets/faces-84x84/0295.png,polls/wt100_2026/0373_GEDATSU.png
374,TOAD BOINGNOSUKE,,,False,1114,https://onepiecewt100-2026.com/assets/faces-84x84/1114.png,polls/wt100_2026/0374_TOAD_BOINGNOSUKE.png
374,HAKUGAN,,Hakugan,False,1349,https://onepiecewt100-2026.com/assets/faces-84x84/1349.png,polls/wt100_2026/0374_HAKUGAN.png
376,CHARLOTTE GALETTE,,Charlotte_Galette,False,0972,https://onepiecewt100-2026.com/assets/faces-84x84/0972.png,polls/wt100_2026/0376_CHARLOTTE_GALETTE.png
377,KYO (SILVER AXE）,,,False,1548,https://onepiecewt100-2026.com/assets/faces-84x84/1548.png,polls/wt100_2026/0377_KYO_SILVER_AXE.png
378,PAGAYA,,Pagaya,False,0280,https://onepiecewt100-2026.com/assets/faces-84x84/0280.png,polls/wt100_2026/0378_PAGAYA.png
379,TENSEI (KUROUMA),,Tensei,False,1422,https://onepiecewt100-2026.com/assets/faces-84x84/1422.png,polls/wt100_2026/0379_TENSEI_KUROUMA.png
380,SUZUME,,Suzume,False,0430,https://onepiecewt100-2026.com/assets/faces-84x84/0430.png,polls/wt100_2026/0380_SUZUME.png
381,GYARO,,Gyaro,False,0492,https://onepiecewt100-2026.com/assets/faces-84x84/0492.png,polls/wt100_2026/0381_GYARO.png
382,NIKA,,Nika,False,0745,https://onepiecewt100-2026.com/assets/faces-84x84/0745.png,polls/wt100_2026/0382_NIKA.png
383,KINGBAUM,,Kingbaum,False,0959,https://onepiecewt100-2026.com/assets/faces-84x84/0959.png,polls/wt100_2026/0383_KINGBAUM.png
384,McTREENALD,,,False,0454,https://onepiecewt100-2026.com/assets/faces-84x84/0454.png,polls/wt100_2026/0384_McTREENALD.png
385,TREBOL,,Trebol,False,0879,https://onepiecewt100-2026.com/assets/faces-84x84/0879.png,polls/wt100_2026/0385_TREBOL.png
385,BONK PUNCH,,Bonk_Punch,False,1417,https://onepiecewt100-2026.com/assets/faces-84x84/1417.png,polls/wt100_2026/0385_BONK_PUNCH.png
387,WANG ZHI,,,False,1545,https://onepiecewt100-2026.com/assets/faces-84x84/1545.png,polls/wt100_2026/0387_WANG_ZHI.png
388,OCTOBALLOON,,,False,0328,https://onepiecewt100-2026.com/assets/faces-84x84/0328.png,polls/wt100_2026/0388_OCTOBALLOON.png
389,PEEKATHA KROTCH,,,False,0846,https://onepiecewt100-2026.com/assets/faces-84x84/0846.png,polls/wt100_2026/0389_PEEKATHA_KROTCH.png
390,KATSUZO,,Katsuzo,False,1292,https://onepiecewt100-2026.com/assets/faces-84x84/1292.png,polls/wt100_2026/0390_KATSUZO.png
391,CLOU D. CLOVER,,Clover,False,0420,https://onepiecewt100-2026.com/assets/faces-84x84/0420.png,polls/wt100_2026/0391_CLOU_D_CLOVER.png
392,MATSUGE,,Matsuge,False,0186,https://onepiecewt100-2026.com/assets/faces-84x84/0186.png,polls/wt100_2026/0392_MATSUGE.png
393,ABSALOM,,Absalom,False,0466,https://onepiecewt100-2026.com/assets/faces-84x84/0466.png,polls/wt100_2026/0393_ABSALOM.png
394,DIVE,,Dive,False,1404,https://onepiecewt100-2026.com/assets/faces-84x84/1404.png,polls/wt100_2026/0394_DIVE.png
395,LITTLEOARS Jr.,,Oars_Jr.,False,0622,https://onepiecewt100-2026.com/assets/faces-84x84/0622.png,polls/wt100_2026/0395_LITTLEOARS_Jr.png
396,IGARAM (Mr. 8/IGARAPPOI),,Igaram,False,0134,https://onepiecewt100-2026.com/assets/faces-84x84/0134.png,polls/wt100_2026/0396_IGARAM_Mr_8_IGARAPPOI.png
397,RANDOLPH,,Randolph,False,0952,https://onepiecewt100-2026.com/assets/faces-84x84/0952.png,polls/wt100_2026/0397_RANDOLPH.png
398,ONIMARU (GYUKIMARU),,Onimaru,False,1233,https://onepiecewt100-2026.com/assets/faces-84x84/1233.png,polls/wt100_2026/0398_ONIMARU_GYUKIMARU.png
399,EGGPLANT SOLDIER,,Eggplant_Soldier,False,0993,https://onepiecewt100-2026.com/assets/faces-84x84/0993.png,polls/wt100_2026/0399_EGGPLANT_SOLDIER.png
400,S-BEAR,,S-Bear,False,1433,https://onepiecewt100-2026.com/assets/faces-84x84/1433.png,polls/wt100_2026/0400_S_BEAR.png
400,SALOME,,Salome,False,0554,https://onepiecewt100-2026.com/assets/faces-84x84/0554.png,polls/wt100_2026/0400_SALOME.png
402,CATARINA.DEVON,,Catarina_Devon,False,0645,https://onepiecewt100-2026.com/assets/faces-84x84/0645.png,polls/wt100_2026/0402_CATARINA_DEVON.png
402,FUKUROU,,Fukurou,False,0399,https://onepiecewt100-2026.com/assets/faces-84x84/0399.png,polls/wt100_2026/0402_FUKUROU.png
404,BUNBUKU,,Bunbuku,False,1125,https://onepiecewt100-2026.com/assets/faces-84x84/1125.png,polls/wt100_2026/0404_BUNBUKU.png
405,GEM (Mr. 5),,Gem,False,0138,https://onepiecewt100-2026.com/assets/faces-84x84/0138.png,polls/wt100_2026/0405_GEM_Mr_5.png
406,ROXANNE,,Roxanne,False,0083,https://onepiecewt100-2026.com/assets/faces-84x84/0083.png,polls/wt100_2026/0406_ROXANNE.png
407,VINSMOKE JUDGE,,Vinsmoke_Judge,False,0954,https://onepiecewt100-2026.com/assets/faces-84x84/0954.png,polls/wt100_2026/0407_VINSMOKE_JUDGE.png
408,WIRE,,Wire,False,0522,https://onepiecewt100-2026.com/assets/faces-84x84/0522.png,polls/wt100_2026/0408_WIRE.png
409,HEAT,,Heat,False,0521,https://onepiecewt100-2026.com/assets/faces-84x84/0521.png,polls/wt100_2026/0409_HEAT.png
410,MACHVISE,,Machvise,False,0876,https://onepiecewt100-2026.com/assets/faces-84x84/0876.png,polls/wt100_2026/0410_MACHVISE.png
411,JEAN BART,,Jean_Bart,False,0500,https://onepiecewt100-2026.com/assets/faces-84x84/0500.png,polls/wt100_2026/0411_JEAN_BART.png
412,FUKABOSHI,,Fukaboshi,False,0710,https://onepiecewt100-2026.com/assets/faces-84x84/0710.png,polls/wt100_2026/0412_FUKABOSHI.png
413,KUROZUMI OROCHI,,Kurozumi_Orochi,False,1207,https://onepiecewt100-2026.com/assets/faces-84x84/1207.png,polls/wt100_2026/0413_KUROZUMI_OROCHI.png
413,NEFELTARI LILY,,Lily,False,1467,https://onepiecewt100-2026.com/assets/faces-84x84/1467.png,polls/wt100_2026/0413_NEFELTARI_LILY.png
415,TRANSPONDER SNAIL,,,False,1533,https://onepiecewt100-2026.com/assets/faces-84x84/1533.png,polls/wt100_2026/0415_TRANSPONDER_SNAIL.png
416,GINRUMMY,,Ginrummy,False,0922,https://onepiecewt100-2026.com/assets/faces-84x84/0922.png,polls/wt100_2026/0416_GINRUMMY.png
417,ONIGUMO,,Onigumo,False,0432,https://onepiecewt100-2026.com/assets/faces-84x84/0432.png,polls/wt100_2026/0417_ONIGUMO.png
418,RAIZO,,Raizo,False,0936,https://onepiecewt100-2026.com/assets/faces-84x84/0936.png,polls/wt100_2026/0418_RAIZO.png
419,SHU,,Shu,False,0437,https://onepiecewt100-2026.com/assets/faces-84x84/0437.png,polls/wt100_2026/0419_SHU.png
419,RODO,,,False,1071,https://onepiecewt100-2026.com/assets/faces-84x84/1071.png,polls/wt100_2026/0419_RODO.png
421,VITO,,Vito,False,0931,https://onepiecewt100-2026.com/assets/faces-84x84/0931.png,polls/wt100_2026/0421_VITO.png
422,DIAMANTE,,Diamante,False,0878,https://onepiecewt100-2026.com/assets/faces-84x84/0878.png,polls/wt100_2026/0422_DIAMANTE.png
422,PACIFISTA,,,False,0531,https://onepiecewt100-2026.com/assets/faces-84x84/0531.png,polls/wt100_2026/0422_PACIFISTA.png
424,AISA,,Aisa,False,0287,https://onepiecewt100-2026.com/assets/faces-84x84/0287.png,polls/wt100_2026/0424_AISA.png
425,DALMATION,,,False,0630,https://onepiecewt100-2026.com/assets/faces-84x84/0630.png,polls/wt100_2026/0425_DALMATION.png
425,BANANA GATOR,,,False,0147,https://onepiecewt100-2026.com/assets/faces-84x84/0147.png,polls/wt100_2026/0425_BANANA_GATOR.png
427,CUB,,,False,0864,https://onepiecewt100-2026.com/assets/faces-84x84/0864.png,polls/wt100_2026/0427_CUB.png
428,PANDAWOMANMI,,,False,0556,https://onepiecewt100-2026.com/assets/faces-84x84/0556.png,polls/wt100_2026/0428_PANDAWOMANMI.png
428,MIKIO ITOO,,Mikio_Itoo,False,0021,https://onepiecewt100-2026.com/assets/faces-84x84/0021.png,polls/wt100_2026/0428_MIKIO_ITOO.png
430,SEA CAT,,,False,0173,https://onepiecewt100-2026.com/assets/faces-84x84/0173.png,polls/wt100_2026/0430_SEA_CAT.png
431,STRONGER,,Stronger,False,0272,https://onepiecewt100-2026.com/assets/faces-84x84/0272.png,polls/wt100_2026/0431_STRONGER.png
432,STRAY FOX (FAKE CHOPPER),,Fake_Chopper,False,0682,https://onepiecewt100-2026.com/assets/faces-84x84/0682.png,polls/wt100_2026/0432_STRAY_FOX_FAKE_CHOPPER.png
433,SMILEY,,Slime,False,0794,https://onepiecewt100-2026.com/assets/faces-84x84/0794.png,polls/wt100_2026/0433_SMILEY.png
434,DAIFUGO,,Daifugo,False,1228,https://onepiecewt100-2026.com/assets/faces-84x84/1228.png,polls/wt100_2026/0434_DAIFUGO.png
435,ASHURA DOJI (SHUTENMARU),,Ashura_Doji,False,1163,https://onepiecewt100-2026.com/assets/faces-84x84/1163.png,polls/wt100_2026/0435_ASHURA_DOJI_SHUTENMARU.png
436,DOG PENGUIN,,Penguin,True,0473,https://onepiecewt100-2026.com/assets/faces-84x84/0473.png,polls/wt100_2026/0436_DOG_PENGUIN.png
436,ACE (Anthropomorphized form),,Portgas_D._Ace,True,1477,https://onepiecewt100-2026.com/assets/faces-84x84/1477.png,polls/wt100_2026/0436_ACE_Anthropomorphized_form.png
438,DOBERMAN,,Doberman,False,0433,https://onepiecewt100-2026.com/assets/faces-84x84/0433.png,polls/wt100_2026/0438_DOBERMAN.png
438,BIBLO,,Biblo,False,1514,https://onepiecewt100-2026.com/assets/faces-84x84/1514.png,polls/wt100_2026/0438_BIBLO.png
440,STAINLESS,,Stainless,False,0257,https://onepiecewt100-2026.com/assets/faces-84x84/0257.png,polls/wt100_2026/0440_STAINLESS.png
441,BAO HUANG,,Bao_Huang,False,1335,https://onepiecewt100-2026.com/assets/faces-84x84/1335.png,polls/wt100_2026/0441_BAO_HUANG.png
442,TACO,,,False,1090,https://onepiecewt100-2026.com/assets/faces-84x84/1090.png,polls/wt100_2026/0442_TACO.png
443,GANZUI,,Ganzui,False,1481,https://onepiecewt100-2026.com/assets/faces-84x84/1481.png,polls/wt100_2026/0443_GANZUI.png
443,YOSAKU,,Yosaku,False,0071,https://onepiecewt100-2026.com/assets/faces-84x84/0071.png,polls/wt100_2026/0443_YOSAKU.png
445,Miss FATHER'S DAY,,Miss_Father's_Day,False,0219,https://onepiecewt100-2026.com/assets/faces-84x84/0219.png,polls/wt100_2026/0445_Miss_FATHER_S_DAY.png
446,KAMAKIRI,,Kamakiri,False,0288,https://onepiecewt100-2026.com/assets/faces-84x84/0288.png,polls/wt100_2026/0446_KAMAKIRI.png
447,CHUJI,,Chuji,False,1411,https://onepiecewt100-2026.com/assets/faces-84x84/1411.png,polls/wt100_2026/0447_CHUJI.png
448,VEGAPANTS,,,False,1513,https://onepiecewt100-2026.com/assets/faces-84x84/1513.png,polls/wt100_2026/0448_VEGAPANTS.png
449,YUWANA MYCLOSE,,,False,1451,https://onepiecewt100-2026.com/assets/faces-84x84/1451.png,polls/wt100_2026/0449_YUWANA_MYCLOSE.png
449,STRAW HAT (HUMAN FORM),,,False,1334,https://onepiecewt100-2026.com/assets/faces-84x84/1334.png,polls/wt100_2026/0449_STRAW_HAT_HUMAN_FORM.png
451,NERO,,Nero,False,0395,https://onepiecewt100-2026.com/assets/faces-84x84/0395.png,polls/wt100_2026/0451_NERO.png
451,PICA,,Pica,False,0884,https://onepiecewt100-2026.com/assets/faces-84x84/0884.png,polls/wt100_2026/0451_PICA.png
453,SARQUISS,,Sarquiss,False,0236,https://onepiecewt100-2026.com/assets/faces-84x84/0236.png,polls/wt100_2026/0453_SARQUISS.png
454,BOBBIN,,Bobbin,False,1002,https://onepiecewt100-2026.com/assets/faces-84x84/1002.png,polls/wt100_2026/0454_BOBBIN.png
454,WADO ICHIMONJI (SWORD),,,False,1173,https://onepiecewt100-2026.com/assets/faces-84x84/1173.png,polls/wt100_2026/0454_WADO_ICHIMONJI_SWORD.png
456,SALDEATH,,Saldeath,False,0574,https://onepiecewt100-2026.com/assets/faces-84x84/0574.png,polls/wt100_2026/0456_SALDEATH.png
457,CHARLOTTE CHIFFON,,Charlotte_Chiffon,False,0955,https://onepiecewt100-2026.com/assets/faces-84x84/0955.png,polls/wt100_2026/0457_CHARLOTTE_CHIFFON.png
458,RORONOA PINZORO,,,False,1435,https://onepiecewt100-2026.com/assets/faces-84x84/1435.png,polls/wt100_2026/0458_RORONOA_PINZORO.png
459,NEPTUNE,,Neptune,False,0726,https://onepiecewt100-2026.com/assets/faces-84x84/0726.png,polls/wt100_2026/0459_NEPTUNE.png
459,HENOHENOUNCHI,,,False,0140,https://onepiecewt100-2026.com/assets/faces-84x84/0140.png,polls/wt100_2026/0459_HENOHENOUNCHI.png
459,HOLY,,Holy,False,0281,https://onepiecewt100-2026.com/assets/faces-84x84/0281.png,polls/wt100_2026/0459_HOLY.png
462,CHARLOTTE CORNSTARCH,,Charlotte_Cornstarch,False,1075,https://onepiecewt100-2026.com/assets/faces-84x84/1075.png,polls/wt100_2026/0462_CHARLOTTE_CORNSTARCH.png
462,POLO GRAM,,Polo_Gram,False,1555,https://onepiecewt100-2026.com/assets/faces-84x84/1555.png,polls/wt100_2026/0462_POLO_GRAM.png
464,HAREDAS,,Haredas,False,0558,https://onepiecewt100-2026.com/assets/faces-84x84/0558.png,polls/wt100_2026/0464_HAREDAS.png
465,AVALO.PIZARRO,,Avalo_Pizarro,False,0646,https://onepiecewt100-2026.com/assets/faces-84x84/0646.png,polls/wt100_2026/0465_AVALO_PIZARRO.png
466,YONKA TWO,,,False,0748,https://onepiecewt100-2026.com/assets/faces-84x84/0748.png,polls/wt100_2026/0466_YONKA_TWO.png
467,ELIZABELLO II,,Elizabello_II,False,0818,https://onepiecewt100-2026.com/assets/faces-84x84/0818.png,polls/wt100_2026/0467_ELIZABELLO_II.png
468,SNOOOW LEOPAAARD,,,False,0335,https://onepiecewt100-2026.com/assets/faces-84x84/0335.png,polls/wt100_2026/0468_SNOOOW_LEOPAAARD.png
469,LASSOO,,Lassoo,False,0210,https://onepiecewt100-2026.com/assets/faces-84x84/0210.png,polls/wt100_2026/0469_LASSOO.png
470,ROBSON,,Robson,False,0161,https://onepiecewt100-2026.com/assets/faces-84x84/0161.png,polls/wt100_2026/0470_ROBSON.png
471,OARS,,Oars,False,0478,https://onepiecewt100-2026.com/assets/faces-84x84/0478.png,polls/wt100_2026/0471_OARS.png
472,ALICE,,Alice,False,0776,https://onepiecewt100-2026.com/assets/faces-84x84/0776.png,polls/wt100_2026/0472_ALICE.png
472,WADATSUMI,,Wadatsumi,False,0732,https://onepiecewt100-2026.com/assets/faces-84x84/0732.png,polls/wt100_2026/0472_WADATSUMI.png
474,VICTORIA BROTH SPLATTERINA,,,False,1041,https://onepiecewt100-2026.com/assets/faces-84x84/1041.png,polls/wt100_2026/0474_VICTORIA_BROTH_SPLATTERINA.png
474,ORLUMBUS,,Orlumbus,False,0822,https://onepiecewt100-2026.com/assets/faces-84x84/0822.png,polls/wt100_2026/0474_ORLUMBUS.png
476,ONION,,,False,0061,https://onepiecewt100-2026.com/assets/faces-84x84/0061.png,polls/wt100_2026/0476_ONION.png
477,BARON TAMAGO,,Tamago,False,0760,https://onepiecewt100-2026.com/assets/faces-84x84/0760.png,polls/wt100_2026/0477_BARON_TAMAGO.png
477,MELLO,,Mr._Mellow,False,0738,https://onepiecewt100-2026.com/assets/faces-84x84/0738.png,polls/wt100_2026/0477_MELLO.png
479,CHARLOTTE CINNAMON,,Charlotte_Cinnamon,False,1050,https://onepiecewt100-2026.com/assets/faces-84x84/1050.png,polls/wt100_2026/0479_CHARLOTTE_CINNAMON.png
479,MAKINO'S BABY,,,False,0754,https://onepiecewt100-2026.com/assets/faces-84x84/0754.png,polls/wt100_2026/0479_MAKINO_S_BABY.png
481,JOSH,,,False,1444,https://onepiecewt100-2026.com/assets/faces-84x84/1444.png,polls/wt100_2026/0481_JOSH.png
482,MILKY,,Milky,False,0933,https://onepiecewt100-2026.com/assets/faces-84x84/0933.png,polls/wt100_2026/0482_MILKY.png
483,DOMO-KUN,,Domo-kun,False,0047,https://onepiecewt100-2026.com/assets/faces-84x84/0047.png,polls/wt100_2026/0483_DOMO_KUN.png
484,CHINJAO,,Chinjao,False,0812,https://onepiecewt100-2026.com/assets/faces-84x84/0812.png,polls/wt100_2026/0484_CHINJAO.png
485,DOSKOI PANDA,,,False,0990,https://onepiecewt100-2026.com/assets/faces-84x84/0990.png,polls/wt100_2026/0485_DOSKOI_PANDA.png
486,VANDER DECKEN IX,,Vander_Decken_IX,False,0733,https://onepiecewt100-2026.com/assets/faces-84x84/0733.png,polls/wt100_2026/0486_VANDER_DECKEN_IX.png
487,SPACEY,,Spacey,False,0442,https://onepiecewt100-2026.com/assets/faces-84x84/0442.png,polls/wt100_2026/0487_SPACEY.png
487,ROCK,,,False,0789,https://onepiecewt100-2026.com/assets/faces-84x84/0789.png,polls/wt100_2026/0487_ROCK.png
489,TOMATO GANG,,,False,0223,https://onepiecewt100-2026.com/assets/faces-84x84/0223.png,polls/wt100_2026/0489_TOMATO_GANG.png
489,HAM BURGER,,Ham_Burger,False,1088,https://onepiecewt100-2026.com/assets/faces-84x84/1088.png,polls/wt100_2026/0489_HAM_BURGER.png
491,GENBO,,Genbo,False,0290,https://onepiecewt100-2026.com/assets/faces-84x84/0290.png,polls/wt100_2026/0491_GENBO.png
491,SANJUAN.WOLF,,Sanjuan_Wolf,False,0643,https://onepiecewt100-2026.com/assets/faces-84x84/0643.png,polls/wt100_2026/0491_SANJUAN_WOLF.png
493,MERRY,,Merry,True,0065,https://onepiecewt100-2026.com/assets/faces-84x84/0065.png,polls/wt100_2026/0493_MERRY.png
494,"""HOWLING"" GAB",,Gab,False,1420,https://onepiecewt100-2026.com/assets/faces-84x84/1420.png,polls/wt100_2026/0494_HOWLING_GAB.png
494,PRINCE BERET,,,False,0597,https://onepiecewt100-2026.com/assets/faces-84x84/0597.png,polls/wt100_2026/0494_PRINCE_BERET.png
496,KIKOKU (Anthropomorphized form),,,False,1447,https://onepiecewt100-2026.com/assets/faces-84x84/1447.png,polls/wt100_2026/0496_KIKOKU_Anthropomorphized_form.png
496,CALICOACH,,,False,0965,https://onepiecewt100-2026.com/assets/faces-84x84/0965.png,polls/wt100_2026/0496_CALICOACH.png
496,MARGARITA,,Margarita,False,0483,https://onepiecewt100-2026.com/assets/faces-84x84/0483.png,polls/wt100_2026/0496_MARGARITA.png
499,COWBOY,,Kentauros,False,0206,https://onepiecewt100-2026.com/assets/faces-84x84/0206.png,polls/wt100_2026/0499_COWBOY.png
499,KOMACHIYO,,Komachiyo,False,1124,https://onepiecewt100-2026.com/assets/faces-84x84/1124.png,polls/wt100_2026/0499_KOMACHIYO.png
499,DON MARLON,,Marlon,False,1544,https://onepiecewt100-2026.com/assets/faces-84x84/1544.png,polls/wt100_2026/0499_DON_MARLON.png
502,JOSEPH,,Joseph,False,0828,https://onepiecewt100-2026.com/assets/faces-84x84/0828.png,polls/wt100_2026/0502_JOSEPH.png
503,SALOU,,,False,0497,https://onepiecewt100-2026.com/assets/faces-84x84/0497.png,polls/wt100_2026/0503_SALOU.png
503,RIPPER,,Ripper,False,0042,https://onepiecewt100-2026.com/assets/faces-84x84/0042.png,polls/wt100_2026/0503_RIPPER.png
505,YLVA,,Ylva,False,1508,https://onepiecewt100-2026.com/assets/faces-84x84/1508.png,polls/wt100_2026/0505_YLVA.png
506,KOUSHIROU,,Koushirou,False,0041,https://onepiecewt100-2026.com/assets/faces-84x84/0041.png,polls/wt100_2026/0506_KOUSHIROU.png
507,MONEYPENNY,,,False,0426,https://onepiecewt100-2026.com/assets/faces-84x84/0426.png,polls/wt100_2026/0507_MONEYPENNY.png
508,SUPER SNOWMAN,,,False,0156,https://onepiecewt100-2026.com/assets/faces-84x84/0156.png,polls/wt100_2026/0508_SUPER_SNOWMAN.png
509,URASHIMA,,Urashima,False,1134,https://onepiecewt100-2026.com/assets/faces-84x84/1134.png,polls/wt100_2026/0509_URASHIMA.png
509,SARFUNKEL,,Sarfunkel,False,0755,https://onepiecewt100-2026.com/assets/faces-84x84/0755.png,polls/wt100_2026/0509_SARFUNKEL.png
509,POUND,,Pound,False,0951,https://onepiecewt100-2026.com/assets/faces-84x84/0951.png,polls/wt100_2026/0509_POUND.png
512,BRAHAM,,Braham,False,0291,https://onepiecewt100-2026.com/assets/faces-84x84/0291.png,polls/wt100_2026/0512_BRAHAM.png
513,NEKOZAEMON,,Nekozaemon,False,0915,https://onepiecewt100-2026.com/assets/faces-84x84/0915.png,polls/wt100_2026/0513_NEKOZAEMON.png
513,HARAMAKIKO (Anthropomorphized Zoro's haramaki)　,,,False,1413,https://onepiecewt100-2026.com/assets/faces-84x84/1413.png,polls/wt100_2026/0513_HARAMAKIKO_Anthropomorphized_Zoro_s_haramaki.png
515,PATTY,,Patty,False,0078,https://onepiecewt100-2026.com/assets/faces-84x84/0078.png,polls/wt100_2026/0515_PATTY.png
515,MINATOMO (East Blue),,Minatomo,False,1567,https://onepiecewt100-2026.com/assets/faces-84x84/1567.png,polls/wt100_2026/0515_MINATOMO_East_Blue.png
517,ISCAT,,Iscat,False,1501,https://onepiecewt100-2026.com/assets/faces-84x84/1501.png,polls/wt100_2026/0517_ISCAT.png
517,RICHIE,,Richie,False,0050,https://onepiecewt100-2026.com/assets/faces-84x84/0050.png,polls/wt100_2026/0517_RICHIE.png
519,S-SHARK,,S-Shark,False,1440,https://onepiecewt100-2026.com/assets/faces-84x84/1440.png,polls/wt100_2026/0519_S_SHARK.png
520,CAPONE PEZ,,Capone_Pez,False,0956,https://onepiecewt100-2026.com/assets/faces-84x84/0956.png,polls/wt100_2026/0520_CAPONE_PEZ.png
520,ZEO,,Zeo,False,0722,https://onepiecewt100-2026.com/assets/faces-84x84/0722.png,polls/wt100_2026/0520_ZEO.png
522,GYRO,,Gyro,False,0752,https://onepiecewt100-2026.com/assets/faces-84x84/0752.png,polls/wt100_2026/0522_GYRO.png
523,SHERRY,,,False,0332,https://onepiecewt100-2026.com/assets/faces-84x84/0332.png,polls/wt100_2026/0523_SHERRY.png
524,SCOTCH,,Scotch,False,0790,https://onepiecewt100-2026.com/assets/faces-84x84/0790.png,polls/wt100_2026/0524_SCOTCH.png
524,SULEIMAN,,Suleiman,False,0819,https://onepiecewt100-2026.com/assets/faces-84x84/0819.png,polls/wt100_2026/0524_SULEIMAN.png
524,SOLITAIRE,,Solitaire,False,1227,https://onepiecewt100-2026.com/assets/faces-84x84/1227.png,polls/wt100_2026/0524_SOLITAIRE.png
524,HANGER,,Hanger,False,0116,https://onepiecewt100-2026.com/assets/faces-84x84/0116.png,polls/wt100_2026/0524_HANGER.png
528,YAGARA,,,False,0359,https://onepiecewt100-2026.com/assets/faces-84x84/0359.png,polls/wt100_2026/0528_YAGARA.png
529,GOLDBERG,,Goldberg,False,1074,https://onepiecewt100-2026.com/assets/faces-84x84/1074.png,polls/wt100_2026/0529_GOLDBERG.png
530,JEAN ANGO,,Jean_Ango,False,0831,https://onepiecewt100-2026.com/assets/faces-84x84/0831.png,polls/wt100_2026/0530_JEAN_ANGO.png
530,MASIRA,,Masira,False,0232,https://onepiecewt100-2026.com/assets/faces-84x84/0232.png,polls/wt100_2026/0530_MASIRA.png
532,KIWI,,Mozu_and_Kiwi,False,0379,https://onepiecewt100-2026.com/assets/faces-84x84/0379.png,polls/wt100_2026/0532_KIWI.png
532,BLUEFAN,,Blue_Fan,False,0549,https://onepiecewt100-2026.com/assets/faces-84x84/0549.png,polls/wt100_2026/0532_BLUEFAN.png
532,JARUL,,Jarul,False,1030,https://onepiecewt100-2026.com/assets/faces-84x84/1030.png,polls/wt100_2026/0532_JARUL.png
535,CHEW,,Chew,False,0101,https://onepiecewt100-2026.com/assets/faces-84x84/0101.png,polls/wt100_2026/0535_CHEW.png
536,SHOUJOU,,Shoujou,False,0247,https://onepiecewt100-2026.com/assets/faces-84x84/0247.png,polls/wt100_2026/0536_SHOUJOU.png
536,RAN,,Ran,False,0546,https://onepiecewt100-2026.com/assets/faces-84x84/0546.png,polls/wt100_2026/0536_RAN.png
538,CHARLOTTE POIRE,,Charlotte_Poire,False,1013,https://onepiecewt100-2026.com/assets/faces-84x84/1013.png,polls/wt100_2026/0538_CHARLOTTE_POIRE.png
538,STREUSEN,,Streusen,False,1003,https://onepiecewt100-2026.com/assets/faces-84x84/1003.png,polls/wt100_2026/0538_STREUSEN.png
538,MORGAN,,Morgan,False,0037,https://onepiecewt100-2026.com/assets/faces-84x84/0037.png,polls/wt100_2026/0538_MORGAN.png
541,TRISTAN,,Tristan,False,0918,https://onepiecewt100-2026.com/assets/faces-84x84/0918.png,polls/wt100_2026/0541_TRISTAN.png
542,KOJURO,,Kojuro,False,1182,https://onepiecewt100-2026.com/assets/faces-84x84/1182.png,polls/wt100_2026/0542_KOJURO.png
542,PINCERS,,,False,0201,https://onepiecewt100-2026.com/assets/faces-84x84/0201.png,polls/wt100_2026/0542_PINCERS.png
542,BASTILLE,,Bastille,False,0858,https://onepiecewt100-2026.com/assets/faces-84x84/0858.png,polls/wt100_2026/0542_BASTILLE.png
545,SPRING SPARROW,,,False,0888,https://onepiecewt100-2026.com/assets/faces-84x84/0888.png,polls/wt100_2026/0545_SPRING_SPARROW.png
545,BRONTOSAURUS,,Brontosaurus,False,0141,https://onepiecewt100-2026.com/assets/faces-84x84/0141.png,polls/wt100_2026/0545_BRONTOSAURUS.png
545,MOZU,,Mozu_and_Kiwi,True,0380,https://onepiecewt100-2026.com/assets/faces-84x84/0380.png,polls/wt100_2026/0545_MOZU.png
548,EDWARD WEEVIL,,Edward_Weevil,False,0906,https://onepiecewt100-2026.com/assets/faces-84x84/0906.png,polls/wt100_2026/0548_EDWARD_WEEVIL.png
548,KOYAMA (BOAR),,Koyama,False,1287,https://onepiecewt100-2026.com/assets/faces-84x84/1287.png,polls/wt100_2026/0548_KOYAMA_BOAR.png
550,CARELESSO (UKKARI),,Ukkari,False,0039,https://onepiecewt100-2026.com/assets/faces-84x84/0039.png,polls/wt100_2026/0550_CARELESSO_UKKARI.png
550,BROWNDROS BEARDRIGUEZ (BROWNBEARD),,Brownbeard,False,0650,https://onepiecewt100-2026.com/assets/faces-84x84/0650.png,polls/wt100_2026/0550_BROWNDROS_BEARDRIGUEZ_BROWNBEARD.png
550,HOWJA GEDDINTHERE II,,,False,0620,https://onepiecewt100-2026.com/assets/faces-84x84/0620.png,polls/wt100_2026/0550_HOWJA_GEDDINTHERE_II.png
550,HOE,,Hoe,False,0727,https://onepiecewt100-2026.com/assets/faces-84x84/0727.png,polls/wt100_2026/0550_HOE.png
554,SODOMU,,Sodom,False,0391,https://onepiecewt100-2026.com/assets/faces-84x84/0391.png,polls/wt100_2026/0554_SODOMU.png
555,SKY FISH,,,False,0273,https://onepiecewt100-2026.com/assets/faces-84x84/0273.png,polls/wt100_2026/0555_SKY_FISH.png
555,BOURBON Jr.,,Kentauros,True,0207,https://onepiecewt100-2026.com/assets/faces-84x84/0207.png,polls/wt100_2026/0555_BOURBON_Jr.png
557,CHARLOTTE CUSTARD,,Charlotte_Custard,False,1014,https://onepiecewt100-2026.com/assets/faces-84x84/1014.png,polls/wt100_2026/0557_CHARLOTTE_CUSTARD.png
557,DROPHY (Miss.MERRY CHRISTMAS),,Drophy,False,0177,https://onepiecewt100-2026.com/assets/faces-84x84/0177.png,polls/wt100_2026/0557_DROPHY_Miss_MERRY_CHRISTMAS.png
559,BLUEGILLY,,Blue_Gilly,False,0841,https://onepiecewt100-2026.com/assets/faces-84x84/0841.png,polls/wt100_2026/0559_BLUEGILLY.png
560,DAEDALUS,,,False,0765,https://onepiecewt100-2026.com/assets/faces-84x84/0765.png,polls/wt100_2026/0560_DAEDALUS.png
560,HOICHAEL,,,False,0397,https://onepiecewt100-2026.com/assets/faces-84x84/0397.png,polls/wt100_2026/0560_HOICHAEL.png
562,HIKOICHI,,Kentauros,True,0209,https://onepiecewt100-2026.com/assets/faces-84x84/0209.png,polls/wt100_2026/0562_HIKOICHI.png
563,MEORMEOW MEORMANI,,,False,1494,https://onepiecewt100-2026.com/assets/faces-84x84/1494.png,polls/wt100_2026/0563_MEORMEOW_MEORMANI.png
563,MINOCHIHUAHUA,,Minochihuahua,False,0786,https://onepiecewt100-2026.com/assets/faces-84x84/0786.png,polls/wt100_2026/0563_MINOCHIHUAHUA.png
565,IVAN X,,Kentauros,True,0205,https://onepiecewt100-2026.com/assets/faces-84x84/0205.png,polls/wt100_2026/0565_IVAN_X.png
566,EARTH BOSS,,Brownbeard,True,0367,https://onepiecewt100-2026.com/assets/faces-84x84/0367.png,polls/wt100_2026/0566_EARTH_BOSS.png
566,UNFORGIVABLE MASK,,,False,0468,https://onepiecewt100-2026.com/assets/faces-84x84/0468.png,polls/wt100_2026/0566_UNFORGIVABLE_MASK.png
568,SHISHILIAN,,Shishilian,False,0923,https://onepiecewt100-2026.com/assets/faces-84x84/0923.png,polls/wt100_2026/0568_SHISHILIAN.png
569,COTTON,,Cotton,False,0868,https://onepiecewt100-2026.com/assets/faces-84x84/0868.png,polls/wt100_2026/0569_COTTON.png
569,RUG BEAR,,,False,0459,https://onepiecewt100-2026.com/assets/faces-84x84/0459.png,polls/wt100_2026/0569_RUG_BEAR.png
571,TERA,,,False,1437,https://onepiecewt100-2026.com/assets/faces-84x84/1437.png,polls/wt100_2026/0571_TERA.png
571,BUNNY JOE,,Bunny_Joe,False,0665,https://onepiecewt100-2026.com/assets/faces-84x84/0665.png,polls/wt100_2026/0571_BUNNY_JOE.png
571,Mr. 7 (PREVIOUS),,Mr._7,False,1558,https://onepiecewt100-2026.com/assets/faces-84x84/1558.png,polls/wt100_2026/0571_Mr_7_PREVIOUS.png
574,ATTACH,,Attach,False,0443,https://onepiecewt100-2026.com/assets/faces-84x84/0443.png,polls/wt100_2026/0574_ATTACH.png
574,ITOMIMIZU,,Itomimizu,False,0340,https://onepiecewt100-2026.com/assets/faces-84x84/0340.png,polls/wt100_2026/0574_ITOMIMIZU.png
574,KUROOBI,,Kuroobi,False,0102,https://onepiecewt100-2026.com/assets/faces-84x84/0102.png,polls/wt100_2026/0574_KUROOBI.png
574,GOMORA,,,False,0392,https://onepiecewt100-2026.com/assets/faces-84x84/0392.png,polls/wt100_2026/0574_GOMORA.png
574,KONG,,Kong,False,0667,https://onepiecewt100-2026.com/assets/faces-84x84/0667.png,polls/wt100_2026/0574_KONG.png
574,CHARLOTTE ANANA,,Charlotte_Anana,False,0978,https://onepiecewt100-2026.com/assets/faces-84x84/0978.png,polls/wt100_2026/0574_CHARLOTTE_ANANA.png
574,HOGBACK,,Hogback,False,0457,https://onepiecewt100-2026.com/assets/faces-84x84/0457.png,polls/wt100_2026/0574_HOGBACK.png
581,UNI,,Uni,False,0929,https://onepiecewt100-2026.com/assets/faces-84x84/0929.png,polls/wt100_2026/0581_UNI.png
581,MOHJI,,Mohji,False,0049,https://onepiecewt100-2026.com/assets/faces-84x84/0049.png,polls/wt100_2026/0581_MOHJI.png
581,YARISUGI,,Yarisugi,False,0797,https://onepiecewt100-2026.com/assets/faces-84x84/0797.png,polls/wt100_2026/0581_YARISUGI.png
584,SOME,,Some,False,1393,https://onepiecewt100-2026.com/assets/faces-84x84/1393.png,polls/wt100_2026/0584_SOME.png
584,OTSURU,,Tsuru,True,1132,https://onepiecewt100-2026.com/assets/faces-84x84/1132.png,polls/wt100_2026/0584_OTSURU.png
584,CLIONE,,Clione,False,0928,https://onepiecewt100-2026.com/assets/faces-84x84/0928.png,polls/wt100_2026/0584_CLIONE.png
587,CERBERUS (Zombie),,Cerberus,False,0452,https://onepiecewt100-2026.com/assets/faces-84x84/0452.png,polls/wt100_2026/0587_CERBERUS_Zombie.png
587,FOURTRICKS,,Fourtricks,False,1360,https://onepiecewt100-2026.com/assets/faces-84x84/1360.png,polls/wt100_2026/0587_FOURTRICKS.png
587,Miss MONDAY,,Miss_Monday,False,0136,https://onepiecewt100-2026.com/assets/faces-84x84/0136.png,polls/wt100_2026/0587_Miss_MONDAY.png
590,STOMP,,Kentauros,True,0204,https://onepiecewt100-2026.com/assets/faces-84x84/0204.png,polls/wt100_2026/0590_STOMP.png
591,SATORI,,Satori,False,0283,https://onepiecewt100-2026.com/assets/faces-84x84/0283.png,polls/wt100_2026/0591_SATORI.png
591,CHOCOLAT (FAKE NAMI),,Fake_Nami,False,0676,https://onepiecewt100-2026.com/assets/faces-84x84/0676.png,polls/wt100_2026/0591_CHOCOLAT_FAKE_NAMI.png
591,Miss FRIDAY,,Miss_Friday,False,0129,https://onepiecewt100-2026.com/assets/faces-84x84/0129.png,polls/wt100_2026/0591_Miss_FRIDAY.png
594,SPARA HEETPACK,,,False,0588,https://onepiecewt100-2026.com/assets/faces-84x84/0588.png,polls/wt100_2026/0594_SPARA_HEETPACK.png
594,CONNEY,,Conney,False,1490,https://onepiecewt100-2026.com/assets/faces-84x84/1490.png,polls/wt100_2026/0594_CONNEY.png
594,NEEDLE GOD,,Needle_God,False,1500,https://onepiecewt100-2026.com/assets/faces-84x84/1500.png,polls/wt100_2026/0594_NEEDLE_GOD.png
594,BOA.MARIGOLD,,Boa_Marigold,False,0553,https://onepiecewt100-2026.com/assets/faces-84x84/0553.png,polls/wt100_2026/0594_BOA_MARIGOLD.png
598,JOHANNA,,Johanna,False,1516,https://onepiecewt100-2026.com/assets/faces-84x84/1516.png,polls/wt100_2026/0598_JOHANNA.png
599,BOSS,,Brownbeard,True,0251,https://onepiecewt100-2026.com/assets/faces-84x84/0251.png,polls/wt100_2026/0599_BOSS.png
599,CHARLOTTE OPERA,,Charlotte_Opera,False,0971,https://onepiecewt100-2026.com/assets/faces-84x84/0971.png,polls/wt100_2026/0599_CHARLOTTE_OPERA.png
599,NASH,,Nash,False,1535,https://onepiecewt100-2026.com/assets/faces-84x84/1535.png,polls/wt100_2026/0599_NASH.png
599,RIKU DOLDO III (RICKY),,Riku_Doldo_III,False,0843,https://onepiecewt100-2026.com/assets/faces-84x84/0843.png,polls/wt100_2026/0599_RIKU_DOLDO_III_RICKY.png
603,ALADDIN,,,False,0743,https://onepiecewt100-2026.com/assets/faces-84x84/0743.png,polls/wt100_2026/0603_ALADDIN.png
603,100 DOCTORS (20 DOCTORS),,,False,0164,https://onepiecewt100-2026.com/assets/faces-84x84/0164.png,polls/wt100_2026/0603_100_DOCTORS_20_DOCTORS.png
603,BOODLE,,Boodle,False,0052,https://onepiecewt100-2026.com/assets/faces-84x84/0052.png,polls/wt100_2026/0603_BOODLE.png
606,TURK (FAKE FRANKY),,Turco,False,0677,https://onepiecewt100-2026.com/assets/faces-84x84/0677.png,polls/wt100_2026/0606_TURK_FAKE_FRANKY.png
607,SEA MONKEY,,,False,0329,https://onepiecewt100-2026.com/assets/faces-84x84/0329.png,polls/wt100_2026/0607_SEA_MONKEY.png
608,HACK (FISH-MAN),,Hack,False,0844,https://onepiecewt100-2026.com/assets/faces-84x84/0844.png,polls/wt100_2026/0608_HACK_FISH_MAN.png
608,BARIETE,,Bariete,False,0935,https://onepiecewt100-2026.com/assets/faces-84x84/0935.png,polls/wt100_2026/0608_BARIETE.png
610,VEGAFORCE-01,,,False,1426,https://onepiecewt100-2026.com/assets/faces-84x84/1426.png,polls/wt100_2026/0610_VEGAFORCE_01.png
611,HAPPA YAMAO,,Happa_Yamao,False,0383,https://onepiecewt100-2026.com/assets/faces-84x84/0383.png,polls/wt100_2026/0611_HAPPA_YAMAO.png
611,BABE (Mr. 4),,Babe,False,0178,https://onepiecewt100-2026.com/assets/faces-84x84/0178.png,polls/wt100_2026/0611_BABE_Mr_4.png
611,RED KING,,Red_King,False,1457,https://onepiecewt100-2026.com/assets/faces-84x84/1457.png,polls/wt100_2026/0611_RED_KING.png
614,SNOWBIRD,,,False,0165,https://onepiecewt100-2026.com/assets/faces-84x84/0165.png,polls/wt100_2026/0614_SNOWBIRD.png
615,SEA DOG PATROLMAN,,,False,0886,https://onepiecewt100-2026.com/assets/faces-84x84/0886.png,polls/wt100_2026/0615_SEA_DOG_PATROLMAN.png
615,ROSHIO,,Roshio,False,0233,https://onepiecewt100-2026.com/assets/faces-84x84/0233.png,polls/wt100_2026/0615_ROSHIO.png
617,CHARLOTTE FLAMPE,,Charlotte_Flampe,False,1048,https://onepiecewt100-2026.com/assets/faces-84x84/1048.png,polls/wt100_2026/0617_CHARLOTTE_FLAMPE.png
617,NIGHTCRAB-GIRL,,Nightcrab_Girl,False,1341,https://onepiecewt100-2026.com/assets/faces-84x84/1341.png,polls/wt100_2026/0617_NIGHTCRAB_GIRL.png
617,RAKUYO,,Rakuyo,False,0609,https://onepiecewt100-2026.com/assets/faces-84x84/0609.png,polls/wt100_2026/0617_RAKUYO.png
620,TOKIKAKE (CHATON),,Tokikake,False,1104,https://onepiecewt100-2026.com/assets/faces-84x84/1104.png,polls/wt100_2026/0620_TOKIKAKE_CHATON.png
620,NORTH BIRD,,,False,0768,https://onepiecewt100-2026.com/assets/faces-84x84/0768.png,polls/wt100_2026/0620_NORTH_BIRD.png
620,PEPPER,,,False,0060,https://onepiecewt100-2026.com/assets/faces-84x84/0060.png,polls/wt100_2026/0620_PEPPER.png
623,SERAPHIM (GECKO MORIA),,Gecko_Moria,True,1470,https://onepiecewt100-2026.com/assets/faces-84x84/1470.png,polls/wt100_2026/0623_SERAPHIM_GECKO_MORIA.png
623,SNAILS,,,False,1146,https://onepiecewt100-2026.com/assets/faces-84x84/1146.png,polls/wt100_2026/0623_SNAILS.png
625,CHARLOTTE DAIFUKU,,Charlotte_Daifuku,False,1016,https://onepiecewt100-2026.com/assets/faces-84x84/1016.png,polls/wt100_2026/0625_CHARLOTTE_DAIFUKU.png
625,MOUNBLETEN (FAKE SOGE KING),,Fake_Sogeking,False,0678,https://onepiecewt100-2026.com/assets/faces-84x84/0678.png,polls/wt100_2026/0625_MOUNBLETEN_FAKE_SOGE_KING.png
627,LOHKEE CLOWNIN,,,False,0621,https://onepiecewt100-2026.com/assets/faces-84x84/0621.png,polls/wt100_2026/0627_LOHKEE_CLOWNIN.png
627,BAN DEDESSINÉE,,Ban_Dedessinée,False,1109,https://onepiecewt100-2026.com/assets/faces-84x84/1109.png,polls/wt100_2026/0627_BAN_DEDESSIN_E.png
629,DOBBY IBADONBO,,Dobby_Ibadonbo,False,0579,https://onepiecewt100-2026.com/assets/faces-84x84/0579.png,polls/wt100_2026/0629_DOBBY_IBADONBO.png
629,BUNCH,,,False,0181,https://onepiecewt100-2026.com/assets/faces-84x84/0181.png,polls/wt100_2026/0629_BUNCH.png
631,CHARLOTTE MASCARPONE,,Charlotte_Mascarpone,False,1045,https://onepiecewt100-2026.com/assets/faces-84x84/1045.png,polls/wt100_2026/0631_CHARLOTTE_MASCARPONE.png
631,STANSEN,,Stansen,False,0524,https://onepiecewt100-2026.com/assets/faces-84x84/0524.png,polls/wt100_2026/0631_STANSEN.png
631,TERRY GILTEO,,Terry_Gilteo,False,0450,https://onepiecewt100-2026.com/assets/faces-84x84/0450.png,polls/wt100_2026/0631_TERRY_GILTEO.png
634,ABDULLAH,,Abdullah,False,0820,https://onepiecewt100-2026.com/assets/faces-84x84/0820.png,polls/wt100_2026/0634_ABDULLAH.png
634,SEA KITTEN,,,False,0885,https://onepiecewt100-2026.com/assets/faces-84x84/0885.png,polls/wt100_2026/0634_SEA_KITTEN.png
634,HAMLET,,Hamlet,False,1359,https://onepiecewt100-2026.com/assets/faces-84x84/1359.png,polls/wt100_2026/0634_HAMLET.png
634,HIROSHI,,Hiroshi,False,1140,https://onepiecewt100-2026.com/assets/faces-84x84/1140.png,polls/wt100_2026/0634_HIROSHI.png
638,SAIKORO,,Saikoro,False,1141,https://onepiecewt100-2026.com/assets/faces-84x84/1141.png,polls/wt100_2026/0638_SAIKORO.png
638,KITETSU III (SWORD),,,False,1174,https://onepiecewt100-2026.com/assets/faces-84x84/1174.png,polls/wt100_2026/0638_KITETSU_III_SWORD.png
638,BASKERVILLE,,Baskerville,False,0407,https://onepiecewt100-2026.com/assets/faces-84x84/0407.png,polls/wt100_2026/0638_BASKERVILLE.png
641,BUCKINGHAM STUSSY,,Buckingham_Stussy,False,0907,https://onepiecewt100-2026.com/assets/faces-84x84/0907.png,polls/wt100_2026/0641_BUCKINGHAM_STUSSY.png
641,MAHA,,Maha,False,1374,https://onepiecewt100-2026.com/assets/faces-84x84/1374.png,polls/wt100_2026/0641_MAHA.png
643,GION (MOMOUSAGI),,Gion,False,1105,https://onepiecewt100-2026.com/assets/faces-84x84/1105.png,polls/wt100_2026/0643_GION_MOMOUSAGI.png
643,SPOIL,,Spoil,False,0461,https://onepiecewt100-2026.com/assets/faces-84x84/0461.png,polls/wt100_2026/0643_SPOIL.png
643,SOUL SOLID (SWORD),,,False,1309,https://onepiecewt100-2026.com/assets/faces-84x84/1309.png,polls/wt100_2026/0643_SOUL_SOLID_SWORD.png
643,BANKINA,,,False,0070,https://onepiecewt100-2026.com/assets/faces-84x84/0070.png,polls/wt100_2026/0643_BANKINA.png
643,MIZERKA,,Mizerka,False,1361,https://onepiecewt100-2026.com/assets/faces-84x84/1361.png,polls/wt100_2026/0643_MIZERKA.png
648,MUSSE,,,False,0316,https://onepiecewt100-2026.com/assets/faces-84x84/0316.png,polls/wt100_2026/0648_MUSSE.png
649,COCOA (FAKE ROBIN),,Fake_Robin,False,0681,https://onepiecewt100-2026.com/assets/faces-84x84/0681.png,polls/wt100_2026/0649_COCOA_FAKE_ROBIN.png
649,TAMAGON,,Tamagon,False,0363,https://onepiecewt100-2026.com/assets/faces-84x84/0363.png,polls/wt100_2026/0649_TAMAGON.png
649,PEEPLEY LULU,,Peepley_Lulu,False,0374,https://onepiecewt100-2026.com/assets/faces-84x84/0374.png,polls/wt100_2026/0649_PEEPLEY_LULU.png
652,SAM,,Sam,False,0109,https://onepiecewt100-2026.com/assets/faces-84x84/0109.png,polls/wt100_2026/0652_SAM.png
652,JERRY,,Jerry,False,0390,https://onepiecewt100-2026.com/assets/faces-84x84/0390.png,polls/wt100_2026/0652_JERRY.png
652,CHARLOTTE RAISIN,,Charlotte_Raisin,False,1062,https://onepiecewt100-2026.com/assets/faces-84x84/1062.png,polls/wt100_2026/0652_CHARLOTTE_RAISIN.png
655,ALPHA,,Alpha,False,1491,https://onepiecewt100-2026.com/assets/faces-84x84/1491.png,polls/wt100_2026/0655_ALPHA.png
655,MINOTAURUS,,Minotaurus,False,0580,https://onepiecewt100-2026.com/assets/faces-84x84/0580.png,polls/wt100_2026/0655_MINOTAURUS.png
657,MIYAGI,,Miyagi,False,0917,https://onepiecewt100-2026.com/assets/faces-84x84/0917.png,polls/wt100_2026/0657_MIYAGI.png
658,CENTAUR,,,False,0208,https://onepiecewt100-2026.com/assets/faces-84x84/0208.png,polls/wt100_2026/0658_CENTAUR.png
658,CHARLOTTE MYUKURU,,Charlotte_Myukuru,False,0973,https://onepiecewt100-2026.com/assets/faces-84x84/0973.png,polls/wt100_2026/0658_CHARLOTTE_MYUKURU.png
660,NONDAY,,,False,0766,https://onepiecewt100-2026.com/assets/faces-84x84/0766.png,polls/wt100_2026/0660_NONDAY.png
660,PROMETHEUS,,Prometheus,False,0996,https://onepiecewt100-2026.com/assets/faces-84x84/0996.png,polls/wt100_2026/0660_PROMETHEUS.png
662,CERBERUS (SWORD),,Cerberus,True,1520,https://onepiecewt100-2026.com/assets/faces-84x84/1520.png,polls/wt100_2026/0662_CERBERUS_SWORD.png
662,ZAMBAI,,Zambai,False,0360,https://onepiecewt100-2026.com/assets/faces-84x84/0360.png,polls/wt100_2026/0662_ZAMBAI.png
662,DOMA,,Doma,False,0623,https://onepiecewt100-2026.com/assets/faces-84x84/0623.png,polls/wt100_2026/0662_DOMA.png
665,BUCKOX,,,False,0056,https://onepiecewt100-2026.com/assets/faces-84x84/0056.png,polls/wt100_2026/0665_BUCKOX.png
665,STRAWBERRY,,Strawberry,False,0435,https://onepiecewt100-2026.com/assets/faces-84x84/0435.png,polls/wt100_2026/0665_STRAWBERRY.png
665,DONOVAN,,Donovan,False,0350,https://onepiecewt100-2026.com/assets/faces-84x84/0350.png,polls/wt100_2026/0665_DONOVAN.png
665,BB (BLACK BACK),,Blackback,False,0912,https://onepiecewt100-2026.com/assets/faces-84x84/0912.png,polls/wt100_2026/0665_BB_BLACK_BACK.png
669,EXTRA GIRL (SWORD),,,False,1275,https://onepiecewt100-2026.com/assets/faces-84x84/1275.png,polls/wt100_2026/0669_EXTRA_GIRL_SWORD.png
669,GATHERINE,,Gatherine,False,0406,https://onepiecewt100-2026.com/assets/faces-84x84/0406.png,polls/wt100_2026/0669_GATHERINE.png
669,BOXER,,,False,0286,https://onepiecewt100-2026.com/assets/faces-84x84/0286.png,polls/wt100_2026/0669_BOXER.png
669,BLUE GORILLAS (BLUGORI),,Gorilla,False,0568,https://onepiecewt100-2026.com/assets/faces-84x84/0568.png,polls/wt100_2026/0669_BLUE_GORILLAS_BLUGORI.png
669,MARMIETA,,Marumieta,False,0444,https://onepiecewt100-2026.com/assets/faces-84x84/0444.png,polls/wt100_2026/0669_MARMIETA.png
674,ANJO,,Anjo,False,0015,https://onepiecewt100-2026.com/assets/faces-84x84/0015.png,polls/wt100_2026/0674_ANJO.png
674,OOK-OOK,,,False,0905,https://onepiecewt100-2026.com/assets/faces-84x84/0905.png,polls/wt100_2026/0674_OOK_OOK.png
674,ESTRID,,Estrid,False,1541,https://onepiecewt100-2026.com/assets/faces-84x84/1541.png,polls/wt100_2026/0674_ESTRID.png
674,DISC J,,Disc_J,False,1408,https://onepiecewt100-2026.com/assets/faces-84x84/1408.png,polls/wt100_2026/0674_DISC_J.png
674,BLAMENCO,,Blamenco,False,0613,https://onepiecewt100-2026.com/assets/faces-84x84/0613.png,polls/wt100_2026/0674_BLAMENCO.png
674,RUSSIAN,,Russian,False,0899,https://onepiecewt100-2026.com/assets/faces-84x84/0899.png,polls/wt100_2026/0674_RUSSIAN.png
680,MCGUY,,McGuy,False,0624,https://onepiecewt100-2026.com/assets/faces-84x84/0624.png,polls/wt100_2026/0680_MCGUY.png
680,Miss KATHERINA,,,False,0132,https://onepiecewt100-2026.com/assets/faces-84x84/0132.png,polls/wt100_2026/0680_Miss_KATHERINA.png
680,Mr. MOTZEL,,Motzel,False,0074,https://onepiecewt100-2026.com/assets/faces-84x84/0074.png,polls/wt100_2026/0680_Mr_MOTZEL.png
683,SEA ANTS,,,False,0949,https://onepiecewt100-2026.com/assets/faces-84x84/0949.png,polls/wt100_2026/0683_SEA_ANTS.png
683,KINGDEW,,Kingdew,False,0635,https://onepiecewt100-2026.com/assets/faces-84x84/0635.png,polls/wt100_2026/0683_KINGDEW.png
683,SHUSUI (SWORD),,,False,1175,https://onepiecewt100-2026.com/assets/faces-84x84/1175.png,polls/wt100_2026/0683_SHUSUI_SWORD.png
683,Mrs. CHICKEN,,Chicken,False,0025,https://onepiecewt100-2026.com/assets/faces-84x84/0025.png,polls/wt100_2026/0683_Mrs_CHICKEN.png
683,Dr. INDIGO,,,False,1557,https://onepiecewt100-2026.com/assets/faces-84x84/1557.png,polls/wt100_2026/0683_Dr_INDIGO.png
683,DRAGON NUMBER THIRTEEN,,Dragon_Number_Thirteen,False,0777,https://onepiecewt100-2026.com/assets/faces-84x84/0777.png,polls/wt100_2026/0683_DRAGON_NUMBER_THIRTEEN.png
683,RAINBOW MORAY BROTHERS,,,False,0330,https://onepiecewt100-2026.com/assets/faces-84x84/0330.png,polls/wt100_2026/0683_RAINBOW_MORAY_BROTHERS.png
683,NAPOLEON,,Napoleon,False,0995,https://onepiecewt100-2026.com/assets/faces-84x84/0995.png,polls/wt100_2026/0683_NAPOLEON.png
683,BENT,,Bent,False,1537,https://onepiecewt100-2026.com/assets/faces-84x84/1537.png,polls/wt100_2026/0683_BENT.png
692,GINA,,Gina,False,0351,https://onepiecewt100-2026.com/assets/faces-84x84/0351.png,polls/wt100_2026/0692_GINA.png
692,JEET,,Jeet,False,0821,https://onepiecewt100-2026.com/assets/faces-84x84/0821.png,polls/wt100_2026/0692_JEET.png
694,AMAZON,,Amazon,False,0276,https://onepiecewt100-2026.com/assets/faces-84x84/0276.png,polls/wt100_2026/0694_AMAZON.png
694,CHARLOTTE KATO,,Charlotte_Kato,False,1000,https://onepiecewt100-2026.com/assets/faces-84x84/1000.png,polls/wt100_2026/0694_CHARLOTTE_KATO.png
694,TIBBANY,,Tibany,False,0560,https://onepiecewt100-2026.com/assets/faces-84x84/0560.png,polls/wt100_2026/0694_TIBBANY.png
694,CARRIER BAT,,,False,0666,https://onepiecewt100-2026.com/assets/faces-84x84/0666.png,polls/wt100_2026/0694_CARRIER_BAT.png
694,FARUL,,Farul,False,0870,https://onepiecewt100-2026.com/assets/faces-84x84/0870.png,polls/wt100_2026/0694_FARUL.png
699,LIZARD RUNNERS,,,False,0182,https://onepiecewt100-2026.com/assets/faces-84x84/0182.png,polls/wt100_2026/0699_LIZARD_RUNNERS.png
699,OHM,,Ohm,False,0294,https://onepiecewt100-2026.com/assets/faces-84x84/0294.png,polls/wt100_2026/0699_OHM.png
699,JOHN GIANT,,John_Giant,False,0113,https://onepiecewt100-2026.com/assets/faces-84x84/0113.png,polls/wt100_2026/0699_JOHN_GIANT.png
699,MORNIN,,Mornin,False,0058,https://onepiecewt100-2026.com/assets/faces-84x84/0058.png,polls/wt100_2026/0699_MORNIN.png
703,BAT-MAN,,Batman,False,1135,https://onepiecewt100-2026.com/assets/faces-84x84/1135.png,polls/wt100_2026/0703_BAT_MAN.png
704,PURINPURIN,,,False,0105,https://onepiecewt100-2026.com/assets/faces-84x84/0105.png,polls/wt100_2026/0704_PURINPURIN.png
705,KASHIGAMI,,Kashigami,False,0319,https://onepiecewt100-2026.com/assets/faces-84x84/0319.png,polls/wt100_2026/0705_KASHIGAMI.png
706,SOLA,,,False,0716,https://onepiecewt100-2026.com/assets/faces-84x84/0716.png,polls/wt100_2026/0706_SOLA.png
706,TERRACOTTA,,Terracotta,False,0225,https://onepiecewt100-2026.com/assets/faces-84x84/0225.png,polls/wt100_2026/0706_TERRACOTTA.png
706,Dr. FISHBONEN,,Dr._Fishbonen,False,0668,https://onepiecewt100-2026.com/assets/faces-84x84/0668.png,polls/wt100_2026/0706_Dr_FISHBONEN.png
709,ZEPO,,Zepo,False,0994,https://onepiecewt100-2026.com/assets/faces-84x84/0994.png,polls/wt100_2026/0709_ZEPO.png
710,IDEAMAN,,Ideaman,False,0087,https://onepiecewt100-2026.com/assets/faces-84x84/0087.png,polls/wt100_2026/0710_IDEAMAN.png
710,CHARLOTTE NUSSTORTE,,Charlotte_Nusstorte,False,1073,https://onepiecewt100-2026.com/assets/faces-84x84/1073.png,polls/wt100_2026/0710_CHARLOTTE_NUSSTORTE.png
710,HAMMOND,,Hammond,False,0708,https://onepiecewt100-2026.com/assets/faces-84x84/0708.png,polls/wt100_2026/0710_HAMMOND.png
710,MICHAEL,,,False,0396,https://onepiecewt100-2026.com/assets/faces-84x84/0396.png,polls/wt100_2026/0710_MICHAEL.png
714,St. DONQUIXOTE HOMING,,Donquixote_Homing,False,0894,https://onepiecewt100-2026.com/assets/faces-84x84/0894.png,polls/wt100_2026/0714_St_DONQUIXOTE_HOMING.png
714,BUFFALO,,Buffalo,False,0803,https://onepiecewt100-2026.com/assets/faces-84x84/0803.png,polls/wt100_2026/0714_BUFFALO.png
714,BRANNEW,,Brannew,False,0112,https://onepiecewt100-2026.com/assets/faces-84x84/0112.png,polls/wt100_2026/0714_BRANNEW.png
717,SOLO,,,False,0035,https://onepiecewt100-2026.com/assets/faces-84x84/0035.png,polls/wt100_2026/0717_SOLO.png
717,FOSSA,,Fossa,False,0611,https://onepiecewt100-2026.com/assets/faces-84x84/0611.png,polls/wt100_2026/0717_FOSSA.png
719,HIRAMELA,,,False,0725,https://onepiecewt100-2026.com/assets/faces-84x84/0725.png,polls/wt100_2026/0719_HIRAMELA.png
720,CHARLOTTE MOSCATO,,Charlotte_Moscato,False,0946,https://onepiecewt100-2026.com/assets/faces-84x84/0946.png,polls/wt100_2026/0720_CHARLOTTE_MOSCATO.png
720,MOTOBARO,,Motobaro,False,0494,https://onepiecewt100-2026.com/assets/faces-84x84/0494.png,polls/wt100_2026/0720_MOTOBARO.png
720,RYUBOSHI,,Ryuboshi,False,0711,https://onepiecewt100-2026.com/assets/faces-84x84/0711.png,polls/wt100_2026/0720_RYUBOSHI.png
723,SAMURAI BATTS,,Samurai_Batts,False,0144,https://onepiecewt100-2026.com/assets/faces-84x84/0144.png,polls/wt100_2026/0723_SAMURAI_BATTS.png
723,CHARLOTTE CADENZA,,Charlotte_Cadenza,False,0975,https://onepiecewt100-2026.com/assets/faces-84x84/0975.png,polls/wt100_2026/0723_CHARLOTTE_CADENZA.png
723,HIP,,Hip,False,1398,https://onepiecewt100-2026.com/assets/faces-84x84/1398.png,polls/wt100_2026/0723_HIP.png
726,GOLDEN RHINOCEROS BEETLES (YELLOW CUBS),,,False,0862,https://onepiecewt100-2026.com/assets/faces-84x84/0862.png,polls/wt100_2026/0726_GOLDEN_RHINOCEROS_BEETLES_YELLOW_CUBS.png
726,KUWEEN,,,False,0891,https://onepiecewt100-2026.com/assets/faces-84x84/0891.png,polls/wt100_2026/0726_KUWEEN.png
726,SARAHEBI,,Sarahebi,False,1155,https://onepiecewt100-2026.com/assets/faces-84x84/1155.png,polls/wt100_2026/0726_SARAHEBI.png
726,Dr. BLACKBEARD,,Marshall_D._Teach,True,0310,https://onepiecewt100-2026.com/assets/faces-84x84/0310.png,polls/wt100_2026/0726_Dr_BLACKBEARD.png
726,TERRITORIAL SEA SLUGS,,,False,0941,https://onepiecewt100-2026.com/assets/faces-84x84/0941.png,polls/wt100_2026/0726_TERRITORIAL_SEA_SLUGS.png
731,GOHNGEDDIT JUANPEACE,,,False,1298,https://onepiecewt100-2026.com/assets/faces-84x84/1298.png,polls/wt100_2026/0731_GOHNGEDDIT_JUANPEACE.png
732,EASTERN BIRD,,,False,0770,https://onepiecewt100-2026.com/assets/faces-84x84/0770.png,polls/wt100_2026/0732_EASTERN_BIRD.png
732,WESTERN BIRD,,,False,0769,https://onepiecewt100-2026.com/assets/faces-84x84/0769.png,polls/wt100_2026/0732_WESTERN_BIRD.png
732,TATE,,Tate,False,0267,https://onepiecewt100-2026.com/assets/faces-84x84/0267.png,polls/wt100_2026/0732_TATE.png
732,Mr. 7,,Mr._7,True,0220,https://onepiecewt100-2026.com/assets/faces-84x84/0220.png,polls/wt100_2026/0732_Mr_7.png
736,ANTONIO,,Antonio,False,0495,https://onepiecewt100-2026.com/assets/faces-84x84/0495.png,polls/wt100_2026/0736_ANTONIO.png
736,KOTATSU,,Kotatsu,False,1368,https://onepiecewt100-2026.com/assets/faces-84x84/1368.png,polls/wt100_2026/0736_KOTATSU.png
736,SWEET PEA,,Sweet_Pea,False,0536,https://onepiecewt100-2026.com/assets/faces-84x84/0536.png,polls/wt100_2026/0736_SWEET_PEA.png
736,SPEED JIL,,,False,0608,https://onepiecewt100-2026.com/assets/faces-84x84/0608.png,polls/wt100_2026/0736_SPEED_JIL.png
740,GIMLET,,Gimlet,False,0900,https://onepiecewt100-2026.com/assets/faces-84x84/0900.png,polls/wt100_2026/0740_GIMLET.png
740,KOZUKI SUKIYAKI (TENGUYAMA HITETSU),,Tenguyama_Hitetsu,False,1126,https://onepiecewt100-2026.com/assets/faces-84x84/1126.png,polls/wt100_2026/0740_KOZUKI_SUKIYAKI_TENGUYAMA_HITETSU.png
740,CHARLOTTE JOSCARPONE,,Charlotte_Joscarpone,False,1046,https://onepiecewt100-2026.com/assets/faces-84x84/1046.png,polls/wt100_2026/0740_CHARLOTTE_JOSCARPONE.png
740,HOP,,Hop,False,1406,https://onepiecewt100-2026.com/assets/faces-84x84/1406.png,polls/wt100_2026/0740_HOP.png
740,"LIP ""SERVICE"" DOUGHTY",,,False,0705,https://onepiecewt100-2026.com/assets/faces-84x84/0705.png,polls/wt100_2026/0740_LIP_SERVICE_DOUGHTY.png
745,GIG,,Gig,False,1403,https://onepiecewt100-2026.com/assets/faces-84x84/1403.png,polls/wt100_2026/0745_GIG.png
745,ARISTOCROC,,,False,0950,https://onepiecewt100-2026.com/assets/faces-84x84/0950.png,polls/wt100_2026/0745_ARISTOCROC.png
745,LOCAL SEA MONSTER (Long Ring Long Land),,Monster,True,0353,https://onepiecewt100-2026.com/assets/faces-84x84/0353.png,polls/wt100_2026/0745_LOCAL_SEA_MONSTER_Long_Ring_Long_Land.png
745,NAY MINGHEIM,,,False,1242,https://onepiecewt100-2026.com/assets/faces-84x84/1242.png,polls/wt100_2026/0745_NAY_MINGHEIM.png
745,HILDON,,Hildon,False,0453,https://onepiecewt100-2026.com/assets/faces-84x84/0453.png,polls/wt100_2026/0745_HILDON.png
750,SHIMOTSUKI KOZABURO,,Shimotsuki_Kouzaburou,False,1269,https://onepiecewt100-2026.com/assets/faces-84x84/1269.png,polls/wt100_2026/0750_SHIMOTSUKI_KOZABURO.png
750,SNOW QUEEN,,Queen,True,0131,https://onepiecewt100-2026.com/assets/faces-84x84/0131.png,polls/wt100_2026/0750_SNOW_QUEEN.png
750,BABURU,,Baburu,False,0801,https://onepiecewt100-2026.com/assets/faces-84x84/0801.png,polls/wt100_2026/0750_BABURU.png
750,MJURE,,,False,0243,https://onepiecewt100-2026.com/assets/faces-84x84/0243.png,polls/wt100_2026/0750_MJURE.png
754,CAPTAIN SEAMARS,,Seamars,False,0449,https://onepiecewt100-2026.com/assets/faces-84x84/0449.png,polls/wt100_2026/0754_CAPTAIN_SEAMARS.png
754,PANSHARK,,,False,0090,https://onepiecewt100-2026.com/assets/faces-84x84/0090.png,polls/wt100_2026/0754_PANSHARK.png
756,DRAGON NUMBER TWENTY-ONE,,Dragon_Number_Twenty-One,False,0798,https://onepiecewt100-2026.com/assets/faces-84x84/0798.png,polls/wt100_2026/0756_DRAGON_NUMBER_TWENTY_ONE.png
757,BLACK BLADE NIGHT LADY (SWORD),,,False,1274,https://onepiecewt100-2026.com/assets/faces-84x84/1274.png,polls/wt100_2026/0757_BLACK_BLADE_NIGHT_LADY_SWORD.png
757,DOGURA,,Dogra,False,0652,https://onepiecewt100-2026.com/assets/faces-84x84/0652.png,polls/wt100_2026/0757_DOGURA.png
757,PASIA,,Pascia,False,0526,https://onepiecewt100-2026.com/assets/faces-84x84/0526.png,polls/wt100_2026/0757_PASIA.png
757,MINOKOALA,,Minokoala,False,0586,https://onepiecewt100-2026.com/assets/faces-84x84/0586.png,polls/wt100_2026/0757_MINOKOALA.png
761,CHARLOTTE DRAGEE,,Charlotte_Dragée,False,0980,https://onepiecewt100-2026.com/assets/faces-84x84/0980.png,polls/wt100_2026/0761_CHARLOTTE_DRAGEE.png
761,JUSTY TINBREAD,,,False,0566,https://onepiecewt100-2026.com/assets/faces-84x84/0566.png,polls/wt100_2026/0761_JUSTY_TINBREAD.png
761,FLAPPER,,Flapper,False,0852,https://onepiecewt100-2026.com/assets/faces-84x84/0852.png,polls/wt100_2026/0761_FLAPPER.png
761,YAMA,,Yama,False,0296,https://onepiecewt100-2026.com/assets/faces-84x84/0296.png,polls/wt100_2026/0761_YAMA.png
765,CURIEL,,Curiel,False,0607,https://onepiecewt100-2026.com/assets/faces-84x84/0607.png,polls/wt100_2026/0765_CURIEL.png
765,JIGORO,,Jigoro,False,0474,https://onepiecewt100-2026.com/assets/faces-84x84/0474.png,polls/wt100_2026/0765_JIGORO.png
765,SQUARD,,Squard,False,0594,https://onepiecewt100-2026.com/assets/faces-84x84/0594.png,polls/wt100_2026/0765_SQUARD.png
765,CHUCHUN,,Chuchun,False,0341,https://onepiecewt100-2026.com/assets/faces-84x84/0341.png,polls/wt100_2026/0765_CHUCHUN.png
765,EXPRESS LOBSTER,,,False,0277,https://onepiecewt100-2026.com/assets/faces-84x84/0277.png,polls/wt100_2026/0765_EXPRESS_LOBSTER.png
765,HAMBURG,,Hamburg,False,0338,https://onepiecewt100-2026.com/assets/faces-84x84/0338.png,polls/wt100_2026/0765_HAMBURG.png
765,SORCERY CLIMA-TACT (Anthropomorphized Form),,,False,1376,https://onepiecewt100-2026.com/assets/faces-84x84/1376.png,polls/wt100_2026/0765_SORCERY_CLIMA_TACT_Anthropomorphized_Form.png
765,YUKI,,Yuki,False,0150,https://onepiecewt100-2026.com/assets/faces-84x84/0150.png,polls/wt100_2026/0765_YUKI.png
773,OIMO,,Oimo,False,0405,https://onepiecewt100-2026.com/assets/faces-84x84/0405.png,polls/wt100_2026/0773_OIMO.png
773,CANCER,,Cancer,False,0259,https://onepiecewt100-2026.com/assets/faces-84x84/0259.png,polls/wt100_2026/0773_CANCER.png
773,STELLA LIVE,,,False,0902,https://onepiecewt100-2026.com/assets/faces-84x84/0902.png,polls/wt100_2026/0773_STELLA_LIVE.png
773,MINATOMO (Wano),,Minatomo,True,1113,https://onepiecewt100-2026.com/assets/faces-84x84/1113.png,polls/wt100_2026/0773_MINATOMO_Wano.png
777,ATMOS,,Atmos,False,0615,https://onepiecewt100-2026.com/assets/faces-84x84/0615.png,polls/wt100_2026/0777_ATMOS.png
777,RYCE,,,False,0245,https://onepiecewt100-2026.com/assets/faces-84x84/0245.png,polls/wt100_2026/0777_RYCE.png
777,KASHII,,Kashii,False,0404,https://onepiecewt100-2026.com/assets/faces-84x84/0404.png,polls/wt100_2026/0777_KASHII.png
777,KELLY FUNK,,Kelly_Funk,False,0815,https://onepiecewt100-2026.com/assets/faces-84x84/0815.png,polls/wt100_2026/0777_KELLY_FUNK.png
777,CONCELOT,,Concelot,False,0926,https://onepiecewt100-2026.com/assets/faces-84x84/0926.png,polls/wt100_2026/0777_CONCELOT.png
777,DOSUN,,Dosun,False,0721,https://onepiecewt100-2026.com/assets/faces-84x84/0721.png,polls/wt100_2026/0777_DOSUN.png
777,NEFELTARI TITI,,Nefertari_Titi,False,0229,https://onepiecewt100-2026.com/assets/faces-84x84/0229.png,polls/wt100_2026/0777_NEFELTARI_TITI.png
777,BLENHEIM,,Blenheim,False,0610,https://onepiecewt100-2026.com/assets/faces-84x84/0610.png,polls/wt100_2026/0777_BLENHEIM.png
777,HIGH-SPEED FOX,,,False,0866,https://onepiecewt100-2026.com/assets/faces-84x84/0866.png,polls/wt100_2026/0777_HIGH_SPEED_FOX.png
786,CAPOTE,,Capote,False,0342,https://onepiecewt100-2026.com/assets/faces-84x84/0342.png,polls/wt100_2026/0786_CAPOTE.png
786,WAKASA,,Wakasa,False,1139,https://onepiecewt100-2026.com/assets/faces-84x84/1139.png,polls/wt100_2026/0786_WAKASA.png
788,VICTIMOTHY CRUCIFIXIO,,,False,0669,https://onepiecewt100-2026.com/assets/faces-84x84/0669.png,polls/wt100_2026/0788_VICTIMOTHY_CRUCIFIXIO.png
789,GOLDFISH PRINCESS,,Goldfish_Princess,False,0211,https://onepiecewt100-2026.com/assets/faces-84x84/0211.png,polls/wt100_2026/0789_GOLDFISH_PRINCESS.png
789,GRYPHON (SWORD),,,False,1259,https://onepiecewt100-2026.com/assets/faces-84x84/1259.png,polls/wt100_2026/0789_GRYPHON_SWORD.png
789,DAGAMA,,Dagama,False,0817,https://onepiecewt100-2026.com/assets/faces-84x84/0817.png,polls/wt100_2026/0789_DAGAMA.png
789,TAROIMO,,Taroimo,False,0559,https://onepiecewt100-2026.com/assets/faces-84x84/0559.png,polls/wt100_2026/0789_TAROIMO.png
789,DEN,,Den,False,0735,https://onepiecewt100-2026.com/assets/faces-84x84/0735.png,polls/wt100_2026/0789_DEN.png
789,TORASABURO,,Torasaburo,False,0934,https://onepiecewt100-2026.com/assets/faces-84x84/0934.png,polls/wt100_2026/0789_TORASABURO.png
789,YAMA (BOAR),,Yama,True,1293,https://onepiecewt100-2026.com/assets/faces-84x84/1293.png,polls/wt100_2026/0789_YAMA_BOAR.png
796,NIDHÖGGR (SLEEPTID),,,False,1528,https://onepiecewt100-2026.com/assets/faces-84x84/1528.png,polls/wt100_2026/0796_NIDH_GGR_SLEEPTID.png
796,PIPER,,Piper,False,1505,https://onepiecewt100-2026.com/assets/faces-84x84/1505.png,polls/wt100_2026/0796_PIPER.png
796,BUCHI,,Buchi,False,0068,https://onepiecewt100-2026.com/assets/faces-84x84/0068.png,polls/wt100_2026/0796_BUCHI.png
796,BLACK (Anthropomorphized Black Kabuto),,,False,1409,https://onepiecewt100-2026.com/assets/faces-84x84/1409.png,polls/wt100_2026/0796_BLACK_Anthropomorphized_Black_Kabuto.png
800,CHARLOTTE DOLCE,,Charlotte_Dragée,True,0979,https://onepiecewt100-2026.com/assets/faces-84x84/0979.png,polls/wt100_2026/0800_CHARLOTTE_DOLCE.png
800,SHAM,,Sham,False,0067,https://onepiecewt100-2026.com/assets/faces-84x84/0067.png,polls/wt100_2026/0800_SHAM.png
800,HYOUZOU,,Hyouzou,False,0717,https://onepiecewt100-2026.com/assets/faces-84x84/0717.png,polls/wt100_2026/0800_HYOUZOU.png
800,HOCKER,,Hocker,False,0053,https://onepiecewt100-2026.com/assets/faces-84x84/0053.png,polls/wt100_2026/0800_HOCKER.png
800,PEACHBEARD,,Peachbeard,False,1078,https://onepiecewt100-2026.com/assets/faces-84x84/1078.png,polls/wt100_2026/0800_PEACHBEARD.png
800,YUDA,,,False,0545,https://onepiecewt100-2026.com/assets/faces-84x84/0545.png,polls/wt100_2026/0800_YUDA.png
806,BEAN-WASHING HAG,,,False,1235,https://onepiecewt100-2026.com/assets/faces-84x84/1235.png,polls/wt100_2026/0806_BEAN_WASHING_HAG.png
806,DUMAS FAYES,,,False,0661,https://onepiecewt100-2026.com/assets/faces-84x84/0661.png,polls/wt100_2026/0806_DUMAS_FAYES.png
806,QUINCY,,Quincy,False,1401,https://onepiecewt100-2026.com/assets/faces-84x84/1401.png,polls/wt100_2026/0806_QUINCY.png
806,SANSUKE OCTOPUS,,,False,1230,https://onepiecewt100-2026.com/assets/faces-84x84/1230.png,polls/wt100_2026/0806_SANSUKE_OCTOPUS.png
806,SHIMOTSUKI FURIKO,,,False,1434,https://onepiecewt100-2026.com/assets/faces-84x84/1434.png,polls/wt100_2026/0806_SHIMOTSUKI_FURIKO.png
806,CHARLOTTE JOCONDE,,Charlotte_Joconde,False,1066,https://onepiecewt100-2026.com/assets/faces-84x84/1066.png,polls/wt100_2026/0806_CHARLOTTE_JOCONDE.png
806,TILESTONE,,Tilestone,False,0381,https://onepiecewt100-2026.com/assets/faces-84x84/0381.png,polls/wt100_2026/0806_TILESTONE.png
806,BLUEMARINE,,Blumarine,False,1553,https://onepiecewt100-2026.com/assets/faces-84x84/1553.png,polls/wt100_2026/0806_BLUEMARINE.png
806,LILY,,Lily,True,0237,https://onepiecewt100-2026.com/assets/faces-84x84/0237.png,polls/wt100_2026/0806_LILY.png
815,KASHIGAMI'S OFFSPRING,,,False,0322,https://onepiecewt100-2026.com/assets/faces-84x84/0322.png,polls/wt100_2026/0815_KASHIGAMI_S_OFFSPRING.png
815,FEN BOCK THE GOURD,,,False,0792,https://onepiecewt100-2026.com/assets/faces-84x84/0792.png,polls/wt100_2026/0815_FEN_BOCK_THE_GOURD.png
815,McKINLEY,,McKinley,False,0282,https://onepiecewt100-2026.com/assets/faces-84x84/0282.png,polls/wt100_2026/0815_McKINLEY.png
815,MAYNARD (CAPMAN),,Maynard,False,0826,https://onepiecewt100-2026.com/assets/faces-84x84/0826.png,polls/wt100_2026/0815_MAYNARD_CAPMAN.png
815,YAMAKAJI,,Yamakaji,False,0434,https://onepiecewt100-2026.com/assets/faces-84x84/0434.png,polls/wt100_2026/0815_YAMAKAJI.png
815,LASKY,,Laskey,False,0423,https://onepiecewt100-2026.com/assets/faces-84x84/0423.png,polls/wt100_2026/0815_LASKY.png
821,FROG-TOES RIBBITINI,,,False,1458,https://onepiecewt100-2026.com/assets/faces-84x84/1458.png,polls/wt100_2026/0821_FROG_TOES_RIBBITINI.png
821,DAISY,,Daisy,False,0550,https://onepiecewt100-2026.com/assets/faces-84x84/0550.png,polls/wt100_2026/0821_DAISY.png
821,BRAHM,,Barrel,False,0216,https://onepiecewt100-2026.com/assets/faces-84x84/0216.png,polls/wt100_2026/0821_BRAHM.png
821,MARIO,,Mario,False,0805,https://onepiecewt100-2026.com/assets/faces-84x84/0805.png,polls/wt100_2026/0821_MARIO.png
821,MOODY,,,False,0075,https://onepiecewt100-2026.com/assets/faces-84x84/0075.png,polls/wt100_2026/0821_MOODY.png
821,UK,,UK,False,1386,https://onepiecewt100-2026.com/assets/faces-84x84/1386.png,polls/wt100_2026/0821_UK.png
821,UNICORN,,,False,0988,https://onepiecewt100-2026.com/assets/faces-84x84/0988.png,polls/wt100_2026/0821_UNICORN.png
821,RECYCOLLIE,,,False,1438,https://onepiecewt100-2026.com/assets/faces-84x84/1438.png,polls/wt100_2026/0821_RECYCOLLIE.png
829,ICHIKA,,,False,0744,https://onepiecewt100-2026.com/assets/faces-84x84/0744.png,polls/wt100_2026/0829_ICHIKA.png
829,IPPONUME,,Ipponume,False,0118,https://onepiecewt100-2026.com/assets/faces-84x84/0118.png,polls/wt100_2026/0829_IPPONUME.png
829,JIGOKUKAMABUTA MEGATENPANCHIRO,,Jigokukamabuta_Megatenpanchiro,False,1241,https://onepiecewt100-2026.com/assets/faces-84x84/1241.png,polls/wt100_2026/0829_JIGOKUKAMABUTA_MEGATENPANCHIRO.png
829,ISLAND EATER,,Island_Eater,False,0149,https://onepiecewt100-2026.com/assets/faces-84x84/0149.png,polls/wt100_2026/0829_ISLAND_EATER.png
829,DECALVAN BROTHERS,,Decalvan_Brothers,False,0625,https://onepiecewt100-2026.com/assets/faces-84x84/0625.png,polls/wt100_2026/0829_DECALVAN_BROTHERS.png
829,PORKSWAGON,,,False,1004,https://onepiecewt100-2026.com/assets/faces-84x84/1004.png,polls/wt100_2026/0829_PORKSWAGON.png
829,BERRY GOOD,,,False,0436,https://onepiecewt100-2026.com/assets/faces-84x84/0436.png,polls/wt100_2026/0829_BERRY_GOOD.png
829,MATO,,Mato,False,1453,https://onepiecewt100-2026.com/assets/faces-84x84/1453.png,polls/wt100_2026/0829_MATO.png
829,MARIN,,Marin,False,0520,https://onepiecewt100-2026.com/assets/faces-84x84/0520.png,polls/wt100_2026/0829_MARIN.png
838,ACILIA,,Acilia,False,0840,https://onepiecewt100-2026.com/assets/faces-84x84/0840.png,polls/wt100_2026/0838_ACILIA.png
838,AGEHA WOMAN,,Ageha_Woman,False,1281,https://onepiecewt100-2026.com/assets/faces-84x84/1281.png,polls/wt100_2026/0838_AGEHA_WOMAN.png
838,SAPEE,,,False,0119,https://onepiecewt100-2026.com/assets/faces-84x84/0119.png,polls/wt100_2026/0838_SAPEE.png
838,GIOLLA,,Giolla,False,0857,https://onepiecewt100-2026.com/assets/faces-84x84/0857.png,polls/wt100_2026/0838_GIOLLA.png
838,SPECTOR,,Spector,False,0235,https://onepiecewt100-2026.com/assets/faces-84x84/0235.png,polls/wt100_2026/0838_SPECTOR.png
843,KINOKOBITO,,,False,0989,https://onepiecewt100-2026.com/assets/faces-84x84/0989.png,polls/wt100_2026/0843_KINOKOBITO.png
843,CHARLOTTE YUEN,,Charlotte_Yuen,False,1063,https://onepiecewt100-2026.com/assets/faces-84x84/1063.png,polls/wt100_2026/0843_CHARLOTTE_YUEN.png
843,Dr. TSUKIMI,,Tsukimi,False,0460,https://onepiecewt100-2026.com/assets/faces-84x84/0460.png,polls/wt100_2026/0843_Dr_TSUKIMI.png
843,SPRING OCTOPUS,,,False,1118,https://onepiecewt100-2026.com/assets/faces-84x84/1118.png,polls/wt100_2026/0843_SPRING_OCTOPUS.png
843,POMP,,Pomp,False,1387,https://onepiecewt100-2026.com/assets/faces-84x84/1387.png,polls/wt100_2026/0843_POMP.png
848,INO ICHIBAN-NO-SUKE,,Suke,False,1151,https://onepiecewt100-2026.com/assets/faces-84x84/1151.png,polls/wt100_2026/0848_INO_ICHIBAN_NO_SUKE.png
848,BLOCKHEAD,,,False,0377,https://onepiecewt100-2026.com/assets/faces-84x84/0377.png,polls/wt100_2026/0848_BLOCKHEAD.png
848,CARNE,,Carne,False,0082,https://onepiecewt100-2026.com/assets/faces-84x84/0082.png,polls/wt100_2026/0848_CARNE.png
848,COMPO,,Compo,False,1407,https://onepiecewt100-2026.com/assets/faces-84x84/1407.png,polls/wt100_2026/0848_COMPO.png
848,POTATO,,Potato,False,1485,https://onepiecewt100-2026.com/assets/faces-84x84/1485.png,polls/wt100_2026/0848_POTATO.png
848,UNIGARO,,Unigaro,False,0455,https://onepiecewt100-2026.com/assets/faces-84x84/0455.png,polls/wt100_2026/0848_UNIGARO.png
854,SEA BOAR,,Sea_Boar,False,0212,https://onepiecewt100-2026.com/assets/faces-84x84/0212.png,polls/wt100_2026/0854_SEA_BOAR.png
854,EMMA,,Emma,False,1405,https://onepiecewt100-2026.com/assets/faces-84x84/1405.png,polls/wt100_2026/0854_EMMA.png
854,STALKER,,Stalker,False,0564,https://onepiecewt100-2026.com/assets/faces-84x84/0564.png,polls/wt100_2026/0854_STALKER.png
854,X. BARRELS,,Barrel,True,0896,https://onepiecewt100-2026.com/assets/faces-84x84/0896.png,polls/wt100_2026/0854_X_BARRELS.png
854,CRESCENT-MOON GARY,,,False,1076,https://onepiecewt100-2026.com/assets/faces-84x84/1076.png,polls/wt100_2026/0854_CRESCENT_MOON_GARY.png
854,EVIL HERON,,,False,0184,https://onepiecewt100-2026.com/assets/faces-84x84/0184.png,polls/wt100_2026/0854_EVIL_HERON.png
860,UWESHALL NOTPASS,,,False,0598,https://onepiecewt100-2026.com/assets/faces-84x84/0598.png,polls/wt100_2026/0860_UWESHALL_NOTPASS.png
860,USHIANO,,Ushiano,False,1463,https://onepiecewt100-2026.com/assets/faces-84x84/1463.png,polls/wt100_2026/0860_USHIANO.png
860,KARIN,,Karin,False,1527,https://onepiecewt100-2026.com/assets/faces-84x84/1527.png,polls/wt100_2026/0860_KARIN.png
860,SPIDER MOUSE,,,False,0476,https://onepiecewt100-2026.com/assets/faces-84x84/0476.png,polls/wt100_2026/0860_SPIDER_MOUSE.png
860,TART TANKS,,,False,1039,https://onepiecewt100-2026.com/assets/faces-84x84/1039.png,polls/wt100_2026/0860_TART_TANKS.png
860,DELACUAJI,,Delacuaji,False,0629,https://onepiecewt100-2026.com/assets/faces-84x84/0629.png,polls/wt100_2026/0860_DELACUAJI.png
860,NEZUMI,,Nezumi,False,0092,https://onepiecewt100-2026.com/assets/faces-84x84/0092.png,polls/wt100_2026/0860_NEZUMI.png
860,BIAN,,Bian,False,0865,https://onepiecewt100-2026.com/assets/faces-84x84/0865.png,polls/wt100_2026/0860_BIAN.png
860,BOBBY FUNK,,Bobby_Funk,False,0816,https://onepiecewt100-2026.com/assets/faces-84x84/0816.png,polls/wt100_2026/0860_BOBBY_FUNK.png
860,YONKA,,,False,0747,https://onepiecewt100-2026.com/assets/faces-84x84/0747.png,polls/wt100_2026/0860_YONKA.png
870,GUMMER (Anthropomorphized Bag),,,False,1410,https://onepiecewt100-2026.com/assets/faces-84x84/1410.png,polls/wt100_2026/0870_GUMMER_Anthropomorphized_Bag.png
870,KINDERELLA,,Kinderella,False,0301,https://onepiecewt100-2026.com/assets/faces-84x84/0301.png,polls/wt100_2026/0870_KINDERELLA.png
870,CHARLOTTE GALA,,,False,0977,https://onepiecewt100-2026.com/assets/faces-84x84/0977.png,polls/wt100_2026/0870_CHARLOTTE_GALA.png
870,CHARLOTTE MOBILE,,Charlotte_Mobile,False,1019,https://onepiecewt100-2026.com/assets/faces-84x84/1019.png,polls/wt100_2026/0870_CHARLOTTE_MOBILE.png
870,HOUSE,,House,False,1395,https://onepiecewt100-2026.com/assets/faces-84x84/1395.png,polls/wt100_2026/0870_HOUSE.png
875,HIPPO GENTLEMAN,,Hippo_Gentleman,False,0479,https://onepiecewt100-2026.com/assets/faces-84x84/0479.png,polls/wt100_2026/0875_HIPPO_GENTLEMAN.png
875,STAYA LIVE,,,False,0901,https://onepiecewt100-2026.com/assets/faces-84x84/0901.png,polls/wt100_2026/0875_STAYA_LIVE.png
875,CHOME,,Chome,False,1218,https://onepiecewt100-2026.com/assets/faces-84x84/1218.png,polls/wt100_2026/0875_CHOME.png
875,POPPY,,Poppy,False,0543,https://onepiecewt100-2026.com/assets/faces-84x84/0543.png,polls/wt100_2026/0875_POPPY.png
875,MIZUUTA MAWARITOSKY,,Mizuta_Mawaritosuki,False,0486,https://onepiecewt100-2026.com/assets/faces-84x84/0486.png,polls/wt100_2026/0875_MIZUUTA_MAWARITOSKY.png
880,SANDORA CATFISH,,,False,0203,https://onepiecewt100-2026.com/assets/faces-84x84/0203.png,polls/wt100_2026/0880_SANDORA_CATFISH.png
880,CHARLOTTE CITRON,,Charlotte_Citron,False,1049,https://onepiecewt100-2026.com/assets/faces-84x84/1049.png,polls/wt100_2026/0880_CHARLOTTE_CITRON.png
880,DAIGIN,,Daigin,False,0578,https://onepiecewt100-2026.com/assets/faces-84x84/0578.png,polls/wt100_2026/0880_DAIGIN.png
880,DIESEL,,Diesel,False,0992,https://onepiecewt100-2026.com/assets/faces-84x84/0992.png,polls/wt100_2026/0880_DIESEL.png
880,DRAUGR (SLEEPTID),,,False,1531,https://onepiecewt100-2026.com/assets/faces-84x84/1531.png,polls/wt100_2026/0880_DRAUGR_SLEEPTID.png
880,BIG BUN,,,False,0345,https://onepiecewt100-2026.com/assets/faces-84x84/0345.png,polls/wt100_2026/0880_BIG_BUN.png
886,ESTA,,Esta,False,0859,https://onepiecewt100-2026.com/assets/faces-84x84/0859.png,polls/wt100_2026/0886_ESTA.png
886,OCHO,,,False,1262,https://onepiecewt100-2026.com/assets/faces-84x84/1262.png,polls/wt100_2026/0886_OCHO.png
886,SEAGEANT COSMO,,Cosmo,False,0446,https://onepiecewt100-2026.com/assets/faces-84x84/0446.png,polls/wt100_2026/0886_SEAGEANT_COSMO.png
886,CORIBOU,,Coribou,False,0687,https://onepiecewt100-2026.com/assets/faces-84x84/0687.png,polls/wt100_2026/0886_CORIBOU.png
886,SANKA,,,False,0746,https://onepiecewt100-2026.com/assets/faces-84x84/0746.png,polls/wt100_2026/0886_SANKA.png
886,PACIFISTA POLICE,,,False,1439,https://onepiecewt100-2026.com/assets/faces-84x84/1439.png,polls/wt100_2026/0886_PACIFISTA_POLICE.png
886,HUSTLE,,Hustle,False,0088,https://onepiecewt100-2026.com/assets/faces-84x84/0088.png,polls/wt100_2026/0886_HUSTLE.png
886,BINGOH,,Bingo,False,1195,https://onepiecewt100-2026.com/assets/faces-84x84/1195.png,polls/wt100_2026/0886_BINGOH.png
894,A.O.,,A_O,False,0628,https://onepiecewt100-2026.com/assets/faces-84x84/0628.png,polls/wt100_2026/0894_A_O.png
894,ACCELLEGATOR,,,False,0202,https://onepiecewt100-2026.com/assets/faces-84x84/0202.png,polls/wt100_2026/0894_ACCELLEGATOR.png
894,CARMEL (MOTHER),,Carmel,False,1026,https://onepiecewt100-2026.com/assets/faces-84x84/1026.png,polls/wt100_2026/0894_CARMEL_MOTHER.png
894,CHARLOTTE EFFILEE,,Charlotte_Effilée,False,1024,https://onepiecewt100-2026.com/assets/faces-84x84/1024.png,polls/wt100_2026/0894_CHARLOTTE_EFFILEE.png
894,PACIFISTA MARK III,,,False,1450,https://onepiecewt100-2026.com/assets/faces-84x84/1450.png,polls/wt100_2026/0894_PACIFISTA_MARK_III.png
894,BUBBLEGUM,,Bubblegum,False,1388,https://onepiecewt100-2026.com/assets/faces-84x84/1388.png,polls/wt100_2026/0894_BUBBLEGUM.png
894,HIMURO,,Himuro,False,1251,https://onepiecewt100-2026.com/assets/faces-84x84/1251.png,polls/wt100_2026/0894_HIMURO.png
894,HUMANDRILL,,,False,0664,https://onepiecewt100-2026.com/assets/faces-84x84/0664.png,polls/wt100_2026/0894_HUMANDRILL.png
894,POKER,,Poker,False,1363,https://onepiecewt100-2026.com/assets/faces-84x84/1363.png,polls/wt100_2026/0894_POKER.png
894,MOUJI,,,False,0890,https://onepiecewt100-2026.com/assets/faces-84x84/0890.png,polls/wt100_2026/0894_MOUJI.png
894,YOMO,,Yomo,False,0916,https://onepiecewt100-2026.com/assets/faces-84x84/0916.png,polls/wt100_2026/0894_YOMO.png
894,RISKY BROTHERS,,Risky_Brothers,False,0472,https://onepiecewt100-2026.com/assets/faces-84x84/0472.png,polls/wt100_2026/0894_RISKY_BROTHERS.png
894,RIRIKA,,Ririka,False,0036,https://onepiecewt100-2026.com/assets/faces-84x84/0036.png,polls/wt100_2026/0894_RIRIKA.png
907,"""IRON BOY"" SCOTCH",,Scotch,True,0671,https://onepiecewt100-2026.com/assets/faces-84x84/0671.png,polls/wt100_2026/0907_IRON_BOY_SCOTCH.png
907,MINISTER OF THE LEFT,,Minister_of_the_Left,False,0730,https://onepiecewt100-2026.com/assets/faces-84x84/0730.png,polls/wt100_2026/0907_MINISTER_OF_THE_LEFT.png
907,CHARLOTTE PANNA,,Charlotte_Panna,False,1070,https://onepiecewt100-2026.com/assets/faces-84x84/1070.png,polls/wt100_2026/0907_CHARLOTTE_PANNA.png
907,JACKSON BURNER,,,False,1326,https://onepiecewt100-2026.com/assets/faces-84x84/1326.png,polls/wt100_2026/0907_JACKSON_BURNER.png
907,DARUMA,,Daruma,False,0723,https://onepiecewt100-2026.com/assets/faces-84x84/0723.png,polls/wt100_2026/0907_DARUMA.png
907,HOTOTOGISU,,Hototogisu,False,0897,https://onepiecewt100-2026.com/assets/faces-84x84/0897.png,polls/wt100_2026/0907_HOTOTOGISU.png
907,SAINT ROSWARD ROSWARD,,Rosward_Rosward,False,0499,https://onepiecewt100-2026.com/assets/faces-84x84/0499.png,polls/wt100_2026/0907_SAINT_ROSWARD_ROSWARD.png
914,HEERCOMES DASUN,,,False,0481,https://onepiecewt100-2026.com/assets/faces-84x84/0481.png,polls/wt100_2026/0914_HEERCOMES_DASUN.png
914,ALPACA-MAN,,Alpacaman,False,1226,https://onepiecewt100-2026.com/assets/faces-84x84/1226.png,polls/wt100_2026/0914_ALPACA_MAN.png
914,VERREE FINEWORK,,,False,0365,https://onepiecewt100-2026.com/assets/faces-84x84/0365.png,polls/wt100_2026/0914_VERREE_FINEWORK.png
914,COLUMBUS,,Columbus,False,1092,https://onepiecewt100-2026.com/assets/faces-84x84/1092.png,polls/wt100_2026/0914_COLUMBUS.png
914,CHARLOTTE MARBLE,,Charlotte_Marble,False,1061,https://onepiecewt100-2026.com/assets/faces-84x84/1061.png,polls/wt100_2026/0914_CHARLOTTE_MARBLE.png
914,CHABO,,Chabo,False,0095,https://onepiecewt100-2026.com/assets/faces-84x84/0095.png,polls/wt100_2026/0914_CHABO.png
914,TERRY,,Terry,False,0244,https://onepiecewt100-2026.com/assets/faces-84x84/0244.png,polls/wt100_2026/0914_TERRY.png
914,HATSUME,,Hatsume,False,1252,https://onepiecewt100-2026.com/assets/faces-84x84/1252.png,polls/wt100_2026/0914_HATSUME.png
914,BABANUKI,,Babanuki,False,1229,https://onepiecewt100-2026.com/assets/faces-84x84/1229.png,polls/wt100_2026/0914_BABANUKI.png
914,HIHIMARU,,Hihimaru,False,1120,https://onepiecewt100-2026.com/assets/faces-84x84/1120.png,polls/wt100_2026/0914_HIHIMARU.png
914,MOUNTAIN RICKY,,Mountain_Ricky,False,0346,https://onepiecewt100-2026.com/assets/faces-84x84/0346.png,polls/wt100_2026/0914_MOUNTAIN_RICKY.png
914,SAYIN GOABIRDS,,,False,0562,https://onepiecewt100-2026.com/assets/faces-84x84/0562.png,polls/wt100_2026/0914_SAYIN_GOABIRDS.png
914,MARIA NAPOLE,,Maria_Napole,False,0771,https://onepiecewt100-2026.com/assets/faces-84x84/0771.png,polls/wt100_2026/0914_MARIA_NAPOLE.png
914,Mr. BEANS,,Mr._Beans,False,0133,https://onepiecewt100-2026.com/assets/faces-84x84/0133.png,polls/wt100_2026/0914_Mr_BEANS.png
914,MINORHINOCEROS,,Minorhinoceros,False,0584,https://onepiecewt100-2026.com/assets/faces-84x84/0584.png,polls/wt100_2026/0914_MINORHINOCEROS.png
914,MILLE PINE,,Millet_Pine,False,1310,https://onepiecewt100-2026.com/assets/faces-84x84/1310.png,polls/wt100_2026/0914_MILLE_PINE.png
930,GABURU,,Gaburu,False,0807,https://onepiecewt100-2026.com/assets/faces-84x84/0807.png,polls/wt100_2026/0930_GABURU.png
930,THALASSA LUCAS,,Thalassa_Lucas,False,0167,https://onepiecewt100-2026.com/assets/faces-84x84/0167.png,polls/wt100_2026/0930_THALASSA_LUCAS.png
930,NEEDA HAND,,,False,0903,https://onepiecewt100-2026.com/assets/faces-84x84/0903.png,polls/wt100_2026/0930_NEEDA_HAND.png
930,DOGYA,,Dogya,False,0603,https://onepiecewt100-2026.com/assets/faces-84x84/0603.png,polls/wt100_2026/0930_DOGYA.png
930,Dr. HONNAH,,,False,0318,https://onepiecewt100-2026.com/assets/faces-84x84/0318.png,polls/wt100_2026/0930_Dr_HONNAH.png
930,BLUEGRASS,,Bluegrass,False,1475,https://onepiecewt100-2026.com/assets/faces-84x84/1475.png,polls/wt100_2026/0930_BLUEGRASS.png
930,MOSH,,Mosh,False,1397,https://onepiecewt100-2026.com/assets/faces-84x84/1397.png,polls/wt100_2026/0930_MOSH.png
930,MOROLLON,,,False,1089,https://onepiecewt100-2026.com/assets/faces-84x84/1089.png,polls/wt100_2026/0930_MOROLLON.png
930,ARMORED STONEFISH,,,False,0940,https://onepiecewt100-2026.com/assets/faces-84x84/0940.png,polls/wt100_2026/0930_ARMORED_STONEFISH.png
930,RABIAN,,Rabiyan,False,0945,https://onepiecewt100-2026.com/assets/faces-84x84/0945.png,polls/wt100_2026/0930_RABIAN.png
940,ADELLE,,Adele,False,0736,https://onepiecewt100-2026.com/assets/faces-84x84/0736.png,polls/wt100_2026/0940_ADELLE.png
940,ARROW,,Barrel,True,0213,https://onepiecewt100-2026.com/assets/faces-84x84/0213.png,polls/wt100_2026/0940_ARROW.png
940,EPOIDA,,Epoida,False,0633,https://onepiecewt100-2026.com/assets/faces-84x84/0633.png,polls/wt100_2026/0940_EPOIDA.png
940,GYOGYO,,Gyogyo,False,1486,https://onepiecewt100-2026.com/assets/faces-84x84/1486.png,polls/wt100_2026/0940_GYOGYO.png
940,KUMADORI YAMANBAKO,,,False,1559,https://onepiecewt100-2026.com/assets/faces-84x84/1559.png,polls/wt100_2026/0940_KUMADORI_YAMANBAKO.png
940,CLAPP,,Clapp,False,1479,https://onepiecewt100-2026.com/assets/faces-84x84/1479.png,polls/wt100_2026/0940_CLAPP.png
940,CHARLOTTE HACHEE,,Charlotte_Hachée,False,1565,https://onepiecewt100-2026.com/assets/faces-84x84/1565.png,polls/wt100_2026/0940_CHARLOTTE_HACHEE.png
940,JIRON,,Jiron,False,1465,https://onepiecewt100-2026.com/assets/faces-84x84/1465.png,polls/wt100_2026/0940_JIRON.png
940,DRUG PECLO,,Drug_Peclo,False,1007,https://onepiecewt100-2026.com/assets/faces-84x84/1007.png,polls/wt100_2026/0940_DRUG_PECLO.png
940,TORI,,Tori,False,1170,https://onepiecewt100-2026.com/assets/faces-84x84/1170.png,polls/wt100_2026/0940_TORI.png
940,NITRO,,Nitro,False,0944,https://onepiecewt100-2026.com/assets/faces-84x84/0944.png,polls/wt100_2026/0940_NITRO.png
940,FUKUROKUJU,,Fukurokuju,False,1223,https://onepiecewt100-2026.com/assets/faces-84x84/1223.png,polls/wt100_2026/0940_FUKUROKUJU.png
940,BRISCOLA,,Briscola,False,1354,https://onepiecewt100-2026.com/assets/faces-84x84/1354.png,polls/wt100_2026/0940_BRISCOLA.png
940,HERA,,Hera,False,1377,https://onepiecewt100-2026.com/assets/faces-84x84/1377.png,polls/wt100_2026/0940_HERA.png
940,MIZUUTA MADAISKY,,Mizuta_Madaisuki,False,0485,https://onepiecewt100-2026.com/assets/faces-84x84/0485.png,polls/wt100_2026/0940_MIZUUTA_MADAISKY.png
955,UKKARI TSURUBE,,Tsurube,False,1329,https://onepiecewt100-2026.com/assets/faces-84x84/1329.png,polls/wt100_2026/0955_UKKARI_TSURUBE.png
955,KASA,,Kasa,False,0670,https://onepiecewt100-2026.com/assets/faces-84x84/0670.png,polls/wt100_2026/0955_KASA.png
955,KIKYO,,Kikyo,False,0540,https://onepiecewt100-2026.com/assets/faces-84x84/0540.png,polls/wt100_2026/0955_KIKYO.png
955,KUKAI,,Kukai,False,0604,https://onepiecewt100-2026.com/assets/faces-84x84/0604.png,polls/wt100_2026/0955_KUKAI.png
955,COFFEE MONKEYS,,,False,0528,https://onepiecewt100-2026.com/assets/faces-84x84/0528.png,polls/wt100_2026/0955_COFFEE_MONKEYS.png
955,GORILLA,,Gorilla,True,0672,https://onepiecewt100-2026.com/assets/faces-84x84/0672.png,polls/wt100_2026/0955_GORILLA.png
955,SHANDIA CHIEF,,Shandia_Chief,False,0309,https://onepiecewt100-2026.com/assets/faces-84x84/0309.png,polls/wt100_2026/0955_SHANDIA_CHIEF.png
955,DAMASK,,Damask,False,0838,https://onepiecewt100-2026.com/assets/faces-84x84/0838.png,polls/wt100_2026/0955_DAMASK.png
955,NORIKO,,Noriko,False,1237,https://onepiecewt100-2026.com/assets/faces-84x84/1237.png,polls/wt100_2026/0955_NORIKO.png
955,BUSHON,,Bushon,False,0388,https://onepiecewt100-2026.com/assets/faces-84x84/0388.png,polls/wt100_2026/0955_BUSHON.png
955,MARIE,,Marie,False,0518,https://onepiecewt100-2026.com/assets/faces-84x84/0518.png,polls/wt100_2026/0955_MARIE.png
955,MISHININ CASHABLE,,,False,0358,https://onepiecewt100-2026.com/assets/faces-84x84/0358.png,polls/wt100_2026/0955_MISHININ_CASHABLE.png
955,MOQUECA,,Moqueca,False,1093,https://onepiecewt100-2026.com/assets/faces-84x84/1093.png,polls/wt100_2026/0955_MOQUECA.png
955,YAMENAHARE,,Yamenahare,False,0445,https://onepiecewt100-2026.com/assets/faces-84x84/0445.png,polls/wt100_2026/0955_YAMENAHARE.png
955,DREAM KOI,,,False,1119,https://onepiecewt100-2026.com/assets/faces-84x84/1119.png,polls/wt100_2026/0955_DREAM_KOI.png
955,SHARKODILE,,,False,1130,https://onepiecewt100-2026.com/assets/faces-84x84/1130.png,polls/wt100_2026/0955_SHARKODILE.png
971,GYOLL,,,False,0024,https://onepiecewt100-2026.com/assets/faces-84x84/0024.png,polls/wt100_2026/0971_GYOLL.png
971,CHARLOTTE NUTMEG,,,False,1056,https://onepiecewt100-2026.com/assets/faces-84x84/1056.png,polls/wt100_2026/0971_CHARLOTTE_NUTMEG.png
971,CHARLOTTE NORMANDE,,Charlotte_Normande,False,0983,https://onepiecewt100-2026.com/assets/faces-84x84/0983.png,polls/wt100_2026/0971_CHARLOTTE_NORMANDE.png
971,JAGUAR,,Jaguar,False,1400,https://onepiecewt100-2026.com/assets/faces-84x84/1400.png,polls/wt100_2026/0971_JAGUAR.png
971,SAINT DONQUIXOTE SHIVERCALERO,,Donquixote_Shivercalero,False,0763,https://onepiecewt100-2026.com/assets/faces-84x84/0763.png,polls/wt100_2026/0971_SAINT_DONQUIXOTE_SHIVERCALERO.png
971,PANDORA,,Pandora,False,1031,https://onepiecewt100-2026.com/assets/faces-84x84/1031.png,polls/wt100_2026/0971_PANDORA.png
971,BEE-GIRL,,Beegirl,False,1337,https://onepiecewt100-2026.com/assets/faces-84x84/1337.png,polls/wt100_2026/0971_BEE_GIRL.png
971,BOMBA,,Bomba,False,0849,https://onepiecewt100-2026.com/assets/faces-84x84/0849.png,polls/wt100_2026/0971_BOMBA.png
971,MILES,,Miles,False,0773,https://onepiecewt100-2026.com/assets/faces-84x84/0773.png,polls/wt100_2026/0971_MILES.png
980,ANDRE,,Andre,False,0694,https://onepiecewt100-2026.com/assets/faces-84x84/0694.png,polls/wt100_2026/0980_ANDRE.png
980,BUNKOV,,,False,0596,https://onepiecewt100-2026.com/assets/faces-84x84/0596.png,polls/wt100_2026/0980_BUNKOV.png
980,KEYGAN,,,False,0089,https://onepiecewt100-2026.com/assets/faces-84x84/0089.png,polls/wt100_2026/0980_KEYGAN.png
980,KANDRE,,Andre,True,0649,https://onepiecewt100-2026.com/assets/faces-84x84/0649.png,polls/wt100_2026/0980_KANDRE.png
980,GIRO CHINTARO,,Giro_Chintaro,False,1116,https://onepiecewt100-2026.com/assets/faces-84x84/1116.png,polls/wt100_2026/0980_GIRO_CHINTARO.png
980,CHARLOTTE BASANS,,Charlotte_Basans,False,1562,https://onepiecewt100-2026.com/assets/faces-84x84/1562.png,polls/wt100_2026/0980_CHARLOTTE_BASANS.png
980,SPHYNX,,,False,0577,https://onepiecewt100-2026.com/assets/faces-84x84/0577.png,polls/wt100_2026/0980_SPHYNX.png
980,TSUNAGORO,,Tsunagoro,False,1261,https://onepiecewt100-2026.com/assets/faces-84x84/1261.png,polls/wt100_2026/0980_TSUNAGORO.png
980,FIGHTING FISH,,,False,0845,https://onepiecewt100-2026.com/assets/faces-84x84/0845.png,polls/wt100_2026/0980_FIGHTING_FISH.png
980,Dr. NAKO,,Nako,False,0107,https://onepiecewt100-2026.com/assets/faces-84x84/0107.png,polls/wt100_2026/0980_Dr_NAKO.png
980,GENGHIS BAAN,,,False,1322,https://onepiecewt100-2026.com/assets/faces-84x84/1322.png,polls/wt100_2026/0980_GENGHIS_BAAN.png
980,FENRIR (SLEEPTID),,,False,1529,https://onepiecewt100-2026.com/assets/faces-84x84/1529.png,polls/wt100_2026/0980_FENRIR_SLEEPTID.png
980,BOOGIE,,Boogie,False,1396,https://onepiecewt100-2026.com/assets/faces-84x84/1396.png,polls/wt100_2026/0980_BOOGIE.png
980,OINKCHUCK,,,False,0458,https://onepiecewt100-2026.com/assets/faces-84x84/0458.png,polls/wt100_2026/0980_OINKCHUCK.png
980,CAPTAIN MACRO,,Macro,False,0448,https://onepiecewt100-2026.com/assets/faces-84x84/0448.png,polls/wt100_2026/0980_CAPTAIN_MACRO.png
980,MANTICORE,,,False,0575,https://onepiecewt100-2026.com/assets/faces-84x84/0575.png,polls/wt100_2026/0980_MANTICORE.png
980,YOSHIMOTO,,Yoshimoto,False,0174,https://onepiecewt100-2026.com/assets/faces-84x84/0174.png,polls/wt100_2026/0980_YOSHIMOTO.png
980,LULIS,,Lulis,False,0715,https://onepiecewt100-2026.com/assets/faces-84x84/0715.png,polls/wt100_2026/0980_LULIS.png
998,IKAROS MUCH,,Ikaros_Much,False,0724,https://onepiecewt100-2026.com/assets/faces-84x84/0724.png,polls/wt100_2026/0998_IKAROS_MUCH.png
998,MINISTER OF THE RIGHT,,Minister_of_the_Right,False,0729,https://onepiecewt100-2026.com/assets/faces-84x84/0729.png,polls/wt100_2026/0998_MINISTER_OF_THE_RIGHT.png
998,GAMBIA,,Gambia,False,0825,https://onepiecewt100-2026.com/assets/faces-84x84/0825.png,polls/wt100_2026/0998_GAMBIA.png
998,KISEGAWA,,Kisegawa,False,1203,https://onepiecewt100-2026.com/assets/faces-84x84/1203.png,polls/wt100_2026/0998_KISEGAWA.png
998,KUROMARIMO,,Kuromarimo,False,0163,https://onepiecewt100-2026.com/assets/faces-84x84/0163.png,polls/wt100_2026/0998_KUROMARIMO.png
998,SALLY ISNTOINETTE,,,False,0937,https://onepiecewt100-2026.com/assets/faces-84x84/0937.png,polls/wt100_2026/0998_SALLY_ISNTOINETTE.png
998,SAMBEL,,,False,1277,https://onepiecewt100-2026.com/assets/faces-84x84/1277.png,polls/wt100_2026/0998_SAMBEL.png
998,CHARLOTTE SNACK,,Charlotte_Snack,False,1067,https://onepiecewt100-2026.com/assets/faces-84x84/1067.png,polls/wt100_2026/0998_CHARLOTTE_SNACK.png
998,CHARLOTTE MONTB,,Charlotte_Montb,False,1072,https://onepiecewt100-2026.com/assets/faces-84x84/1072.png,polls/wt100_2026/0998_CHARLOTTE_MONTB.png
998,HOUND,,Hound,False,1455,https://onepiecewt100-2026.com/assets/faces-84x84/1455.png,polls/wt100_2026/0998_HOUND.png
998,PETERMAN,,Peterman,False,0516,https://onepiecewt100-2026.com/assets/faces-84x84/0516.png,polls/wt100_2026/0998_PETERMAN.png
998,PEETAMU,,,False,1314,https://onepiecewt100-2026.com/assets/faces-84x84/1314.png,polls/wt100_2026/0998_PEETAMU.png
998,MINOZEBRA,,Minozebra,False,0587,https://onepiecewt100-2026.com/assets/faces-84x84/0587.png,polls/wt100_2026/0998_MINOZEBRA.png
998,MANSION GUARDS,,,False,0064,https://onepiecewt100-2026.com/assets/faces-84x84/0064.png,polls/wt100_2026/0998_MANSION_GUARDS.png
998,JORUL,,Jorul,False,1029,https://onepiecewt100-2026.com/assets/faces-84x84/1029.png,polls/wt100_2026/0998_JORUL.png
998,RABBIT-MAN,,Rabbitman,False,1147,https://onepiecewt100-2026.com/assets/faces-84x84/1147.png,polls/wt100_2026/0998_RABBIT_MAN.png
1014,ALBION,,Albion,False,0704,https://onepiecewt100-2026.com/assets/faces-84x84/0704.png,polls/wt100_2026/1014_ALBION.png
1014,KARMA,,Karma,False,0634,https://onepiecewt100-2026.com/assets/faces-84x84/0634.png,polls/wt100_2026/1014_KARMA.png
1014,GENERAL GALAXY,,Galaxy,False,0447,https://onepiecewt100-2026.com/assets/faces-84x84/0447.png,polls/wt100_2026/1014_GENERAL_GALAXY.png
1014,GODE THE WISE,,,False,0300,https://onepiecewt100-2026.com/assets/faces-84x84/0300.png,polls/wt100_2026/1014_GODE_THE_WISE.png
1014,KOZE,,Packy,False,0115,https://onepiecewt100-2026.com/assets/faces-84x84/0115.png,polls/wt100_2026/1014_KOZE.png
1014,CHARLOTTE ANGLAISE,,Charlotte_Anglais,False,0985,https://onepiecewt100-2026.com/assets/faces-84x84/0985.png,polls/wt100_2026/1014_CHARLOTTE_ANGLAISE.png
1014,GIOVANNI,,Giovanni,False,0925,https://onepiecewt100-2026.com/assets/faces-84x84/0925.png,polls/wt100_2026/1014_GIOVANNI.png
1014,CHAP,,Chap,False,1110,https://onepiecewt100-2026.com/assets/faces-84x84/1110.png,polls/wt100_2026/1014_CHAP.png
1014,BASILISK,,Basilisk,False,0571,https://onepiecewt100-2026.com/assets/faces-84x84/0571.png,polls/wt100_2026/1014_BASILISK.png
1014,BARREL,,Barrel,True,0215,https://onepiecewt100-2026.com/assets/faces-84x84/0215.png,polls/wt100_2026/1014_BARREL.png
1014,HYOTA,,Barrel,True,0214,https://onepiecewt100-2026.com/assets/faces-84x84/0214.png,polls/wt100_2026/1014_HYOTA.png
1014,PORO,,Poro,False,0054,https://onepiecewt100-2026.com/assets/faces-84x84/0054.png,polls/wt100_2026/1014_PORO.png
1014,MAGURA,,Magra,False,0653,https://onepiecewt100-2026.com/assets/faces-84x84/0653.png,polls/wt100_2026/1014_MAGURA.png
1014,LUN THE MACHETE,,,False,0799,https://onepiecewt100-2026.com/assets/faces-84x84/0799.png,polls/wt100_2026/1014_LUN_THE_MACHETE.png
1014,MATRYOSOKA,,Matryo_Princesses,False,1087,https://onepiecewt100-2026.com/assets/faces-84x84/1087.png,polls/wt100_2026/1014_MATRYOSOKA.png
1014,Mr. 11,,Mr._11,False,0148,https://onepiecewt100-2026.com/assets/faces-84x84/0148.png,polls/wt100_2026/1014_Mr_11.png
1014,RAMEN,,Ramen,False,0968,https://onepiecewt100-2026.com/assets/faces-84x84/0968.png,polls/wt100_2026/1014_RAMEN.png
1014,RECK,,Reck,False,1394,https://onepiecewt100-2026.com/assets/faces-84x84/1394.png,polls/wt100_2026/1014_RECK.png
1032,SEA SQUIRREL,,,False,0749,https://onepiecewt100-2026.com/assets/faces-84x84/0749.png,polls/wt100_2026/1032_SEA_SQUIRREL.png
1032,KIKIPATSU,,Kikipatsu,False,1168,https://onepiecewt100-2026.com/assets/faces-84x84/1168.png,polls/wt100_2026/1032_KIKIPATSU.png
1032,ARMY WOLVES,,,False,0591,https://onepiecewt100-2026.com/assets/faces-84x84/0591.png,polls/wt100_2026/1032_ARMY_WOLVES.png
1032,CHARLOTTE HIGH-FAT,,Charlotte_High-Fat,False,1020,https://onepiecewt100-2026.com/assets/faces-84x84/1020.png,polls/wt100_2026/1032_CHARLOTTE_HIGH_FAT.png
1032,CHARLOTTE FUYUMEG,,,False,1060,https://onepiecewt100-2026.com/assets/faces-84x84/1060.png,polls/wt100_2026/1032_CHARLOTTE_FUYUMEG.png
1032,CHARLOTTE MELISE,,Charlotte_Melise,False,1001,https://onepiecewt100-2026.com/assets/faces-84x84/1001.png,polls/wt100_2026/1032_CHARLOTTE_MELISE.png
1032,GEORGE MACH,,George_Mach,False,0347,https://onepiecewt100-2026.com/assets/faces-84x84/0347.png,polls/wt100_2026/1032_GEORGE_MACH.png
1032,NEGGY,,Neggy,False,1097,https://onepiecewt100-2026.com/assets/faces-84x84/1097.png,polls/wt100_2026/1032_NEGGY.png
1032,BACURA,,Bacura,False,0557,https://onepiecewt100-2026.com/assets/faces-84x84/0557.png,polls/wt100_2026/1032_BACURA.png
1032,BARRY,,Barry,False,0601,https://onepiecewt100-2026.com/assets/faces-84x84/0601.png,polls/wt100_2026/1032_BARRY.png
1032,PISARO,,Pisaro,False,0099,https://onepiecewt100-2026.com/assets/faces-84x84/0099.png,polls/wt100_2026/1032_PISARO.png
1032,FUGA,,Fuga,False,1390,https://onepiecewt100-2026.com/assets/faces-84x84/1390.png,polls/wt100_2026/1032_FUGA.png
1032,PURURU THE BRR-RAVE,,,False,1460,https://onepiecewt100-2026.com/assets/faces-84x84/1460.png,polls/wt100_2026/1032_PURURU_THE_BRR_RAVE.png
1032,HOME,,,False,1164,https://onepiecewt100-2026.com/assets/faces-84x84/1164.png,polls/wt100_2026/1032_HOME.png
1032,MAKI,,Maki,False,1169,https://onepiecewt100-2026.com/assets/faces-84x84/1169.png,polls/wt100_2026/1032_MAKI.png
1032,MOAI,,Moai,False,1402,https://onepiecewt100-2026.com/assets/faces-84x84/1402.png,polls/wt100_2026/1032_MOAI.png
1032,LADY TREE,,Lady_Tree,False,1038,https://onepiecewt100-2026.com/assets/faces-84x84/1038.png,polls/wt100_2026/1032_LADY_TREE.png
1032,WARNEY,,,False,0910,https://onepiecewt100-2026.com/assets/faces-84x84/0910.png,polls/wt100_2026/1032_WARNEY.png
1050,ARUYUTAYAN V,,Aruyutayan_V,False,0323,https://onepiecewt100-2026.com/assets/faces-84x84/0323.png,polls/wt100_2026/1050_ARUYUTAYAN_V.png
1050,INBI,,Inbi,False,1389,https://onepiecewt100-2026.com/assets/faces-84x84/1389.png,polls/wt100_2026/1050_INBI.png
1050,GHOST (SLEEPTID),,,False,1532,https://onepiecewt100-2026.com/assets/faces-84x84/1532.png,polls/wt100_2026/1050_GHOST_SLEEPTID.png
1050,GRABBA,,,False,0861,https://onepiecewt100-2026.com/assets/faces-84x84/0861.png,polls/wt100_2026/1050_GRABBA.png
1050,COMILLE,,,False,0321,https://onepiecewt100-2026.com/assets/faces-84x84/0321.png,polls/wt100_2026/1050_COMILLE.png
1050,GISMONDA,,Gismonda,False,0827,https://onepiecewt100-2026.com/assets/faces-84x84/0827.png,polls/wt100_2026/1050_GISMONDA.png
1050,CHARLOTTE MAPLE,,Charlotte_Maple,False,1566,https://onepiecewt100-2026.com/assets/faces-84x84/1566.png,polls/wt100_2026/1050_CHARLOTTE_MAPLE.png
1050,SKULL,,Skull,False,1373,https://onepiecewt100-2026.com/assets/faces-84x84/1373.png,polls/wt100_2026/1050_SKULL.png
1050,SPLASH,,Splatter,False,0750,https://onepiecewt100-2026.com/assets/faces-84x84/0750.png,polls/wt100_2026/1050_SPLASH.png
1050,TIGHTRORE FUNAN BOROS,,,False,0044,https://onepiecewt100-2026.com/assets/faces-84x84/0044.png,polls/wt100_2026/1050_TIGHTRORE_FUNAN_BOROS.png
1050,THORMANN,,Thormann,False,1539,https://onepiecewt100-2026.com/assets/faces-84x84/1539.png,polls/wt100_2026/1050_THORMANN.png
1050,HASSAIKAI (Anthropomorphized Form),,,False,1382,https://onepiecewt100-2026.com/assets/faces-84x84/1382.png,polls/wt100_2026/1050_HASSAIKAI_Anthropomorphized_Form.png
1050,PAPAS,,Papas,False,1399,https://onepiecewt100-2026.com/assets/faces-84x84/1399.png,polls/wt100_2026/1050_PAPAS.png
1050,Mr. SHIMIZU,,Mr._Shimizu,False,0135,https://onepiecewt100-2026.com/assets/faces-84x84/0135.png,polls/wt100_2026/1050_Mr_SHIMIZU.png
1050,FOURTH-RATE CHUMP,,,False,0889,https://onepiecewt100-2026.com/assets/faces-84x84/0889.png,polls/wt100_2026/1050_FOURTH_RATE_CHUMP.png
1065,ANKORO,,Ankoro,False,0707,https://onepiecewt100-2026.com/assets/faces-84x84/0707.png,polls/wt100_2026/1065_ANKORO.png
1065,KAZENBO,,Kazenbo,False,1392,https://onepiecewt100-2026.com/assets/faces-84x84/1392.png,polls/wt100_2026/1065_KAZENBO.png
1065,KANESHIRO,,Kaneshiro,False,0098,https://onepiecewt100-2026.com/assets/faces-84x84/0098.png,polls/wt100_2026/1065_KANESHIRO.png
1065,KECHATCH,,Kechatch,False,0639,https://onepiecewt100-2026.com/assets/faces-84x84/0639.png,polls/wt100_2026/1065_KECHATCH.png
1065,GENRIN,,Genrin,False,1236,https://onepiecewt100-2026.com/assets/faces-84x84/1236.png,polls/wt100_2026/1065_GENRIN.png
1065,GORO,,Goro,False,0348,https://onepiecewt100-2026.com/assets/faces-84x84/0348.png,polls/wt100_2026/1065_GORO.png
1065,CHOI,,Choi,False,0695,https://onepiecewt100-2026.com/assets/faces-84x84/0695.png,polls/wt100_2026/1065_CHOI.png
1065,TEA IV,,Tea_IV,False,1108,https://onepiecewt100-2026.com/assets/faces-84x84/1108.png,polls/wt100_2026/1065_TEA_IV.png
1065,PUZZLE SCORPIONS,,,False,0573,https://onepiecewt100-2026.com/assets/faces-84x84/0573.png,polls/wt100_2026/1065_PUZZLE_SCORPIONS.png
1065,BEEYO,,,False,0782,https://onepiecewt100-2026.com/assets/faces-84x84/0782.png,polls/wt100_2026/1065_BEEYO.png
1065,FUGETSU OMUSUBI,,Fugetsu_Omusubi,False,1385,https://onepiecewt100-2026.com/assets/faces-84x84/1385.png,polls/wt100_2026/1065_FUGETSU_OMUSUBI.png
1065,MADSAURUS,,,False,1121,https://onepiecewt100-2026.com/assets/faces-84x84/1121.png,polls/wt100_2026/1065_MADSAURUS.png
1065,MATRYOSAKA,,Matryo_Princesses,True,1084,https://onepiecewt100-2026.com/assets/faces-84x84/1084.png,polls/wt100_2026/1065_MATRYOSAKA.png
1065,YUEY,,,False,1317,https://onepiecewt100-2026.com/assets/faces-84x84/1317.png,polls/wt100_2026/1065_YUEY.png
1065,EUREKA,,,False,0169,https://onepiecewt100-2026.com/assets/faces-84x84/0169.png,polls/wt100_2026/1065_EUREKA.png
1065,ROKKI,,Rokki,False,1412,https://onepiecewt100-2026.com/assets/faces-84x84/1412.png,polls/wt100_2026/1065_ROKKI.png
1081,AKUMAI,,Akumai,False,0151,https://onepiecewt100-2026.com/assets/faces-84x84/0151.png,polls/wt100_2026/1081_AKUMAI.png
1081,DUMAS REGAL IX,,,False,0660,https://onepiecewt100-2026.com/assets/faces-84x84/0660.png,polls/wt100_2026/1081_DUMAS_REGAL_IX.png
1081,OOKLICIA,,,False,1040,https://onepiecewt100-2026.com/assets/faces-84x84/1040.png,polls/wt100_2026/1081_OOKLICIA.png
1081,ULTRA KING,,King,True,0199,https://onepiecewt100-2026.com/assets/faces-84x84/0199.png,polls/wt100_2026/1081_ULTRA_KING.png
1081,OYDAY,,,False,1112,https://onepiecewt100-2026.com/assets/faces-84x84/1112.png,polls/wt100_2026/1081_OYDAY.png
1081,TAKA (TAKAO),,Taka,False,1193,https://onepiecewt100-2026.com/assets/faces-84x84/1193.png,polls/wt100_2026/1081_TAKA_TAKAO.png
1081,KUNYUN,,Kunyun,False,1381,https://onepiecewt100-2026.com/assets/faces-84x84/1381.png,polls/wt100_2026/1081_KUNYUN.png
1081,KOMBU,,,False,0781,https://onepiecewt100-2026.com/assets/faces-84x84/0781.png,polls/wt100_2026/1081_KOMBU.png
1081,SEAGULL GANZ NOZUDON,,Seagull_Guns_Nozdon,False,1276,https://onepiecewt100-2026.com/assets/faces-84x84/1276.png,polls/wt100_2026/1081_SEAGULL_GANZ_NOZUDON.png
1081,JIGOKU-BENTEN,,Jigoku_Benten,False,1220,https://onepiecewt100-2026.com/assets/faces-84x84/1220.png,polls/wt100_2026/1081_JIGOKU_BENTEN.png
1081,SAINT JALMACK,,Jalmack,False,0662,https://onepiecewt100-2026.com/assets/faces-84x84/0662.png,polls/wt100_2026/1081_SAINT_JALMACK.png
1081,SHAMBA,,,False,0563,https://onepiecewt100-2026.com/assets/faces-84x84/0563.png,polls/wt100_2026/1081_SHAMBA.png
1081,TAKERU (Anthropomorphized Form),,,False,1383,https://onepiecewt100-2026.com/assets/faces-84x84/1383.png,polls/wt100_2026/1081_TAKERU_Anthropomorphized_Form.png
1081,DADEEDEE,,,False,1561,https://onepiecewt100-2026.com/assets/faces-84x84/1561.png,polls/wt100_2026/1081_DADEEDEE.png
1081,TOSA,,Tosa,False,1473,https://onepiecewt100-2026.com/assets/faces-84x84/1473.png,polls/wt100_2026/1081_TOSA.png
1081,CATFISH VILLAGE ELDER,,,False,0226,https://onepiecewt100-2026.com/assets/faces-84x84/0226.png,polls/wt100_2026/1081_CATFISH_VILLAGE_ELDER.png
1081,PEACH-COLORED HORNETS,,,False,0863,https://onepiecewt100-2026.com/assets/faces-84x84/0863.png,polls/wt100_2026/1081_PEACH_COLORED_HORNETS.png
1081,PORCHEMY,,Porchemy,False,0655,https://onepiecewt100-2026.com/assets/faces-84x84/0655.png,polls/wt100_2026/1081_PORCHEMY.png
1081,NOTTA MAGICIAN,,,False,0590,https://onepiecewt100-2026.com/assets/faces-84x84/0590.png,polls/wt100_2026/1081_NOTTA_MAGICIAN.png
1081,LONZ,,Lonz,False,0617,https://onepiecewt100-2026.com/assets/faces-84x84/0617.png,polls/wt100_2026/1081_LONZ.png
1101,UZUKI TEMPURA,,Uzuki_Tempura,False,1384,https://onepiecewt100-2026.com/assets/faces-84x84/1384.png,polls/wt100_2026/1101_UZUKI_TEMPURA.png
1101,EDDY,,Eddy,False,0240,https://onepiecewt100-2026.com/assets/faces-84x84/0240.png,polls/wt100_2026/1101_EDDY.png
1101,ERIC,,,False,0196,https://onepiecewt100-2026.com/assets/faces-84x84/0196.png,polls/wt100_2026/1101_ERIC.png
1101,OCTOPAKO,,Octopako,False,0217,https://onepiecewt100-2026.com/assets/faces-84x84/0217.png,polls/wt100_2026/1101_OCTOPAKO.png
1101,CAIMAN-LADY,,Caimanlady,False,1375,https://onepiecewt100-2026.com/assets/faces-84x84/1375.png,polls/wt100_2026/1101_CAIMAN_LADY.png
1101,KOITO,,Koito,False,1209,https://onepiecewt100-2026.com/assets/faces-84x84/1209.png,polls/wt100_2026/1101_KOITO.png
1101,THIRD-RATE CHUMP,,,False,0881,https://onepiecewt100-2026.com/assets/faces-84x84/0881.png,polls/wt100_2026/1101_THIRD_RATE_CHUMP.png
1101,CHARLOTTE COUNTER,,Charlotte_Counter,False,0974,https://onepiecewt100-2026.com/assets/faces-84x84/0974.png,polls/wt100_2026/1101_CHARLOTTE_COUNTER.png
1101,JUDGE GEORGE,,,False,0386,https://onepiecewt100-2026.com/assets/faces-84x84/0386.png,polls/wt100_2026/1101_JUDGE_GEORGE.png
1101,WANNABI LUVD,,,False,1300,https://onepiecewt100-2026.com/assets/faces-84x84/1300.png,polls/wt100_2026/1101_WANNABI_LUVD.png
1101,STAYBE,,,False,0389,https://onepiecewt100-2026.com/assets/faces-84x84/0389.png,polls/wt100_2026/1101_STAYBE.png
1101,SPLATTER,,Splatter,True,0751,https://onepiecewt100-2026.com/assets/faces-84x84/0751.png,polls/wt100_2026/1101_SPLATTER.png
1101,SETO,,Seto,False,0315,https://onepiecewt100-2026.com/assets/faces-84x84/0315.png,polls/wt100_2026/1101_SETO.png
1101,TAMACHIBI,,Tamachibi,False,0159,https://onepiecewt100-2026.com/assets/faces-84x84/0159.png,polls/wt100_2026/1101_TAMACHIBI.png
1101,FUKUMI,,,False,1560,https://onepiecewt100-2026.com/assets/faces-84x84/1560.png,polls/wt100_2026/1101_FUKUMI.png
1101,BELLADONNA,,Belladonna,False,0539,https://onepiecewt100-2026.com/assets/faces-84x84/0539.png,polls/wt100_2026/1101_BELLADONNA.png
1101,11 RIGHTEOUS JURORS,,,False,0409,https://onepiecewt100-2026.com/assets/faces-84x84/0409.png,polls/wt100_2026/1101_11_RIGHTEOUS_JURORS.png
1118,GANCHO,,Gancho,False,0851,https://onepiecewt100-2026.com/assets/faces-84x84/0851.png,polls/wt100_2026/1118_GANCHO.png
1118,CHARLOTTE COMPO,,Charlotte_Compo,False,1564,https://onepiecewt100-2026.com/assets/faces-84x84/1564.png,polls/wt100_2026/1118_CHARLOTTE_COMPO.png
1118,CHARLOTTE NEWICHI,,Charlotte_Decuplets,False,1051,https://onepiecewt100-2026.com/assets/faces-84x84/1051.png,polls/wt100_2026/1118_CHARLOTTE_NEWICHI.png
1118,SCORPION-LADY,,Scorpionlady,False,1356,https://onepiecewt100-2026.com/assets/faces-84x84/1356.png,polls/wt100_2026/1118_SCORPION_LADY.png
1118,TARALAN,,,False,0475,https://onepiecewt100-2026.com/assets/faces-84x84/0475.png,polls/wt100_2026/1118_TARALAN.png
1118,ANTLERKOV,,,False,0595,https://onepiecewt100-2026.com/assets/faces-84x84/0595.png,polls/wt100_2026/1118_ANTLERKOV.png
1118,Dr. OOH,,,False,0224,https://onepiecewt100-2026.com/assets/faces-84x84/0224.png,polls/wt100_2026/1118_Dr_OOH.png
1118,BEAK REMARK,,Beak_Remark,False,0703,https://onepiecewt100-2026.com/assets/faces-84x84/0703.png,polls/wt100_2026/1118_BEAK_REMARK.png
1118,HIPPIE THE SKULL CURRY,,,False,1496,https://onepiecewt100-2026.com/assets/faces-84x84/1496.png,polls/wt100_2026/1118_HIPPIE_THE_SKULL_CURRY.png
1118,FUZA,,Fuza,False,0284,https://onepiecewt100-2026.com/assets/faces-84x84/0284.png,polls/wt100_2026/1118_FUZA.png
1118,HEPPOKO,,Heppoko,False,0030,https://onepiecewt100-2026.com/assets/faces-84x84/0030.png,polls/wt100_2026/1118_HEPPOKO.png
1118,MATRYOSEKA,,Matryo_Princesses,True,1086,https://onepiecewt100-2026.com/assets/faces-84x84/1086.png,polls/wt100_2026/1118_MATRYOSEKA.png
1118,Mr. LOVE,,Mr._Love,False,0221,https://onepiecewt100-2026.com/assets/faces-84x84/0221.png,polls/wt100_2026/1118_Mr_LOVE.png
1131,GAMBO,,Gambo,False,1464,https://onepiecewt100-2026.com/assets/faces-84x84/1464.png,polls/wt100_2026/1131_GAMBO.png
1131,GLUTBUNNY (EAR GOD),,Glutbunny,False,1504,https://onepiecewt100-2026.com/assets/faces-84x84/1504.png,polls/wt100_2026/1131_GLUTBUNNY_EAR_GOD.png
1131,GREAT MICHAEL,,Great_Michael,False,0692,https://onepiecewt100-2026.com/assets/faces-84x84/0692.png,polls/wt100_2026/1131_GREAT_MICHAEL.png
1131,CORGY,,,False,0375,https://onepiecewt100-2026.com/assets/faces-84x84/0375.png,polls/wt100_2026/1131_CORGY.png
1131,KOMA DANE,,,False,1238,https://onepiecewt100-2026.com/assets/faces-84x84/1238.png,polls/wt100_2026/1131_KOMA_DANE.png
1131,CHARLOTTE NEWSHI,,Charlotte_Decuplets,True,1054,https://onepiecewt100-2026.com/assets/faces-84x84/1054.png,polls/wt100_2026/1131_CHARLOTTE_NEWSHI.png
1131,JUDI,,,False,0519,https://onepiecewt100-2026.com/assets/faces-84x84/0519.png,polls/wt100_2026/1131_JUDI.png
1131,Dr. POTSUN,,Potsun,False,0231,https://onepiecewt100-2026.com/assets/faces-84x84/0231.png,polls/wt100_2026/1131_Dr_POTSUN.png
1131,PICKLES,,Pickles,False,0344,https://onepiecewt100-2026.com/assets/faces-84x84/0344.png,polls/wt100_2026/1131_PICKLES.png
1131,SAWYER WAYBACK,,,False,0847,https://onepiecewt100-2026.com/assets/faces-84x84/0847.png,polls/wt100_2026/1131_SAWYER_WAYBACK.png
1131,FOREST BOSS,,Forest_Boss,False,0376,https://onepiecewt100-2026.com/assets/faces-84x84/0376.png,polls/wt100_2026/1131_FOREST_BOSS.png
1131,WARAZANE,,Sugamichi_and_Warazane,False,1213,https://onepiecewt100-2026.com/assets/faces-84x84/1213.png,polls/wt100_2026/1131_WARAZANE.png
1143,ISLEWAN,,Islewan,False,0640,https://onepiecewt100-2026.com/assets/faces-84x84/0640.png,polls/wt100_2026/1143_ISLEWAN.png
1143,RATHERBY SEIFER,,,False,0572,https://onepiecewt100-2026.com/assets/faces-84x84/0572.png,polls/wt100_2026/1143_RATHERBY_SEIFER.png
1143,UTAN DIVERS,,Utan_Divers,False,0246,https://onepiecewt100-2026.com/assets/faces-84x84/0246.png,polls/wt100_2026/1143_UTAN_DIVERS.png
1143,GENISTA,,,False,0555,https://onepiecewt100-2026.com/assets/faces-84x84/0555.png,polls/wt100_2026/1143_GENISTA.png
1143,CRONE OLI,,Oli,False,1454,https://onepiecewt100-2026.com/assets/faces-84x84/1454.png,polls/wt100_2026/1143_CRONE_OLI.png
1143,MUSHROOM,,,False,0592,https://onepiecewt100-2026.com/assets/faces-84x84/0592.png,polls/wt100_2026/1143_MUSHROOM.png
1143,KOMAKKOV,,,False,1478,https://onepiecewt100-2026.com/assets/faces-84x84/1478.png,polls/wt100_2026/1143_KOMAKKOV.png
1143,KOMA BIRD,,,False,1240,https://onepiecewt100-2026.com/assets/faces-84x84/1240.png,polls/wt100_2026/1143_KOMA_BIRD.png
1143,SANDORA LIZARD,,,False,0185,https://onepiecewt100-2026.com/assets/faces-84x84/0185.png,polls/wt100_2026/1143_SANDORA_LIZARD.png
1143,SHEEPSHEAD,,Sheepshead,False,0920,https://onepiecewt100-2026.com/assets/faces-84x84/0920.png,polls/wt100_2026/1143_SHEEPSHEAD.png
1143,CHARLOTTE NEWSAN,,Charlotte_Decuplets,True,1053,https://onepiecewt100-2026.com/assets/faces-84x84/1053.png,polls/wt100_2026/1143_CHARLOTTE_NEWSAN.png
1143,TAMA (SPHINX),,Tama,True,1111,https://onepiecewt100-2026.com/assets/faces-84x84/1111.png,polls/wt100_2026/1143_TAMA_SPHINX.png
1143,TARO,,Taro,False,1313,https://onepiecewt100-2026.com/assets/faces-84x84/1313.png,polls/wt100_2026/1143_TARO.png
1143,LINARIA THE IGNITER,,,False,1461,https://onepiecewt100-2026.com/assets/faces-84x84/1461.png,polls/wt100_2026/1143_LINARIA_THE_IGNITER.png
1143,TOKIJIRO,,Tokijiro,False,1204,https://onepiecewt100-2026.com/assets/faces-84x84/1204.png,polls/wt100_2026/1143_TOKIJIRO.png
1143,PALMS,,Palms,False,0632,https://onepiecewt100-2026.com/assets/faces-84x84/0632.png,polls/wt100_2026/1143_PALMS.png
1143,PANSY,,Pansy,False,0544,https://onepiecewt100-2026.com/assets/faces-84x84/0544.png,polls/wt100_2026/1143_PANSY.png
1143,BOO,,Boo,False,0814,https://onepiecewt100-2026.com/assets/faces-84x84/0814.png,polls/wt100_2026/1143_BOO.png
1143,WHEEL,,Wheel,False,1101,https://onepiecewt100-2026.com/assets/faces-84x84/1101.png,polls/wt100_2026/1143_WHEEL.png
1143,POPPOKO,,Poppoko,False,0032,https://onepiecewt100-2026.com/assets/faces-84x84/0032.png,polls/wt100_2026/1143_POPPOKO.png
1143,YAMON,,Yamon,False,1554,https://onepiecewt100-2026.com/assets/faces-84x84/1554.png,polls/wt100_2026/1143_YAMON.png
1143,LACUBA,,Lacuba,False,0529,https://onepiecewt100-2026.com/assets/faces-84x84/0529.png,polls/wt100_2026/1143_LACUBA.png
1143,RAMBA,,Ramba,False,0627,https://onepiecewt100-2026.com/assets/faces-84x84/0627.png,polls/wt100_2026/1143_RAMBA.png
1143,ROKKAKU,,Rokkaku,False,0038,https://onepiecewt100-2026.com/assets/faces-84x84/0038.png,polls/wt100_2026/1143_ROKKAKU.png
1167,KAMIJIRO,,Kamijiro,False,1152,https://onepiecewt100-2026.com/assets/faces-84x84/1152.png,polls/wt100_2026/1167_KAMIJIRO.png
1167,GOTTI,,Gotti,False,0939,https://onepiecewt100-2026.com/assets/faces-84x84/0939.png,polls/wt100_2026/1167_GOTTI.png
1167,ZANKI,,Zanki,False,1391,https://onepiecewt100-2026.com/assets/faces-84x84/1391.png,polls/wt100_2026/1167_ZANKI.png
1167,SHINOSUKE,,Shinosuke,False,1268,https://onepiecewt100-2026.com/assets/faces-84x84/1268.png,polls/wt100_2026/1167_SHINOSUKE.png
1167,SPANDINE,,Spandine,False,0422,https://onepiecewt100-2026.com/assets/faces-84x84/0422.png,polls/wt100_2026/1167_SPANDINE.png
1167,FIYONCE,,,False,0719,https://onepiecewt100-2026.com/assets/faces-84x84/0719.png,polls/wt100_2026/1167_FIYONCE.png
1167,PELLINI,,Pellini,False,0853,https://onepiecewt100-2026.com/assets/faces-84x84/0853.png,polls/wt100_2026/1167_PELLINI.png
1167,MUMMY,,Mummy,False,0835,https://onepiecewt100-2026.com/assets/faces-84x84/0835.png,polls/wt100_2026/1167_MUMMY.png
1167,MONDA,,Monda,False,0343,https://onepiecewt100-2026.com/assets/faces-84x84/0343.png,polls/wt100_2026/1167_MONDA.png
1167,LINES,,Lines,False,0079,https://onepiecewt100-2026.com/assets/faces-84x84/0079.png,polls/wt100_2026/1167_LINES.png
1167,LEONERO,,Leonero,False,1372,https://onepiecewt100-2026.com/assets/faces-84x84/1372.png,polls/wt100_2026/1167_LEONERO.png
1178,ELMY,,Elmy,False,0626,https://onepiecewt100-2026.com/assets/faces-84x84/0626.png,polls/wt100_2026/1178_ELMY.png
1178,KAIREN,,Kairen,False,0734,https://onepiecewt100-2026.com/assets/faces-84x84/0734.png,polls/wt100_2026/1178_KAIREN.png
1178,NIMBLE FUWARS,,,False,0048,https://onepiecewt100-2026.com/assets/faces-84x84/0048.png,polls/wt100_2026/1178_NIMBLE_FUWARS.png
1178,GROGGYSAURUS,,,False,1536,https://onepiecewt100-2026.com/assets/faces-84x84/1536.png,polls/wt100_2026/1178_GROGGYSAURUS.png
1178,KEBI,,Kebi,False,0191,https://onepiecewt100-2026.com/assets/faces-84x84/0191.png,polls/wt100_2026/1178_KEBI.png
1178,CHARLOTTE NEWGO,,,False,1055,https://onepiecewt100-2026.com/assets/faces-84x84/1055.png,polls/wt100_2026/1178_CHARLOTTE_NEWGO.png
1178,CHARLOTTE PRIM,,Charlotte_Prim,False,1069,https://onepiecewt100-2026.com/assets/faces-84x84/1069.png,polls/wt100_2026/1178_CHARLOTTE_PRIM.png
1178,SAUCE,,Sauce,False,1096,https://onepiecewt100-2026.com/assets/faces-84x84/1096.png,polls/wt100_2026/1178_SAUCE.png
1178,ZODIA,,Zodia,False,0631,https://onepiecewt100-2026.com/assets/faces-84x84/0631.png,polls/wt100_2026/1178_ZODIA.png
1178,TAKE,,Take,False,0104,https://onepiecewt100-2026.com/assets/faces-84x84/0104.png,polls/wt100_2026/1178_TAKE.png
1178,CHOKYUMEI‐NO CHOSUKE,,Chokyumei-no_Chosuke,False,1267,https://onepiecewt100-2026.com/assets/faces-84x84/1267.png,polls/wt100_2026/1178_CHOKYUMEI_NO_CHOSUKE.png
1178,NIN,,,False,0463,https://onepiecewt100-2026.com/assets/faces-84x84/0463.png,polls/wt100_2026/1178_NIN.png
1178,BAO,,,False,0465,https://onepiecewt100-2026.com/assets/faces-84x84/0465.png,polls/wt100_2026/1178_BAO.png
1178,MASHIKAKU,,Mashikaku,False,0120,https://onepiecewt100-2026.com/assets/faces-84x84/0120.png,polls/wt100_2026/1178_MASHIKAKU.png
1178,MAX MARX,,MAX_Marx,False,1319,https://onepiecewt100-2026.com/assets/faces-84x84/1319.png,polls/wt100_2026/1178_MAX_MARX.png
1178,LOWWING,,,False,1323,https://onepiecewt100-2026.com/assets/faces-84x84/1323.png,polls/wt100_2026/1178_LOWWING.png
1194,INHEL,,Inhel,False,0867,https://onepiecewt100-2026.com/assets/faces-84x84/0867.png,polls/wt100_2026/1194_INHEL.png
1194,KAPPA,,Kappa,False,0194,https://onepiecewt100-2026.com/assets/faces-84x84/0194.png,polls/wt100_2026/1194_KAPPA.png
1194,KOMA DEER,,,False,1131,https://onepiecewt100-2026.com/assets/faces-84x84/1131.png,polls/wt100_2026/1194_KOMA_DEER.png
1194,CHARLOTTE HARUMEG,,,False,1059,https://onepiecewt100-2026.com/assets/faces-84x84/1059.png,polls/wt100_2026/1194_CHARLOTTE_HARUMEG.png
1194,SHARINGLE,,,False,0438,https://onepiecewt100-2026.com/assets/faces-84x84/0438.png,polls/wt100_2026/1194_SHARINGLE.png
1194,DEZ TINNY,,,False,0570,https://onepiecewt100-2026.com/assets/faces-84x84/0570.png,polls/wt100_2026/1194_DEZ_TINNY.png
1194,JEAN NOUEILLES,,Jean_Noueilles,False,0767,https://onepiecewt100-2026.com/assets/faces-84x84/0767.png,polls/wt100_2026/1194_JEAN_NOUEILLES.png
1194,CHESS PIECEKEEPERS,,,False,0991,https://onepiecewt100-2026.com/assets/faces-84x84/0991.png,polls/wt100_2026/1194_CHESS_PIECEKEEPERS.png
1194,SNOTT MEE,,,False,0069,https://onepiecewt100-2026.com/assets/faces-84x84/0069.png,polls/wt100_2026/1194_SNOTT_MEE.png
1194,BEETLE-MAN,,Beetleman,False,1346,https://onepiecewt100-2026.com/assets/faces-84x84/1346.png,polls/wt100_2026/1194_BEETLE_MAN.png
1194,HILMUNGARDR,,Hilmungardr,False,1502,https://onepiecewt100-2026.com/assets/faces-84x84/1502.png,polls/wt100_2026/1194_HILMUNGARDR.png
1194,FOOTBIANCO,,Footbianco,False,0403,https://onepiecewt100-2026.com/assets/faces-84x84/0403.png,polls/wt100_2026/1194_FOOTBIANCO.png
1194,SAINT PLUMING,,Pluming,False,1466,https://onepiecewt100-2026.com/assets/faces-84x84/1466.png,polls/wt100_2026/1194_SAINT_PLUMING.png
1194,PEPPOKO,,Peppoko,False,0031,https://onepiecewt100-2026.com/assets/faces-84x84/0031.png,polls/wt100_2026/1194_PEPPOKO.png
1194,HOLDEM,,,False,1142,https://onepiecewt100-2026.com/assets/faces-84x84/1142.png,polls/wt100_2026/1194_HOLDEM.png
1194,MILO (ONEPOCO),,Milo,False,0860,https://onepiecewt100-2026.com/assets/faces-84x84/0860.png,polls/wt100_2026/1194_MILO_ONEPOCO.png
1194,MAIDY,,Maidy,False,0228,https://onepiecewt100-2026.com/assets/faces-84x84/0228.png,polls/wt100_2026/1194_MAIDY.png
1194,MEADOWS,,Meadows,False,0836,https://onepiecewt100-2026.com/assets/faces-84x84/0836.png,polls/wt100_2026/1194_MEADOWS.png
1194,MOCHI,,Mochi,False,0308,https://onepiecewt100-2026.com/assets/faces-84x84/0308.png,polls/wt100_2026/1194_MOCHI.png
1194,RAIJIN,,Raijin,False,1211,https://onepiecewt100-2026.com/assets/faces-84x84/1211.png,polls/wt100_2026/1194_RAIJIN.png
1194,LANGRAM,,,False,1547,https://onepiecewt100-2026.com/assets/faces-84x84/1547.png,polls/wt100_2026/1194_LANGRAM.png
1215,FUGAR THE ADDENTURER,,,False,1459,https://onepiecewt100-2026.com/assets/faces-84x84/1459.png,polls/wt100_2026/1215_FUGAR_THE_ADDENTURER.png
1215,KAMAKIRI-GIRL,,Kamakirigirl,False,1347,https://onepiecewt100-2026.com/assets/faces-84x84/1347.png,polls/wt100_2026/1215_KAMAKIRI_GIRL.png
1215,GRAM,,Gram,False,0417,https://onepiecewt100-2026.com/assets/faces-84x84/0417.png,polls/wt100_2026/1215_GRAM.png
1215,GORISHIRO,,Gorishiro,False,1362,https://onepiecewt100-2026.com/assets/faces-84x84/1362.png,polls/wt100_2026/1215_GORISHIRO.png
1215,CHARLOTTE DACQUOISE,,Charlotte_Dacquoise,False,0999,https://onepiecewt100-2026.com/assets/faces-84x84/0999.png,polls/wt100_2026/1215_CHARLOTTE_DACQUOISE.png
1215,CHARLOTTE TABLET,,Charlotte_Tablet,False,1021,https://onepiecewt100-2026.com/assets/faces-84x84/1021.png,polls/wt100_2026/1215_CHARLOTTE_TABLET.png
1215,CHARLOTTE BASSKARTE,,Charlotte_Basskarte,False,1025,https://onepiecewt100-2026.com/assets/faces-84x84/1025.png,polls/wt100_2026/1215_CHARLOTTE_BASSKARTE.png
1215,CHARLOTTE BROYE,,Charlotte_Broyé,False,1035,https://onepiecewt100-2026.com/assets/faces-84x84/1035.png,polls/wt100_2026/1215_CHARLOTTE_BROYE.png
1215,SHIRORA,,,False,0157,https://onepiecewt100-2026.com/assets/faces-84x84/0157.png,polls/wt100_2026/1215_SHIRORA.png
1215,DOUBT BROTHERS,,Doubt_Brothers,False,1342,https://onepiecewt100-2026.com/assets/faces-84x84/1342.png,polls/wt100_2026/1215_DOUBT_BROTHERS.png
1215,TSUGARU UMI,,Tsugaru_Umi,False,1115,https://onepiecewt100-2026.com/assets/faces-84x84/1115.png,polls/wt100_2026/1215_TSUGARU_UMI.png
1215,TSUMONSIEUR KAMAYA,,Tsumonsieur_Kamaya,False,0424,https://onepiecewt100-2026.com/assets/faces-84x84/0424.png,polls/wt100_2026/1215_TSUMONSIEUR_KAMAYA.png
1215,DOBON,,Dobon,False,1188,https://onepiecewt100-2026.com/assets/faces-84x84/1188.png,polls/wt100_2026/1215_DOBON.png
1215,NERINE,,Nerine,False,0541,https://onepiecewt100-2026.com/assets/faces-84x84/0541.png,polls/wt100_2026/1215_NERINE.png
1215,HUMPHREY,,Humphrey,False,0702,https://onepiecewt100-2026.com/assets/faces-84x84/0702.png,polls/wt100_2026/1215_HUMPHREY.png
1215,BISHONURE-ONNA,,Bishonure-Onna,False,1364,https://onepiecewt100-2026.com/assets/faces-84x84/1364.png,polls/wt100_2026/1215_BISHONURE_ONNA.png
1215,BLUEJAM,,Bluejam,False,0656,https://onepiecewt100-2026.com/assets/faces-84x84/0656.png,polls/wt100_2026/1215_BLUEJAM.png
1215,BOBOMBA,,Bobomba,False,0856,https://onepiecewt100-2026.com/assets/faces-84x84/0856.png,polls/wt100_2026/1215_BOBOMBA.png
1215,MACRO,,Macro,True,0491,https://onepiecewt100-2026.com/assets/faces-84x84/0491.png,polls/wt100_2026/1215_MACRO.png
1215,MATRYOSUKA,,Matryo_Princesses,True,1085,https://onepiecewt100-2026.com/assets/faces-84x84/1085.png,polls/wt100_2026/1215_MATRYOSUKA.png
1215,MANI,,Mani,False,0242,https://onepiecewt100-2026.com/assets/faces-84x84/0242.png,polls/wt100_2026/1215_MANI.png
1215,STINGMORE,,,False,1499,https://onepiecewt100-2026.com/assets/faces-84x84/1499.png,polls/wt100_2026/1215_STINGMORE.png
1215,Dr. NOSHIRTKUTZ TOFAYME,,,False,1299,https://onepiecewt100-2026.com/assets/faces-84x84/1299.png,polls/wt100_2026/1215_Dr_NOSHIRTKUTZ_TOFAYME.png
1215,ROSS,,Ross,False,0239,https://onepiecewt100-2026.com/assets/faces-84x84/0239.png,polls/wt100_2026/1215_ROSS.png
1215,WANYUDO,,Wanyudo,False,1380,https://onepiecewt100-2026.com/assets/faces-84x84/1380.png,polls/wt100_2026/1215_WANYUDO.png
1240,AGYO (FIGHTING LION),,Agyo,False,0837,https://onepiecewt100-2026.com/assets/faces-84x84/0837.png,polls/wt100_2026/1240_AGYO_FIGHTING_LION.png
1240,MOTHER ASWA,,Aswa,False,0192,https://onepiecewt100-2026.com/assets/faces-84x84/0192.png,polls/wt100_2026/1240_MOTHER_ASWA.png
1240,SEA BEAR,,,False,0764,https://onepiecewt100-2026.com/assets/faces-84x84/0764.png,polls/wt100_2026/1240_SEA_BEAR.png
1240,ALMIGHTY DOMINGOS,,,False,0045,https://onepiecewt100-2026.com/assets/faces-84x84/0045.png,polls/wt100_2026/1240_ALMIGHTY_DOMINGOS.png
1240,GANGARU,,Gangaru,False,1253,https://onepiecewt100-2026.com/assets/faces-84x84/1253.png,polls/wt100_2026/1240_GANGARU.png
1240,TUSK,,,False,1524,https://onepiecewt100-2026.com/assets/faces-84x84/1524.png,polls/wt100_2026/1240_TUSK.png
1240,KIMEL,,Kimel,False,0602,https://onepiecewt100-2026.com/assets/faces-84x84/0602.png,polls/wt100_2026/1240_KIMEL.png
1240,CAPTAIN GOO,,Goo,False,0480,https://onepiecewt100-2026.com/assets/faces-84x84/0480.png,polls/wt100_2026/1240_CAPTAIN_GOO.png
1240,GYORO,,,False,0464,https://onepiecewt100-2026.com/assets/faces-84x84/0464.png,polls/wt100_2026/1240_GYORO.png
1240,KOTORI,,,False,0303,https://onepiecewt100-2026.com/assets/faces-84x84/0303.png,polls/wt100_2026/1240_KOTORI.png
1240,THANKLIN,,,False,0701,https://onepiecewt100-2026.com/assets/faces-84x84/0701.png,polls/wt100_2026/1240_THANKLIN.png
1240,CHARLOTTE AKIMEG,,,False,1057,https://onepiecewt100-2026.com/assets/faces-84x84/1057.png,polls/wt100_2026/1240_CHARLOTTE_AKIMEG.png
1240,CHARLOTTE CABALETTA,,Charlotte_Cabaletta,False,0976,https://onepiecewt100-2026.com/assets/faces-84x84/0976.png,polls/wt100_2026/1240_CHARLOTTE_CABALETTA.png
1240,CHARLOTTE CHIBOUST,,Charlotte_Chiboust,False,1068,https://onepiecewt100-2026.com/assets/faces-84x84/1068.png,polls/wt100_2026/1240_CHARLOTTE_CHIBOUST.png
1240,CHARLOTTE DE-CHAT,,Charlotte_De-Chat,False,0982,https://onepiecewt100-2026.com/assets/faces-84x84/0982.png,polls/wt100_2026/1240_CHARLOTTE_DE_CHAT.png
1240,CHARLOTTE NEWJI,,,False,1052,https://onepiecewt100-2026.com/assets/faces-84x84/1052.png,polls/wt100_2026/1240_CHARLOTTE_NEWJI.png
1240,CHARLOTTE NOISETTE,,Charlotte_Noisette,False,1022,https://onepiecewt100-2026.com/assets/faces-84x84/1022.png,polls/wt100_2026/1240_CHARLOTTE_NOISETTE.png
1240,CHARLOTTE MARNIER,,Charlotte_Marnier,False,1036,https://onepiecewt100-2026.com/assets/faces-84x84/1036.png,polls/wt100_2026/1240_CHARLOTTE_MARNIER.png
1240,CHARLOTTE MOZART,,Charlotte_Mozart,False,1015,https://onepiecewt100-2026.com/assets/faces-84x84/1015.png,polls/wt100_2026/1240_CHARLOTTE_MOZART.png
1240,CHARLOTTE MONDEE,,Charlotte_Mondée,False,0998,https://onepiecewt100-2026.com/assets/faces-84x84/0998.png,polls/wt100_2026/1240_CHARLOTTE_MONDEE.png
1240,JUMPER,,Jumper,False,1336,https://onepiecewt100-2026.com/assets/faces-84x84/1336.png,polls/wt100_2026/1240_JUMPER.png
1240,DUCKY BREE,,Ducky_Bree,False,1127,https://onepiecewt100-2026.com/assets/faces-84x84/1127.png,polls/wt100_2026/1240_DUCKY_BREE.png
1240,TABUHACHIRO,,Tabuhachiro,False,1158,https://onepiecewt100-2026.com/assets/faces-84x84/1158.png,polls/wt100_2026/1240_TABUHACHIRO.png
1240,TANK LEPANTO,,Tank_Lepanto,False,0842,https://onepiecewt100-2026.com/assets/faces-84x84/0842.png,polls/wt100_2026/1240_TANK_LEPANTO.png
1240,PUPPU,,Puppu,False,0171,https://onepiecewt100-2026.com/assets/faces-84x84/0171.png,polls/wt100_2026/1240_PUPPU.png
1240,HOTORI,,,False,0302,https://onepiecewt100-2026.com/assets/faces-84x84/0302.png,polls/wt100_2026/1240_HOTORI.png
1240,MAG,,Mag,False,1510,https://onepiecewt100-2026.com/assets/faces-84x84/1510.png,polls/wt100_2026/1240_MAG.png
1240,MAMEEMEE,,,False,0108,https://onepiecewt100-2026.com/assets/faces-84x84/0108.png,polls/wt100_2026/1240_MAMEEMEE.png
1240,MON-JI,,,False,0921,https://onepiecewt100-2026.com/assets/faces-84x84/0921.png,polls/wt100_2026/1240_MON_JI.png
1240,LACROIX,,Lacroix,False,0618,https://onepiecewt100-2026.com/assets/faces-84x84/0618.png,polls/wt100_2026/1240_LACROIX.png
1270,ARTHUR,,Arthur,False,0647,https://onepiecewt100-2026.com/assets/faces-84x84/0647.png,polls/wt100_2026/1270_ARTHUR.png
1270,UZUKI NAMIDA,,Uzuki_Namida,False,1249,https://onepiecewt100-2026.com/assets/faces-84x84/1249.png,polls/wt100_2026/1270_UZUKI_NAMIDA.png
1270,EHGANA,,Egana,False,0482,https://onepiecewt100-2026.com/assets/faces-84x84/0482.png,polls/wt100_2026/1270_EHGANA.png
1270,OKAME,,Okame,False,0189,https://onepiecewt100-2026.com/assets/faces-84x84/0189.png,polls/wt100_2026/1270_OKAME.png
1270,GAZELLE-MAN,,Gazelleman,False,1136,https://onepiecewt100-2026.com/assets/faces-84x84/1136.png,polls/wt100_2026/1270_GAZELLE_MAN.png
1270,GARUDAN,,Garudan,False,1254,https://onepiecewt100-2026.com/assets/faces-84x84/1254.png,polls/wt100_2026/1270_GARUDAN.png
1270,GIBERSON,,Giberson,False,1008,https://onepiecewt100-2026.com/assets/faces-84x84/1008.png,polls/wt100_2026/1270_GIBERSON.png
1270,CHARLOTTE DOSMARCHE,,Charlotte_Dosmarche,False,1563,https://onepiecewt100-2026.com/assets/faces-84x84/1563.png,polls/wt100_2026/1270_CHARLOTTE_DOSMARCHE.png
1270,CHARLOTTE NOUGAT,,Charlotte_Nougat,False,1064,https://onepiecewt100-2026.com/assets/faces-84x84/1064.png,polls/wt100_2026/1270_CHARLOTTE_NOUGAT.png
1270,CHARLOTTE BROWNIE,,Charlotte_Brownie,False,1065,https://onepiecewt100-2026.com/assets/faces-84x84/1065.png,polls/wt100_2026/1270_CHARLOTTE_BROWNIE.png
1270,SYND,,,False,0779,https://onepiecewt100-2026.com/assets/faces-84x84/0779.png,polls/wt100_2026/1270_SYND.png
1270,WANNABI LAIKD,,,False,1296,https://onepiecewt100-2026.com/assets/faces-84x84/1296.png,polls/wt100_2026/1270_WANNABI_LAIKD.png
1270,CHIHAYA,,Chihaya,False,1154,https://onepiecewt100-2026.com/assets/faces-84x84/1154.png,polls/wt100_2026/1270_CHIHAYA.png
1270,CHAO,,Chao,False,0880,https://onepiecewt100-2026.com/assets/faces-84x84/0880.png,polls/wt100_2026/1270_CHAO.png
1270,DEVIL DIAS,,Devil_Dias,False,0496,https://onepiecewt100-2026.com/assets/faces-84x84/0496.png,polls/wt100_2026/1270_DEVIL_DIAS.png
1270,BANCRO,,,False,1325,https://onepiecewt100-2026.com/assets/faces-84x84/1325.png,polls/wt100_2026/1270_BANCRO.png
1270,BEER VI,,Beer_VI,False,1083,https://onepiecewt100-2026.com/assets/faces-84x84/1083.png,polls/wt100_2026/1270_BEER_VI.png
1270,BIZARRE,,Bizarre,False,0638,https://onepiecewt100-2026.com/assets/faces-84x84/0638.png,polls/wt100_2026/1270_BIZARRE.png
1270,BUSSHIRI,,Busshiri,False,0413,https://onepiecewt100-2026.com/assets/faces-84x84/0413.png,polls/wt100_2026/1270_BUSSHIRI.png
1270,BLAKEY,,Blakey,False,0772,https://onepiecewt100-2026.com/assets/faces-84x84/0772.png,polls/wt100_2026/1270_BLAKEY.png
1270,MARILYN,,Marilyn,False,0325,https://onepiecewt100-2026.com/assets/faces-84x84/0325.png,polls/wt100_2026/1270_MARILYN.png
1270,Mr. MELOW,,Mr._Mellow,True,0176,https://onepiecewt100-2026.com/assets/faces-84x84/0176.png,polls/wt100_2026/1270_Mr_MELOW.png
1270,YOTSUBANE,,Yotsubane,False,0304,https://onepiecewt100-2026.com/assets/faces-84x84/0304.png,polls/wt100_2026/1270_YOTSUBANE.png
1293,OUTLOOK III,,Outlook_III,False,0657,https://onepiecewt100-2026.com/assets/faces-84x84/0657.png,polls/wt100_2026/1293_OUTLOOK_III.png
1293,AGGIE 68,,Aggie_68,False,1129,https://onepiecewt100-2026.com/assets/faces-84x84/1129.png,polls/wt100_2026/1293_AGGIE_68.png
1293,SEA RABBIT,,,False,0487,https://onepiecewt100-2026.com/assets/faces-84x84/0487.png,polls/wt100_2026/1293_SEA_RABBIT.png
1293,AEGIR,,Aegir,False,1511,https://onepiecewt100-2026.com/assets/faces-84x84/1511.png,polls/wt100_2026/1293_AEGIR.png
1293,EPONY,,,False,0963,https://onepiecewt100-2026.com/assets/faces-84x84/0963.png,polls/wt100_2026/1293_EPONY.png
1293,KASAGOBA,,Kasagoba,False,0709,https://onepiecewt100-2026.com/assets/faces-84x84/0709.png,polls/wt100_2026/1293_KASAGOBA.png
1293,THUNDER (SLEEPTID),,,False,1530,https://onepiecewt100-2026.com/assets/faces-84x84/1530.png,polls/wt100_2026/1293_THUNDER_SLEEPTID.png
1293,KOALA GANG,,,False,0200,https://onepiecewt100-2026.com/assets/faces-84x84/0200.png,polls/wt100_2026/1293_KOALA_GANG.png
1293,CHARLOTTE WAFERS,,Charlotte_Wafers,False,0981,https://onepiecewt100-2026.com/assets/faces-84x84/0981.png,polls/wt100_2026/1293_CHARLOTTE_WAFERS.png
1293,SERIZAWA,,Serizawa,False,1137,https://onepiecewt100-2026.com/assets/faces-84x84/1137.png,polls/wt100_2026/1293_SERIZAWA.png
1293,BURR,,,False,0581,https://onepiecewt100-2026.com/assets/faces-84x84/0581.png,polls/wt100_2026/1293_BURR.png
1293,WCI 31,,,False,1043,https://onepiecewt100-2026.com/assets/faces-84x84/1043.png,polls/wt100_2026/1293_WCI_31.png
1293,PERT,,,False,1484,https://onepiecewt100-2026.com/assets/faces-84x84/1484.png,polls/wt100_2026/1293_PERT.png
1293,HIPPAN NATTE,,Hippan_Natte,False,1246,https://onepiecewt100-2026.com/assets/faces-84x84/1246.png,polls/wt100_2026/1293_HIPPAN_NATTE.png
1293,BJORN,,Bjorn,False,1534,https://onepiecewt100-2026.com/assets/faces-84x84/1534.png,polls/wt100_2026/1293_BJORN.png
1293,HOISASSA,,Hoisassa,False,1239,https://onepiecewt100-2026.com/assets/faces-84x84/1239.png,polls/wt100_2026/1293_HOISASSA.png
1293,POMSKY,,Pomsky,False,1474,https://onepiecewt100-2026.com/assets/faces-84x84/1474.png,polls/wt100_2026/1293_POMSKY.png
1293,MOUSE-MAN,,Mouseman,False,1138,https://onepiecewt100-2026.com/assets/faces-84x84/1138.png,polls/wt100_2026/1293_MOUSE_MAN.png
1293,MIKAZUKI,,Mikazuki,False,0357,https://onepiecewt100-2026.com/assets/faces-84x84/0357.png,polls/wt100_2026/1293_MIKAZUKI.png
1293,Mr. MOMORA,,Mr._Momora,False,1321,https://onepiecewt100-2026.com/assets/faces-84x84/1321.png,polls/wt100_2026/1293_Mr_MOMORA.png
1293,MIHAL,,,False,1128,https://onepiecewt100-2026.com/assets/faces-84x84/1128.png,polls/wt100_2026/1293_MIHAL.png
1293,MUGINN,,Muginn,False,1503,https://onepiecewt100-2026.com/assets/faces-84x84/1503.png,polls/wt100_2026/1293_MUGINN.png
1293,JULIUS,,Julius,False,0699,https://onepiecewt100-2026.com/assets/faces-84x84/0699.png,polls/wt100_2026/1293_JULIUS.png
1293,DU FELD,,,False,1005,https://onepiecewt100-2026.com/assets/faces-84x84/1005.png,polls/wt100_2026/1293_DU_FELD.png
1317,AMMO KNIGHTS,,,False,0741,https://onepiecewt100-2026.com/assets/faces-84x84/0741.png,polls/wt100_2026/1317_AMMO_KNIGHTS.png
1317,VINCENT,,Vincent,False,1273,https://onepiecewt100-2026.com/assets/faces-84x84/1273.png,polls/wt100_2026/1317_VINCENT.png
1317,UZU,,Uzu,False,0785,https://onepiecewt100-2026.com/assets/faces-84x84/0785.png,polls/wt100_2026/1317_UZU.png
1317,SEA HIPPO,,,False,0663,https://onepiecewt100-2026.com/assets/faces-84x84/0663.png,polls/wt100_2026/1317_SEA_HIPPO.png
1317,UMIT,,Umit,False,1009,https://onepiecewt100-2026.com/assets/faces-84x84/1009.png,polls/wt100_2026/1317_UMIT.png
1317,URBAN,,Urban,False,1476,https://onepiecewt100-2026.com/assets/faces-84x84/1476.png,polls/wt100_2026/1317_URBAN.png
1317,CATACOMBO,,Catacombo,False,0706,https://onepiecewt100-2026.com/assets/faces-84x84/0706.png,polls/wt100_2026/1317_CATACOMBO.png
1317,GATTENSHOCHI-NO SUKEO,,Gattenshochinosukeo,False,1265,https://onepiecewt100-2026.com/assets/faces-84x84/1265.png,polls/wt100_2026/1317_GATTENSHOCHI_NO_SUKEO.png
1317,GANRYU,,Ganryu,False,1371,https://onepiecewt100-2026.com/assets/faces-84x84/1371.png,polls/wt100_2026/1317_GANRYU.png
1317,KIBAGAERU,,Kibagaeru,False,0339,https://onepiecewt100-2026.com/assets/faces-84x84/0339.png,polls/wt100_2026/1317_KIBAGAERU.png
1317,GUILLOTINE,,Guillotine,False,1456,https://onepiecewt100-2026.com/assets/faces-84x84/1456.png,polls/wt100_2026/1317_GUILLOTINE.png
1317,KOMATORA,,,False,1257,https://onepiecewt100-2026.com/assets/faces-84x84/1257.png,polls/wt100_2026/1317_KOMATORA.png
1317,SAITANK,,Saitank,False,1355,https://onepiecewt100-2026.com/assets/faces-84x84/1355.png,polls/wt100_2026/1317_SAITANK.png
1317,CHARLOTTE ALLMEG,,,False,1058,https://onepiecewt100-2026.com/assets/faces-84x84/1058.png,polls/wt100_2026/1317_CHARLOTTE_ALLMEG.png
1317,CHARLOTTE SAINT-MARC,,Charlotte_Saint-Marc,False,1023,https://onepiecewt100-2026.com/assets/faces-84x84/1023.png,polls/wt100_2026/1317_CHARLOTTE_SAINT_MARC.png
1317,CHARLOTTE LAURIN,,Charlotte_Laurin,False,1018,https://onepiecewt100-2026.com/assets/faces-84x84/1018.png,polls/wt100_2026/1317_CHARLOTTE_LAURIN.png
1317,JUNAN,,Junan,False,0753,https://onepiecewt100-2026.com/assets/faces-84x84/0753.png,polls/wt100_2026/1317_JUNAN.png
1317,ZAYDE,,,False,0418,https://onepiecewt100-2026.com/assets/faces-84x84/0418.png,polls/wt100_2026/1317_ZAYDE.png
1317,SEN-NO-RIKYURU,,Sennorikyuru,False,1415,https://onepiecewt100-2026.com/assets/faces-84x84/1415.png,polls/wt100_2026/1317_SEN_NO_RIKYURU.png
1317,CHESSKIPPER,,,False,0428,https://onepiecewt100-2026.com/assets/faces-84x84/0428.png,polls/wt100_2026/1317_CHESSKIPPER.png
1317,CHOCHIN-MAN,,Chochinman,False,1339,https://onepiecewt100-2026.com/assets/faces-84x84/1339.png,polls/wt100_2026/1317_CHOCHIN_MAN.png
1317,Dr. FIRSTAID,,,False,0378,https://onepiecewt100-2026.com/assets/faces-84x84/0378.png,polls/wt100_2026/1317_Dr_FIRSTAID.png
1317,DOLAN,,,False,0784,https://onepiecewt100-2026.com/assets/faces-84x84/0784.png,polls/wt100_2026/1317_DOLAN.png
1317,DONKINO,,,False,1315,https://onepiecewt100-2026.com/assets/faces-84x84/1315.png,polls/wt100_2026/1317_DONKINO.png
1317,TONSFER,,Tonsfer,False,0775,https://onepiecewt100-2026.com/assets/faces-84x84/0775.png,polls/wt100_2026/1317_TONSFER.png
1317,NUBON,,Nubon,False,0855,https://onepiecewt100-2026.com/assets/faces-84x84/0855.png,polls/wt100_2026/1317_NUBON.png
1317,BAXCON,,Baxcon,False,0869,https://onepiecewt100-2026.com/assets/faces-84x84/0869.png,polls/wt100_2026/1317_BAXCON.png
1317,HANGAN,,Hangan,False,0641,https://onepiecewt100-2026.com/assets/faces-84x84/0641.png,polls/wt100_2026/1317_HANGAN.png
1317,HIRO GOMON,,Hiro_Gomon,False,1497,https://onepiecewt100-2026.com/assets/faces-84x84/1497.png,polls/wt100_2026/1317_HIRO_GOMON.png
1317,FRANCOIS,,Francois,False,0593,https://onepiecewt100-2026.com/assets/faces-84x84/0593.png,polls/wt100_2026/1317_FRANCOIS.png
1317,COURTHOUSE GUARD DOG UNIT,,,False,0408,https://onepiecewt100-2026.com/assets/faces-84x84/0408.png,polls/wt100_2026/1317_COURTHOUSE_GUARD_DOG_UNIT.png
1317,HORSE-MAN,,Horseman,False,1378,https://onepiecewt100-2026.com/assets/faces-84x84/1378.png,polls/wt100_2026/1317_HORSE_MAN.png
1317,MADILLO-MAN,,Madilloman,False,1234,https://onepiecewt100-2026.com/assets/faces-84x84/1234.png,polls/wt100_2026/1317_MADILLO_MAN.png
1317,RENONA TOPAKKA,,Renona_Topakka,False,1301,https://onepiecewt100-2026.com/assets/faces-84x84/1301.png,polls/wt100_2026/1317_RENONA_TOPAKKA.png
1317,LEMONCHEESE,,Lemoncheese,False,1099,https://onepiecewt100-2026.com/assets/faces-84x84/1099.png,polls/wt100_2026/1317_LEMONCHEESE.png
1317,RODDY,,Roddy,False,0911,https://onepiecewt100-2026.com/assets/faces-84x84/0911.png,polls/wt100_2026/1317_RODDY.png
1353,AGUSHILY,,,False,0698,https://onepiecewt100-2026.com/assets/faces-84x84/0698.png,polls/wt100_2026/1353_AGUSHILY.png
1353,ANBA,,Anba,False,1327,https://onepiecewt100-2026.com/assets/faces-84x84/1327.png,polls/wt100_2026/1353_ANBA.png
1353,WOLF,,Wolf,False,1525,https://onepiecewt100-2026.com/assets/faces-84x84/1525.png,polls/wt100_2026/1353_WOLF.png
1353,WALLEM,,Wallem,False,0684,https://onepiecewt100-2026.com/assets/faces-84x84/0684.png,polls/wt100_2026/1353_WALLEM.png
1353,ETTARA CHAUNKAI,,Ettara_Chaunkai,False,1283,https://onepiecewt100-2026.com/assets/faces-84x84/1283.png,polls/wt100_2026/1353_ETTARA_CHAUNKAI.png
1353,CHOCHO,,Chocho,False,1165,https://onepiecewt100-2026.com/assets/faces-84x84/1165.png,polls/wt100_2026/1353_CHOCHO.png
1353,CANDY,,Candy,False,0534,https://onepiecewt100-2026.com/assets/faces-84x84/0534.png,polls/wt100_2026/1353_CANDY.png
1353,KUROZUMI SEMIMARU,,Kurozumi_Semimaru,False,1305,https://onepiecewt100-2026.com/assets/faces-84x84/1305.png,polls/wt100_2026/1353_KUROZUMI_SEMIMARU.png
1353,KUROZUMI HIGURASHI,,Kurozumi_Higurashi,False,1306,https://onepiecewt100-2026.com/assets/faces-84x84/1306.png,polls/wt100_2026/1353_KUROZUMI_HIGURASHI.png
1353,KOBEI,,,False,1202,https://onepiecewt100-2026.com/assets/faces-84x84/1202.png,polls/wt100_2026/1353_KOBEI.png
1353,KODA,,Koda,False,0327,https://onepiecewt100-2026.com/assets/faces-84x84/0327.png,polls/wt100_2026/1353_KODA.png
1353,GOKI,,Goki,False,1352,https://onepiecewt100-2026.com/assets/faces-84x84/1352.png,polls/wt100_2026/1353_GOKI.png
1353,COMANE,,,False,1077,https://onepiecewt100-2026.com/assets/faces-84x84/1077.png,polls/wt100_2026/1353_COMANE.png
1353,SALTGRILL,,,False,0103,https://onepiecewt100-2026.com/assets/faces-84x84/0103.png,polls/wt100_2026/1353_SALTGRILL.png
1353,SCIMITARTA,,Scimitarta,False,1495,https://onepiecewt100-2026.com/assets/faces-84x84/1495.png,polls/wt100_2026/1353_SCIMITARTA.png
1353,CHARLOTTE UIRO,,Charlotte_Wiro,False,0984,https://onepiecewt100-2026.com/assets/faces-84x84/0984.png,polls/wt100_2026/1353_CHARLOTTE_UIRO.png
1353,CHARLOTTE MASH,,Charlotte_Mash,False,1037,https://onepiecewt100-2026.com/assets/faces-84x84/1037.png,polls/wt100_2026/1353_CHARLOTTE_MASH.png
1353,SUKE,,Suke,True,1189,https://onepiecewt100-2026.com/assets/faces-84x84/1189.png,polls/wt100_2026/1353_SUKE.png
1353,STROGANOFF,,Stroganoff,False,1107,https://onepiecewt100-2026.com/assets/faces-84x84/1107.png,polls/wt100_2026/1353_STROGANOFF.png
1353,TSURUE MON-NO-SUKE,,Suke,True,1225,https://onepiecewt100-2026.com/assets/faces-84x84/1225.png,polls/wt100_2026/1353_TSURUE_MON_NO_SUKE.png
1353,DEIGORO,,Deigoro,False,1278,https://onepiecewt100-2026.com/assets/faces-84x84/1278.png,polls/wt100_2026/1353_DEIGORO.png
1353,DEMONI AIYO,,Demoni_Aiyo,False,1308,https://onepiecewt100-2026.com/assets/faces-84x84/1308.png,polls/wt100_2026/1353_DEMONI_AIYO.png
1353,TENJO-SAGARI,,Tenjo-Sagari,False,1367,https://onepiecewt100-2026.com/assets/faces-84x84/1367.png,polls/wt100_2026/1353_TENJO_SAGARI.png
1353,DONANNOYO,,Donannoyo,False,1187,https://onepiecewt100-2026.com/assets/faces-84x84/1187.png,polls/wt100_2026/1353_DONANNOYO.png
1353,DORINGO,,Doringo,False,1312,https://onepiecewt100-2026.com/assets/faces-84x84/1312.png,polls/wt100_2026/1353_DORINGO.png
1353,NANGI,,Nangi,False,1350,https://onepiecewt100-2026.com/assets/faces-84x84/1350.png,polls/wt100_2026/1353_NANGI.png
1353,ROPE-MASTER CHAPPE,,Chappe,False,0793,https://onepiecewt100-2026.com/assets/faces-84x84/0793.png,polls/wt100_2026/1353_ROPE_MASTER_CHAPPE.png
1353,ABSCONDO,,,False,0427,https://onepiecewt100-2026.com/assets/faces-84x84/0427.png,polls/wt100_2026/1353_ABSCONDO.png
1353,NOKOTTI,,Nokotti,False,1231,https://onepiecewt100-2026.com/assets/faces-84x84/1231.png,polls/wt100_2026/1353_NOKOTTI.png
1353,HERB,,Herb,False,0317,https://onepiecewt100-2026.com/assets/faces-84x84/0317.png,polls/wt100_2026/1353_HERB.png
1353,HUCK (archaeologist of Ohara),,,False,0415,https://onepiecewt100-2026.com/assets/faces-84x84/0415.png,polls/wt100_2026/1353_HUCK_archaeologist_of_Ohara.png
1353,PAVLIK,,Pavlik,False,0636,https://onepiecewt100-2026.com/assets/faces-84x84/0636.png,polls/wt100_2026/1353_PAVLIK.png
1353,BEKORI,,Bekori,False,1488,https://onepiecewt100-2026.com/assets/faces-84x84/1488.png,polls/wt100_2026/1353_BEKORI.png
1353,HAWK-MAN,,Hawkman,False,1279,https://onepiecewt100-2026.com/assets/faces-84x84/1279.png,polls/wt100_2026/1353_HAWK_MAN.png
1353,MASH,,Octopus_Mash,False,0218,https://onepiecewt100-2026.com/assets/faces-84x84/0218.png,polls/wt100_2026/1353_MASH.png
1353,MAYUSHKA,,Mayushika,False,0305,https://onepiecewt100-2026.com/assets/faces-84x84/0305.png,polls/wt100_2026/1353_MAYUSHKA.png
1389,ASLA,,Asla,False,1542,https://onepiecewt100-2026.com/assets/faces-84x84/1542.png,polls/wt100_2026/1389_ASLA.png
1389,ATAGOYAMA,,Atagoyama,False,1145,https://onepiecewt100-2026.com/assets/faces-84x84/1145.png,polls/wt100_2026/1389_ATAGOYAMA.png
1389,AMADOB,,Amadob,False,0683,https://onepiecewt100-2026.com/assets/faces-84x84/0683.png,polls/wt100_2026/1389_AMADOB.png
1389,YVES,,,False,0882,https://onepiecewt100-2026.com/assets/faces-84x84/0882.png,polls/wt100_2026/1389_YVES.png
1389,VITAN,,Vitan,False,0637,https://onepiecewt100-2026.com/assets/faces-84x84/0637.png,polls/wt100_2026/1389_VITAN.png
1389,ELIO,,,False,1324,https://onepiecewt100-2026.com/assets/faces-84x84/1324.png,polls/wt100_2026/1389_ELIO.png
1389,KIEV,,Kiev,False,0364,https://onepiecewt100-2026.com/assets/faces-84x84/0364.png,polls/wt100_2026/1389_KIEV.png
1389,CHARLOTTE KANTEN,,Charlotte_Kanten,False,1032,https://onepiecewt100-2026.com/assets/faces-84x84/1032.png,polls/wt100_2026/1389_CHARLOTTE_KANTEN.png
1389,CHARLOTTE ZUCCOTTO,,Charlotte_Zuccotto,False,1033,https://onepiecewt100-2026.com/assets/faces-84x84/1033.png,polls/wt100_2026/1389_CHARLOTTE_ZUCCOTTO.png
1389,JUJIRO,,Jujiro,False,1180,https://onepiecewt100-2026.com/assets/faces-84x84/1180.png,polls/wt100_2026/1389_JUJIRO.png
1389,SCHOLLZO,,Schollzo,False,0361,https://onepiecewt100-2026.com/assets/faces-84x84/0361.png,polls/wt100_2026/1389_SCHOLLZO.png
1389,CEZAR,,Cezar,False,0966,https://onepiecewt100-2026.com/assets/faces-84x84/0966.png,polls/wt100_2026/1389_CEZAR.png
1389,TOYAMA TSUJIGIRO,,Toyama_Tsujigiro,False,1117,https://onepiecewt100-2026.com/assets/faces-84x84/1117.png,polls/wt100_2026/1389_TOYAMA_TSUJIGIRO.png
1389,TONJIL,,Tonjil,False,0774,https://onepiecewt100-2026.com/assets/faces-84x84/0774.png,polls/wt100_2026/1389_TONJIL.png
1389,NATTO,,Natto,False,0190,https://onepiecewt100-2026.com/assets/faces-84x84/0190.png,polls/wt100_2026/1389_NATTO.png
1389,NURE-ONNA,,Nure-Onna,False,1366,https://onepiecewt100-2026.com/assets/faces-84x84/1366.png,polls/wt100_2026/1389_NURE_ONNA.png
1389,PACKY,,Packy,True,0114,https://onepiecewt100-2026.com/assets/faces-84x84/0114.png,polls/wt100_2026/1389_PACKY.png
1389,GRASSHOPPER-MAN,,,False,1338,https://onepiecewt100-2026.com/assets/faces-84x84/1338.png,polls/wt100_2026/1389_GRASSHOPPER_MAN.png
1389,HAREJI,,Hareji,False,1243,https://onepiecewt100-2026.com/assets/faces-84x84/1243.png,polls/wt100_2026/1389_HAREJI.png
1389,HANZO,,Hanzo,False,1217,https://onepiecewt100-2026.com/assets/faces-84x84/1217.png,polls/wt100_2026/1389_HANZO.png
1389,HIDAYU,,Hidayu,False,1178,https://onepiecewt100-2026.com/assets/faces-84x84/1178.png,polls/wt100_2026/1389_HIDAYU.png
1389,BREW,,Brew,False,0688,https://onepiecewt100-2026.com/assets/faces-84x84/0688.png,polls/wt100_2026/1389_BREW.png
1389,HOCHA,,Hocha,False,0419,https://onepiecewt100-2026.com/assets/faces-84x84/0419.png,polls/wt100_2026/1389_HOCHA.png
1389,MASSUI,,Massui,False,1122,https://onepiecewt100-2026.com/assets/faces-84x84/1122.png,polls/wt100_2026/1389_MASSUI.png
1389,YATAPPE,,Yatappe,False,1263,https://onepiecewt100-2026.com/assets/faces-84x84/1263.png,polls/wt100_2026/1389_YATAPPE.png
1389,RIVERS,,Rivers,False,0238,https://onepiecewt100-2026.com/assets/faces-84x84/0238.png,polls/wt100_2026/1389_RIVERS.png
1415,ALLY,,Ally,False,0783,https://onepiecewt100-2026.com/assets/faces-84x84/0783.png,polls/wt100_2026/1415_ALLY.png
1415,TAKA,,Taka,True,1328,https://onepiecewt100-2026.com/assets/faces-84x84/1328.png,polls/wt100_2026/1415_TAKA.png
1415,OTTOLAND,,Ottoland,False,0402,https://onepiecewt100-2026.com/assets/faces-84x84/0402.png,polls/wt100_2026/1415_OTTOLAND.png
1415,OLAV,,Olav,False,1526,https://onepiecewt100-2026.com/assets/faces-84x84/1526.png,polls/wt100_2026/1415_OLAV.png
1415,ORAN,,Oran,False,0412,https://onepiecewt100-2026.com/assets/faces-84x84/0412.png,polls/wt100_2026/1415_ORAN.png
1415,KAKU-NO SHIN,,Kakunoshin,False,1181,https://onepiecewt100-2026.com/assets/faces-84x84/1181.png,polls/wt100_2026/1415_KAKU_NO_SHIN.png
1415,CANS,,,False,0693,https://onepiecewt100-2026.com/assets/faces-84x84/0693.png,polls/wt100_2026/1415_CANS.png
1415,GINNOSUKE,,Ginnosuke,False,1153,https://onepiecewt100-2026.com/assets/faces-84x84/1153.png,polls/wt100_2026/1415_GINNOSUKE.png
1415,KINBO,,Kinbo,False,1148,https://onepiecewt100-2026.com/assets/faces-84x84/1148.png,polls/wt100_2026/1415_KINBO.png
1415,CORNELIA,,Cornelia,False,1369,https://onepiecewt100-2026.com/assets/faces-84x84/1369.png,polls/wt100_2026/1415_CORNELIA.png
1415,SARAI,,Sarai,False,1303,https://onepiecewt100-2026.com/assets/faces-84x84/1303.png,polls/wt100_2026/1415_SARAI.png
1415,SICILY,,Sicily,False,0530,https://onepiecewt100-2026.com/assets/faces-84x84/0530.png,polls/wt100_2026/1415_SICILY.png
1415,CHARLOTTE ANGEL,,Charlotte_Angel,False,1034,https://onepiecewt100-2026.com/assets/faces-84x84/1034.png,polls/wt100_2026/1415_CHARLOTTE_ANGEL.png
1415,CHARLOTTE BAVAROIS,,Charlotte_Bavarois,False,1047,https://onepiecewt100-2026.com/assets/faces-84x84/1047.png,polls/wt100_2026/1415_CHARLOTTE_BAVAROIS.png
1415,SHINE,,Shine,False,0227,https://onepiecewt100-2026.com/assets/faces-84x84/0227.png,polls/wt100_2026/1415_SHINE.png
1415,JAKI,,Jaki,False,1351,https://onepiecewt100-2026.com/assets/faces-84x84/1351.png,polls/wt100_2026/1415_JAKI.png
1415,JUGEMU JUGEMUKO,,Jugemu_Jugemuko,False,1266,https://onepiecewt100-2026.com/assets/faces-84x84/1266.png,polls/wt100_2026/1415_JUGEMU_JUGEMUKO.png
1415,SUGAMICHI,,Sugamichi_and_Warazane,True,1212,https://onepiecewt100-2026.com/assets/faces-84x84/1212.png,polls/wt100_2026/1415_SUGAMICHI.png
1415,SUKUNE,,Sukune,False,1538,https://onepiecewt100-2026.com/assets/faces-84x84/1538.png,polls/wt100_2026/1415_SUKUNE.png
1415,ZUKKA,,,False,0700,https://onepiecewt100-2026.com/assets/faces-84x84/0700.png,polls/wt100_2026/1415_ZUKKA.png
1415,DAIKON,,Daikon,False,0875,https://onepiecewt100-2026.com/assets/faces-84x84/0875.png,polls/wt100_2026/1415_DAIKON.png
1415,TANSUI,,Tansui,False,0493,https://onepiecewt100-2026.com/assets/faces-84x84/0493.png,polls/wt100_2026/1415_TANSUI.png
1415,REBAR SMOOTHY,,,False,0791,https://onepiecewt100-2026.com/assets/faces-84x84/0791.png,polls/wt100_2026/1415_REBAR_SMOOTHY.png
1415,TOMATITO,,Tomatito,False,1270,https://onepiecewt100-2026.com/assets/faces-84x84/1270.png,polls/wt100_2026/1415_TOMATITO.png
1415,NODOI WAKAN,,Nodoi_Wakan,False,1245,https://onepiecewt100-2026.com/assets/faces-84x84/1245.png,polls/wt100_2026/1415_NODOI_WAKAN.png
1415,BROCCA,,Brocca,False,0690,https://onepiecewt100-2026.com/assets/faces-84x84/0690.png,polls/wt100_2026/1415_BROCCA.png
1415,MOUTHTO MOUTHYAN,,Mouthto_Mouthyan,False,1294,https://onepiecewt100-2026.com/assets/faces-84x84/1294.png,polls/wt100_2026/1415_MOUTHTO_MOUTHYAN.png
1415,JRBAN,,,False,1304,https://onepiecewt100-2026.com/assets/faces-84x84/1304.png,polls/wt100_2026/1415_JRBAN.png
1415,YOKAN,,Yokan,False,1144,https://onepiecewt100-2026.com/assets/faces-84x84/1144.png,polls/wt100_2026/1415_YOKAN.png
1415,RAIDEEN,,Raideen,False,1028,https://onepiecewt100-2026.com/assets/faces-84x84/1028.png,polls/wt100_2026/1415_RAIDEEN.png
1415,RAKUDA,,Rakuda,False,1205,https://onepiecewt100-2026.com/assets/faces-84x84/1205.png,polls/wt100_2026/1415_RAKUDA.png
1415,REDWOLF,,Redwolf,False,1343,https://onepiecewt100-2026.com/assets/faces-84x84/1343.png,polls/wt100_2026/1415_REDWOLF.png
1415,ROLLING LOGAN,,Rolling_Logan,False,0839,https://onepiecewt100-2026.com/assets/faces-84x84/0839.png,polls/wt100_2026/1415_ROLLING_LOGAN.png
1415,WARASHI,,Warashi,True,0306,https://onepiecewt100-2026.com/assets/faces-84x84/0306.png,polls/wt100_2026/1415_WARASHI.png
1415,WARUNO FURISHIRO,,Waruno_Furishiro,False,1184,https://onepiecewt100-2026.com/assets/faces-84x84/1184.png,polls/wt100_2026/1415_WARUNO_FURISHIRO.png
1450,AGOTOGI,,Agotogi,False,0193,https://onepiecewt100-2026.com/assets/faces-84x84/0193.png,polls/wt100_2026/1450_AGOTOGI.png
1450,IWATOBI,,Iwatobi,False,0967,https://onepiecewt100-2026.com/assets/faces-84x84/0967.png,polls/wt100_2026/1450_IWATOBI.png
1450,USUNORO,,Usunoro,False,1340,https://onepiecewt100-2026.com/assets/faces-84x84/1340.png,polls/wt100_2026/1450_USUNORO.png
1450,UBAU,,Ubau,False,0324,https://onepiecewt100-2026.com/assets/faces-84x84/0324.png,polls/wt100_2026/1450_UBAU.png
1450,OIWA,,Oiwa,False,1284,https://onepiecewt100-2026.com/assets/faces-84x84/1284.png,polls/wt100_2026/1450_OIWA.png
1450,KAKU-SAN,,,False,1191,https://onepiecewt100-2026.com/assets/faces-84x84/1191.png,polls/wt100_2026/1450_KAKU_SAN.png
1450,KAZEKAGE,,Kazekage,False,1215,https://onepiecewt100-2026.com/assets/faces-84x84/1215.png,polls/wt100_2026/1450_KAZEKAGE.png
1450,KADAR,,Kadar,False,0758,https://onepiecewt100-2026.com/assets/faces-84x84/0758.png,polls/wt100_2026/1450_KADAR.png
1450,GURUTARO,,Gurutaro,False,1290,https://onepiecewt100-2026.com/assets/faces-84x84/1290.png,polls/wt100_2026/1450_GURUTARO.png
1450,CAUCASUS-MAN,,Caucasusman,False,1358,https://onepiecewt100-2026.com/assets/faces-84x84/1358.png,polls/wt100_2026/1450_CAUCASUS_MAN.png
1450,COSMOS,,Cosmos,False,0547,https://onepiecewt100-2026.com/assets/faces-84x84/0547.png,polls/wt100_2026/1450_COSMOS.png
1450,COBURN,,Coburn,False,0320,https://onepiecewt100-2026.com/assets/faces-84x84/0320.png,polls/wt100_2026/1450_COBURN.png
1450,CB GALLANT,,CB_Gallant,False,1316,https://onepiecewt100-2026.com/assets/faces-84x84/1316.png,polls/wt100_2026/1450_CB_GALLANT.png
1450,JEEP,,Jeep,False,1100,https://onepiecewt100-2026.com/assets/faces-84x84/1100.png,polls/wt100_2026/1450_JEEP.png
1450,JIBUEMON,,Jibuemon,False,1159,https://onepiecewt100-2026.com/assets/faces-84x84/1159.png,polls/wt100_2026/1450_JIBUEMON.png
1450,ZURURIN,,Zururin,False,0757,https://onepiecewt100-2026.com/assets/faces-84x84/0757.png,polls/wt100_2026/1450_ZURURIN.png
1450,SEKI,,Seki,False,1106,https://onepiecewt100-2026.com/assets/faces-84x84/1106.png,polls/wt100_2026/1450_SEKI.png
1450,CHIYA,,Chiya,False,0314,https://onepiecewt100-2026.com/assets/faces-84x84/0314.png,polls/wt100_2026/1450_CHIYA.png
1450,DOTAKU,,Dotaku,False,1183,https://onepiecewt100-2026.com/assets/faces-84x84/1183.png,polls/wt100_2026/1450_DOTAKU.png
1450,TOTTS,,Totts,False,1487,https://onepiecewt100-2026.com/assets/faces-84x84/1487.png,polls/wt100_2026/1450_TOTTS.png
1450,TOMOZO,,Tomozo,False,1289,https://onepiecewt100-2026.com/assets/faces-84x84/1289.png,polls/wt100_2026/1450_TOMOZO.png
1450,HIKKOMITSUKUMAI,,Hikkomitsukumai,False,1256,https://onepiecewt100-2026.com/assets/faces-84x84/1256.png,polls/wt100_2026/1450_HIKKOMITSUKUMAI.png
1450,BIMINE,,Bimine,False,0778,https://onepiecewt100-2026.com/assets/faces-84x84/0778.png,polls/wt100_2026/1450_BIMINE.png
1450,FINAMORE,,Finamore,False,0600,https://onepiecewt100-2026.com/assets/faces-84x84/0600.png,polls/wt100_2026/1450_FINAMORE.png
1450,BLONDIE,,Blondie,False,0674,https://onepiecewt100-2026.com/assets/faces-84x84/0674.png,polls/wt100_2026/1450_BLONDIE.png
1450,HOTEI,,Hotei,False,1250,https://onepiecewt100-2026.com/assets/faces-84x84/1250.png,polls/wt100_2026/1450_HOTEI.png
1450,MAKKO,,Makko,False,0230,https://onepiecewt100-2026.com/assets/faces-84x84/0230.png,polls/wt100_2026/1450_MAKKO.png
1450,RUSH,,Rush,False,0691,https://onepiecewt100-2026.com/assets/faces-84x84/0691.png,polls/wt100_2026/1450_RUSH.png
1450,MECHA-SHARK,,Mecha-Shark,False,1425,https://onepiecewt100-2026.com/assets/faces-84x84/1425.png,polls/wt100_2026/1450_MECHA_SHARK.png
1450,MOZAMBIA,,Mozambia,False,0260,https://onepiecewt100-2026.com/assets/faces-84x84/0260.png,polls/wt100_2026/1450_MOZAMBIA.png
1450,YAZAEMON,,Yazaemon,False,1219,https://onepiecewt100-2026.com/assets/faces-84x84/1219.png,polls/wt100_2026/1450_YAZAEMON.png
1450,REFORTE,,Reforte,False,0642,https://onepiecewt100-2026.com/assets/faces-84x84/0642.png,polls/wt100_2026/1450_REFORTE.png
1450,LINT,,,False,0416,https://onepiecewt100-2026.com/assets/faces-84x84/0416.png,polls/wt100_2026/1450_LINT.png
1450,REUDER,,,False,0616,https://onepiecewt100-2026.com/assets/faces-84x84/0616.png,polls/wt100_2026/1450_REUDER.png
1484,ISA,,Isa,False,0299,https://onepiecewt100-2026.com/assets/faces-84x84/0299.png,polls/wt100_2026/1484_ISA.png
1484,WELLINGTON,,Wellington,False,0895,https://onepiecewt100-2026.com/assets/faces-84x84/0895.png,polls/wt100_2026/1484_WELLINGTON.png
1484,HUBLOT,,Hublot,False,1370,https://onepiecewt100-2026.com/assets/faces-84x84/1370.png,polls/wt100_2026/1484_HUBLOT.png
1484,URAYA MASHIKATTA,,Uraya_Mashikatta,False,1272,https://onepiecewt100-2026.com/assets/faces-84x84/1272.png,polls/wt100_2026/1484_URAYA_MASHIKATTA.png
1484,UWATTSURA,,Uwattsura,False,1232,https://onepiecewt100-2026.com/assets/faces-84x84/1232.png,polls/wt100_2026/1484_UWATTSURA.png
1484,OHMASA,,Omasa,False,1260,https://onepiecewt100-2026.com/assets/faces-84x84/1260.png,polls/wt100_2026/1484_OHMASA.png
1484,GANRYU,,Ganryu,True,1311,https://onepiecewt100-2026.com/assets/faces-84x84/1311.png,polls/wt100_2026/1484_GANRYU.png
1484,KINGA,,Kinga,False,0696,https://onepiecewt100-2026.com/assets/faces-84x84/0696.png,polls/wt100_2026/1484_KINGA.png
1484,KUNI,,Kuni,False,1190,https://onepiecewt100-2026.com/assets/faces-84x84/1190.png,polls/wt100_2026/1484_KUNI.png
1484,KOPP,,,False,0362,https://onepiecewt100-2026.com/assets/faces-84x84/0362.png,polls/wt100_2026/1484_KOPP.png
1484,JIGRA,,Jigra,False,1010,https://onepiecewt100-2026.com/assets/faces-84x84/1010.png,polls/wt100_2026/1484_JIGRA.png
1484,JABARI,,Jabari,False,1271,https://onepiecewt100-2026.com/assets/faces-84x84/1271.png,polls/wt100_2026/1484_JABARI.png
1484,SKALDI,,Skaldi,False,1515,https://onepiecewt100-2026.com/assets/faces-84x84/1515.png,polls/wt100_2026/1484_SKALDI.png
1484,DAGO,,Dago,False,0401,https://onepiecewt100-2026.com/assets/faces-84x84/0401.png,polls/wt100_2026/1484_DAGO.png
1484,NOKOKUWA POLICE,,Nokokuwa_Police,False,1345,https://onepiecewt100-2026.com/assets/faces-84x84/1345.png,polls/wt100_2026/1484_NOKOKUWA_POLICE.png
1484,NORI-NO SUKE,,Suke,True,1295,https://onepiecewt100-2026.com/assets/faces-84x84/1295.png,polls/wt100_2026/1484_NORI_NO_SUKE.png
1484,HACCHA,,,False,1344,https://onepiecewt100-2026.com/assets/faces-84x84/1344.png,polls/wt100_2026/1484_HACCHA.png
1484,PAPANEEL,,Papaneel,False,0756,https://onepiecewt100-2026.com/assets/faces-84x84/0756.png,polls/wt100_2026/1484_PAPANEEL.png
1484,BISLEY,,Bisley,False,1357,https://onepiecewt100-2026.com/assets/faces-84x84/1357.png,polls/wt100_2026/1484_BISLEY.png
1484,PUDOS,,Pudos,False,1167,https://onepiecewt100-2026.com/assets/faces-84x84/1167.png,polls/wt100_2026/1484_PUDOS.png
1484,BULLDOG,,Bulldog,False,1489,https://onepiecewt100-2026.com/assets/faces-84x84/1489.png,polls/wt100_2026/1484_BULLDOG.png
1484,BLADE,,Blade,False,1523,https://onepiecewt100-2026.com/assets/faces-84x84/1523.png,polls/wt100_2026/1484_BLADE.png
1506,ASASHICHI,,Asashichi,False,1210,https://onepiecewt100-2026.com/assets/faces-84x84/1210.png,polls/wt100_2026/1506_ASASHICHI.png
1506,IKKAKU,,Ikkaku,True,1143,https://onepiecewt100-2026.com/assets/faces-84x84/1143.png,polls/wt100_2026/1506_IKKAKU.png
1506,YAME,,Yame,False,1149,https://onepiecewt100-2026.com/assets/faces-84x84/1149.png,polls/wt100_2026/1506_YAME.png
1506,KUMAGORO,,Kumagoro,False,1201,https://onepiecewt100-2026.com/assets/faces-84x84/1201.png,polls/wt100_2026/1506_KUMAGORO.png
1506,KOIWA,,Koiwa,False,1285,https://onepiecewt100-2026.com/assets/faces-84x84/1285.png,polls/wt100_2026/1506_KOIWA.png
1506,KOSHI FALCON,,Koshi_Falcon,False,1280,https://onepiecewt100-2026.com/assets/faces-84x84/1280.png,polls/wt100_2026/1506_KOSHI_FALCON.png
1506,COLSCON,,Colscon,False,0697,https://onepiecewt100-2026.com/assets/faces-84x84/0697.png,polls/wt100_2026/1506_COLSCON.png
1506,SARUTOBI,,Sarutobi,False,1221,https://onepiecewt100-2026.com/assets/faces-84x84/1221.png,polls/wt100_2026/1506_SARUTOBI.png
1506,ZANGIRIMARU,,Zangirimaru,False,1244,https://onepiecewt100-2026.com/assets/faces-84x84/1244.png,polls/wt100_2026/1506_ZANGIRIMARU.png
1506,SANDAYU,,Sandayu,False,1198,https://onepiecewt100-2026.com/assets/faces-84x84/1198.png,polls/wt100_2026/1506_SANDAYU.png
1506,DAIKOKU,,Daikoku,False,1214,https://onepiecewt100-2026.com/assets/faces-84x84/1214.png,polls/wt100_2026/1506_DAIKOKU.png
1506,DISCO,,Disco,False,0523,https://onepiecewt100-2026.com/assets/faces-84x84/0523.png,polls/wt100_2026/1506_DISCO.png
1506,DIDIT,,Didit,False,0658,https://onepiecewt100-2026.com/assets/faces-84x84/0658.png,polls/wt100_2026/1506_DIDIT.png
1506,TRITOBU,,Tritobu,False,1103,https://onepiecewt100-2026.com/assets/faces-84x84/1103.png,polls/wt100_2026/1506_TRITOBU.png
1506,NINTH,,Ninth,False,0673,https://onepiecewt100-2026.com/assets/faces-84x84/0673.png,polls/wt100_2026/1506_NINTH.png
1506,NAKAIWA,,Nakaiwa,False,1286,https://onepiecewt100-2026.com/assets/faces-84x84/1286.png,polls/wt100_2026/1506_NAKAIWA.png
1506,NASHI,,Nashi,False,1094,https://onepiecewt100-2026.com/assets/faces-84x84/1094.png,polls/wt100_2026/1506_NASHI.png
1506,BYRON,,Byron,False,0527,https://onepiecewt100-2026.com/assets/faces-84x84/0527.png,polls/wt100_2026/1506_BYRON.png
1506,BAGGALY,,Baggaley,False,0685,https://onepiecewt100-2026.com/assets/faces-84x84/0685.png,polls/wt100_2026/1506_BAGGALY.png
1506,HANJI,,Hanji,False,1200,https://onepiecewt100-2026.com/assets/faces-84x84/1200.png,polls/wt100_2026/1506_HANJI.png
1506,BISHAMON,,Bishamon,False,1222,https://onepiecewt100-2026.com/assets/faces-84x84/1222.png,polls/wt100_2026/1506_BISHAMON.png
1506,HEWITT,,Hewitt,False,0241,https://onepiecewt100-2026.com/assets/faces-84x84/0241.png,polls/wt100_2026/1506_HEWITT.png
1506,MARI,,Mari,False,1095,https://onepiecewt100-2026.com/assets/faces-84x84/1095.png,polls/wt100_2026/1506_MARI.png
1506,MUTI,,Muti,False,0761,https://onepiecewt100-2026.com/assets/faces-84x84/0761.png,polls/wt100_2026/1506_MUTI.png
1506,MOYLE,,Moyle,False,0307,https://onepiecewt100-2026.com/assets/faces-84x84/0307.png,polls/wt100_2026/1506_MOYLE.png
1506,RATEL,,Ratel,False,1449,https://onepiecewt100-2026.com/assets/faces-84x84/1449.png,polls/wt100_2026/1506_RATEL.png
1506,RAMPO,,Rampo,False,0850,https://onepiecewt100-2026.com/assets/faces-84x84/0850.png,polls/wt100_2026/1506_RAMPO.png
1533,AKUDAI KANZABURO,,Akudai_Kanzaburo,False,1185,https://onepiecewt100-2026.com/assets/faces-84x84/1185.png,polls/wt100_2026/1533_AKUDAI_KANZABURO.png
1533,INUKAI,,Inukai,False,1224,https://onepiecewt100-2026.com/assets/faces-84x84/1224.png,polls/wt100_2026/1533_INUKAI.png
1533,IBIRIBUTSU,,Ibiributsu,False,1186,https://onepiecewt100-2026.com/assets/faces-84x84/1186.png,polls/wt100_2026/1533_IBIRIBUTSU.png
1533,KAIRIKEN,,Kairiken,False,0501,https://onepiecewt100-2026.com/assets/faces-84x84/0501.png,polls/wt100_2026/1533_KAIRIKEN.png
1533,KAGERO,,Kagero,False,1161,https://onepiecewt100-2026.com/assets/faces-84x84/1161.png,polls/wt100_2026/1533_KAGERO.png
1533,COURAN,,Couran,False,1098,https://onepiecewt100-2026.com/assets/faces-84x84/1098.png,polls/wt100_2026/1533_COURAN.png
1533,GOROBE,,Gorobe,False,1166,https://onepiecewt100-2026.com/assets/faces-84x84/1166.png,polls/wt100_2026/1533_GOROBE.png
1533,HITCHNFRA ITCHIN,,,False,1297,https://onepiecewt100-2026.com/assets/faces-84x84/1297.png,polls/wt100_2026/1533_HITCHNFRA_ITCHIN.png
1533,JUKI,,Juki,False,1353,https://onepiecewt100-2026.com/assets/faces-84x84/1353.png,polls/wt100_2026/1533_JUKI.png
1533,SONIE,,Sonieh,False,0349,https://onepiecewt100-2026.com/assets/faces-84x84/0349.png,polls/wt100_2026/1533_SONIE.png
1533,NEOKI,,Neoki,False,1247,https://onepiecewt100-2026.com/assets/faces-84x84/1247.png,polls/wt100_2026/1533_NEOKI.png
1533,HARA,,Hara,False,1157,https://onepiecewt100-2026.com/assets/faces-84x84/1157.png,polls/wt100_2026/1533_HARA.png
1533,FUJIN,,Fujin,False,1216,https://onepiecewt100-2026.com/assets/faces-84x84/1216.png,polls/wt100_2026/1533_FUJIN.png
1533,FURRARI,,Furrari,False,1102,https://onepiecewt100-2026.com/assets/faces-84x84/1102.png,polls/wt100_2026/1533_FURRARI.png
1533,FURIKA,,Furika,False,1282,https://onepiecewt100-2026.com/assets/faces-84x84/1282.png,polls/wt100_2026/1533_FURIKA.png
1533,BUNGOH,,Bungo,False,1196,https://onepiecewt100-2026.com/assets/faces-84x84/1196.png,polls/wt100_2026/1533_BUNGOH.png
1533,MIZUIRA,,Mizuira,False,0411,https://onepiecewt100-2026.com/assets/faces-84x84/0411.png,polls/wt100_2026/1533_MIZUIRA.png
1533,COLONEL MUGREN,,Mugren,False,1546,https://onepiecewt100-2026.com/assets/faces-84x84/1546.png,polls/wt100_2026/1533_COLONEL_MUGREN.png
1533,MONJIRO,,Monjiro,False,1179,https://onepiecewt100-2026.com/assets/faces-84x84/1179.png,polls/wt100_2026/1533_MONJIRO.png
1533,ROSHU,,,False,0414,https://onepiecewt100-2026.com/assets/faces-84x84/0414.png,polls/wt100_2026/1533_ROSHU.png
1553,UKON,,Ukon,False,1177,https://onepiecewt100-2026.com/assets/faces-84x84/1177.png,polls/wt100_2026/1553_UKON.png
1553,SEA LION,,,False,0713,https://onepiecewt100-2026.com/assets/faces-84x84/0713.png,polls/wt100_2026/1553_SEA_LION.png
1553,KYUJI,,Kyuji,False,0326,https://onepiecewt100-2026.com/assets/faces-84x84/0326.png,polls/wt100_2026/1553_KYUJI.png
1553,SABER,,Saber,False,0599,https://onepiecewt100-2026.com/assets/faces-84x84/0599.png,polls/wt100_2026/1553_SABER.png
1553,DASHITEYARO,,Dashiteyaro,False,1255,https://onepiecewt100-2026.com/assets/faces-84x84/1255.png,polls/wt100_2026/1553_DASHITEYARO.png
1553,CHICHILISIA,,Chichilisia,False,1042,https://onepiecewt100-2026.com/assets/faces-84x84/1042.png,polls/wt100_2026/1553_CHICHILISIA.png
1553,BOUCHE,,,False,1044,https://onepiecewt100-2026.com/assets/faces-84x84/1044.png,polls/wt100_2026/1553_BOUCHE.png
1553,BONGOH,,Bongo,False,1197,https://onepiecewt100-2026.com/assets/faces-84x84/1197.png,polls/wt100_2026/1553_BONGOH.png
1553,YAMANBA,,Yamanba,False,1365,https://onepiecewt100-2026.com/assets/faces-84x84/1365.png,polls/wt100_2026/1553_YAMANBA.png
1553,AUNT ROJI,,Roji,False,0410,https://onepiecewt100-2026.com/assets/faces-84x84/0410.png,polls/wt100_2026/1553_AUNT_ROJI.png
1563,KAMEKICHI,,Kamekichi,False,1176,https://onepiecewt100-2026.com/assets/faces-84x84/1176.png,polls/wt100_2026/1563_KAMEKICHI.png
1563,KUROSAWA,,Kurosawa,False,1160,https://onepiecewt100-2026.com/assets/faces-84x84/1160.png,polls/wt100_2026/1563_KUROSAWA.png
1563,SPARTAN,,Spartan,False,0811,https://onepiecewt100-2026.com/assets/faces-84x84/0811.png,polls/wt100_2026/1563_SPARTAN.png
1563,TAMIKEBAO,,Tamikebao,False,1258,https://onepiecewt100-2026.com/assets/faces-84x84/1258.png,polls/wt100_2026/1563_TAMIKEBAO.png
1567,MINORUBA,,Minoruba,False,0502,https://onepiecewt100-2026.com/assets/faces-84x84/0502.png,polls/wt100_2026/1567_MINORUBA.png
